/*******************************************************************************
 * Size: 24 px
 * Bpp: 4
 * Opts: --font C:/Windows/Fonts/simhei.ttf --size 24 --bpp 4 --format lvgl --lv-font-name lv_font_zh24 --lv-include lvgl.h --no-compress -r 0x20-0x7F -r 0xB0 -r 0x73af,0x5883,0x76d1,0x6d4b,0x8282,0x70b9,0x98ce,0x6247,0x63a7,0x5236,0x6e7f,0x5ea6,0x6b63,0x5e38,0x5df2,0x5f00,0x542f,0x5df2,0x5173,0x95ed,0x8fd0,0x884c,0x4e2d,0x5df2,0x505c,0x6b62,0x504f,0x9ad8,0x72b6,0x6001,0x5f00,0x5173,0x81ea,0x52a8,0x89c4,0x5219,0x624b,0x52a8,0x8bbe,0x7f6e,0x6a21,0x5f0f,0x7b49,0x5f85,0x8fde,0x63a5,0x84dd,0x7259,0x7f51,0x7edc,0x65f6,0x95f4,0x65e5,0x671f,0x5468,0x65e5,0x5feb,0x7b3c,0x5b50,0x6e29,0x5ea6,0x542f,0x95ed,0x9ad8,0x6e7f,0x6b63,0x8fde,0x7f51,0x5468,0x671f,0x8bbe,0x5f85,0x542f,0x5173,0x95ed,0x8fd0,0x884c,0x4e2d,0x505c,0x6b62,0x504f,0x84dd,0x7259,0x7b49,0x73af,0x6d4b,0x8282,0x6e29,0x81ea,0x89c4,0x63a7,0x5907,0x6a21,0x672a,0x4e00,0x4e8c,0x4e09,0x56db,0x4e94,0x516d,0x667a,0x80fd,0x901a,0x98ce,0x5b88,0x62a4,0x5065,0x5eb7,0xb7,0x5728,0x7ebf,0x914d,0x70b9,0x51fb,0x7532,0x919b -o src/lv_font_zh24.c
 ******************************************************************************/

#ifdef LV_LVGL_H_INCLUDE_SIMPLE
#include "lvgl.h"
#else
#include "lvgl.h"
#endif

#ifndef LV_FONT_ZH24
#define LV_FONT_ZH24 1
#endif

#if LV_FONT_ZH24

/*-----------------
 *    BITMAPS
 *----------------*/

/*Store the image of the glyphs*/
static LV_ATTRIBUTE_LARGE_CONST const uint8_t glyph_bitmap[] = {
    /* U+0020 " " */

    /* U+0021 "!" */
    0x7f, 0xf1, 0x6f, 0xf0, 0x5f, 0xf0, 0x5f, 0xf0,
    0x4f, 0xe0, 0x3f, 0xd0, 0x2f, 0xc0, 0x1f, 0xb0,
    0xf, 0xa0, 0xf, 0x90, 0xf, 0x90, 0xe, 0x80,
    0x4, 0x20, 0x0, 0x0, 0x5a, 0xa1, 0x8f, 0xf2,
    0x8f, 0xf2,

    /* U+0022 "\"" */
    0xff, 0x23, 0xfe, 0xdf, 0x1, 0xfc, 0xcd, 0x0,
    0xf9, 0xcc, 0x0, 0xf8, 0x99, 0x0, 0xc6,

    /* U+0023 "#" */
    0x0, 0x3, 0xf4, 0x0, 0xad, 0x0, 0x0, 0x5,
    0xf2, 0x0, 0xcb, 0x0, 0x0, 0x7, 0xf0, 0x0,
    0xe9, 0x0, 0x0, 0x9, 0xe0, 0x0, 0xf7, 0x0,
    0x6c, 0xce, 0xfc, 0xcc, 0xfd, 0xc3, 0x8f, 0xff,
    0xff, 0xff, 0xff, 0xf4, 0x0, 0xf, 0x80, 0x6,
    0xf1, 0x0, 0x0, 0x1f, 0x60, 0x8, 0xf0, 0x0,
    0x0, 0x4f, 0x30, 0xa, 0xd0, 0x0, 0x0, 0x6f,
    0x10, 0xc, 0xb0, 0x0, 0x8f, 0xff, 0xff, 0xff,
    0xff, 0xf4, 0x6c, 0xef, 0xcc, 0xcf, 0xdc, 0xc3,
    0x0, 0xcb, 0x0, 0x2f, 0x50, 0x0, 0x0, 0xe9,
    0x0, 0x4f, 0x30, 0x0, 0x0, 0xf7, 0x0, 0x6f,
    0x10, 0x0, 0x2, 0xf5, 0x0, 0x8f, 0x0, 0x0,

    /* U+0024 "$" */
    0x0, 0x0, 0xd7, 0x0, 0x0, 0x0, 0x0, 0xd7,
    0x0, 0x0, 0x0, 0x6d, 0xff, 0xd4, 0x0, 0x8,
    0xfe, 0xfe, 0xff, 0x20, 0x2f, 0xe1, 0xd7, 0x8f,
    0xa0, 0x5f, 0x90, 0xd7, 0x1f, 0xe0, 0x5f, 0xa0,
    0xd7, 0x5, 0x40, 0x1f, 0xf5, 0xd7, 0x0, 0x0,
    0x7, 0xff, 0xf7, 0x0, 0x0, 0x0, 0x5e, 0xff,
    0x80, 0x0, 0x0, 0x0, 0xef, 0xfc, 0x10, 0x0,
    0x0, 0xd9, 0xdf, 0xb0, 0x23, 0x10, 0xd7, 0x3f,
    0xf1, 0xbf, 0x60, 0xd7, 0xe, 0xf3, 0x9f, 0x80,
    0xd7, 0xe, 0xf1, 0x5f, 0xe1, 0xd7, 0x5f, 0xd0,
    0xb, 0xfe, 0xfe, 0xff, 0x50, 0x0, 0x9e, 0xff,
    0xc4, 0x0, 0x0, 0x0, 0xd7, 0x0, 0x0, 0x0,
    0x0, 0xd7, 0x0, 0x0, 0x0, 0x0, 0x63, 0x0,
    0x0,

    /* U+0025 "%" */
    0x0, 0x0, 0x0, 0x0, 0x0, 0x0, 0x5, 0xed,
    0x30, 0x0, 0x3a, 0x0, 0x1f, 0xac, 0xd0, 0x0,
    0xa3, 0x0, 0x5f, 0x25, 0xf2, 0x2, 0xb0, 0x0,
    0x6f, 0x14, 0xf3, 0x9, 0x40, 0x0, 0x6f, 0x14,
    0xf3, 0x1c, 0x0, 0x0, 0x5f, 0x14, 0xf2, 0x76,
    0x0, 0x0, 0x2f, 0x69, 0xf0, 0xd0, 0x0, 0x0,
    0x9, 0xff, 0x66, 0x70, 0x0, 0x0, 0x0, 0x22,
    0xc, 0x18, 0xfe, 0x30, 0x0, 0x0, 0x49, 0x3f,
    0x8c, 0xd0, 0x0, 0x0, 0xb2, 0x7f, 0x6, 0xf0,
    0x0, 0x3, 0xa0, 0x8f, 0x5, 0xf2, 0x0, 0xa,
    0x30, 0x8f, 0x5, 0xf2, 0x0, 0x2b, 0x0, 0x6f,
    0x6, 0xf0, 0x0, 0x94, 0x0, 0x2f, 0x9c, 0xc0,
    0x0, 0xb0, 0x0, 0x6, 0xec, 0x20,

    /* U+0026 "&" */
    0x0, 0x3, 0xcf, 0xd5, 0x0, 0x0, 0x0, 0x2f,
    0xfb, 0xff, 0x20, 0x0, 0x0, 0x9f, 0x40, 0x5f,
    0x70, 0x0, 0x0, 0xbf, 0x10, 0x5f, 0x70, 0x0,
    0x0, 0xaf, 0x20, 0x9f, 0x40, 0x0, 0x0, 0x6f,
    0x75, 0xfb, 0x0, 0x0, 0x0, 0x1f, 0xff, 0xb0,
    0x0, 0x0, 0x0, 0x1e, 0xfa, 0x0, 0x0, 0x0,
    0x2, 0xee, 0xfe, 0x0, 0x2, 0x10, 0xd, 0xf2,
    0x9f, 0x90, 0x3f, 0x90, 0x4f, 0xa0, 0xd, 0xf6,
    0x5f, 0x80, 0x6f, 0x80, 0x2, 0xff, 0xcf, 0x40,
    0x5f, 0xb0, 0x0, 0x4f, 0xfe, 0x0, 0x1f, 0xf5,
    0x0, 0x1d, 0xff, 0x91, 0x7, 0xff, 0xcb, 0xef,
    0xbe, 0xf3, 0x0, 0x4b, 0xff, 0xc5, 0x2, 0x80,

    /* U+0027 "'" */
    0xdf, 0x4b, 0xf2, 0xaf, 0xa, 0xe0, 0x7a, 0x0,

    /* U+0028 "(" */
    0x0, 0x0, 0x2, 0x0, 0x0, 0xc, 0xe0, 0x0,
    0xa, 0xf3, 0x0, 0x5, 0xf5, 0x0, 0x1, 0xea,
    0x0, 0x0, 0x7f, 0x10, 0x0, 0xe, 0x90, 0x0,
    0x3, 0xf4, 0x0, 0x0, 0x6f, 0x0, 0x0, 0x8,
    0xe0, 0x0, 0x0, 0x8d, 0x0, 0x0, 0x8, 0xe0,
    0x0, 0x0, 0x7f, 0x0, 0x0, 0x4, 0xf2, 0x0,
    0x0, 0xf, 0x70, 0x0, 0x0, 0xad, 0x0, 0x0,
    0x3, 0xf6, 0x0, 0x0, 0x9, 0xf2, 0x0, 0x0,
    0xd, 0xd1, 0x0, 0x0, 0x2e, 0xd0, 0x0, 0x0,
    0x35, 0x0,

    /* U+0029 ")" */
    0x3, 0x0, 0x0, 0x3, 0xf8, 0x0, 0x0, 0x8,
    0xf5, 0x0, 0x0, 0xa, 0xf2, 0x0, 0x0, 0xe,
    0xb0, 0x0, 0x0, 0x5f, 0x30, 0x0, 0x0, 0xe9,
    0x0, 0x0, 0x8, 0xe0, 0x0, 0x0, 0x5f, 0x10,
    0x0, 0x3, 0xf3, 0x0, 0x0, 0x2f, 0x40, 0x0,
    0x2, 0xf3, 0x0, 0x0, 0x4f, 0x20, 0x0, 0x7,
    0xf0, 0x0, 0x0, 0xcb, 0x0, 0x0, 0x2f, 0x50,
    0x0, 0xb, 0xe0, 0x0, 0x6, 0xf5, 0x0, 0x3,
    0xf9, 0x0, 0x2, 0xfc, 0x0, 0x0, 0x7, 0x0,
    0x0, 0x0,

    /* U+002A "*" */
    0x0, 0x0, 0xe, 0xe0, 0x0, 0x0, 0x0, 0x0,
    0xe, 0xd0, 0x0, 0x0, 0xb, 0x40, 0xd, 0xd0,
    0x4, 0xb0, 0x4f, 0xfa, 0x1c, 0xc1, 0xaf, 0xf4,
    0x3, 0xbf, 0xee, 0xee, 0xfb, 0x30, 0x0, 0x3,
    0xdf, 0xfd, 0x30, 0x0, 0x0, 0x4c, 0xff, 0xff,
    0xc4, 0x0, 0x2c, 0xff, 0x7c, 0xc7, 0xff, 0xc2,
    0x2f, 0xb2, 0xd, 0xc0, 0x2b, 0xf2, 0x3, 0x0,
    0xd, 0xd0, 0x0, 0x30, 0x0, 0x0, 0xe, 0xe0,
    0x0, 0x0, 0x0, 0x0, 0xa, 0xa0, 0x0, 0x0,

    /* U+002B "+" */
    0x0, 0x0, 0x7, 0x50, 0x0, 0x0, 0x0, 0x0,
    0xf, 0xa0, 0x0, 0x0, 0x0, 0x0, 0xf, 0xa0,
    0x0, 0x0, 0x0, 0x0, 0xf, 0xa0, 0x0, 0x0,
    0x12, 0x22, 0x2f, 0xb2, 0x22, 0x20, 0x8f, 0xff,
    0xff, 0xff, 0xff, 0xf4, 0x25, 0x55, 0x5f, 0xc5,
    0x55, 0x51, 0x0, 0x0, 0xf, 0xa0, 0x0, 0x0,
    0x0, 0x0, 0xf, 0xa0, 0x0, 0x0, 0x0, 0x0,
    0xf, 0xa0, 0x0, 0x0, 0x0, 0x0, 0xf, 0xa0,
    0x0, 0x0,

    /* U+002C "," */
    0x0, 0x0, 0xf, 0xf2, 0xf, 0xf2, 0x4, 0xd0,
    0xa, 0x60, 0x7, 0x0,

    /* U+002D "-" */
    0x12, 0x22, 0x22, 0x22, 0x22, 0x20, 0x8f, 0xff,
    0xff, 0xff, 0xff, 0xf2, 0x25, 0x55, 0x55, 0x55,
    0x55, 0x50,

    /* U+002E "." */
    0x0, 0x0, 0x2f, 0xf0, 0x2f, 0xf0,

    /* U+002F "/" */
    0x0, 0x0, 0x0, 0x0, 0x0, 0x20, 0x0, 0x0,
    0x0, 0x0, 0x3, 0xf1, 0x0, 0x0, 0x0, 0x0,
    0xc, 0x70, 0x0, 0x0, 0x0, 0x0, 0x5e, 0x0,
    0x0, 0x0, 0x0, 0x0, 0xd5, 0x0, 0x0, 0x0,
    0x0, 0x7, 0xc0, 0x0, 0x0, 0x0, 0x0, 0x1f,
    0x30, 0x0, 0x0, 0x0, 0x0, 0x9a, 0x0, 0x0,
    0x0, 0x0, 0x2, 0xf1, 0x0, 0x0, 0x0, 0x0,
    0xb, 0x80, 0x0, 0x0, 0x0, 0x0, 0x4e, 0x0,
    0x0, 0x0, 0x0, 0x0, 0xd5, 0x0, 0x0, 0x0,
    0x0, 0x7, 0xc0, 0x0, 0x0, 0x0, 0x0, 0x1e,
    0x30, 0x0, 0x0, 0x0, 0x0, 0x9a, 0x0, 0x0,
    0x0, 0x0, 0x2, 0xf2, 0x0, 0x0, 0x0, 0x0,
    0xb, 0x80, 0x0, 0x0, 0x0, 0x0, 0x4e, 0x0,
    0x0, 0x0, 0x0, 0x0, 0x24, 0x0, 0x0, 0x0,
    0x0, 0x0,

    /* U+0030 "0" */
    0x0, 0x3, 0xbe, 0xfa, 0x10, 0x0, 0x4, 0xff,
    0xdd, 0xfe, 0x10, 0x1, 0xef, 0x60, 0x7, 0xfa,
    0x0, 0x8f, 0xa0, 0x0, 0xd, 0xf1, 0xd, 0xf3,
    0x0, 0x0, 0x7f, 0x60, 0xff, 0x0, 0x0, 0x4,
    0xf9, 0x1f, 0xd0, 0x0, 0x0, 0x2f, 0xb2, 0xfc,
    0x0, 0x0, 0x1, 0xfb, 0x2f, 0xb0, 0x0, 0x0,
    0x1f, 0xb2, 0xfc, 0x0, 0x0, 0x2, 0xfb, 0xf,
    0xe0, 0x0, 0x0, 0x3f, 0x90, 0xdf, 0x10, 0x0,
    0x6, 0xf7, 0x8, 0xf7, 0x0, 0x0, 0xbf, 0x30,
    0x2f, 0xf2, 0x0, 0x4f, 0xd0, 0x0, 0x7f, 0xf9,
    0xaf, 0xf3, 0x0, 0x0, 0x6e, 0xff, 0xe4, 0x0,
    0x0, 0x0, 0x3, 0x30, 0x0, 0x0,

    /* U+0031 "1" */
    0x0, 0x6, 0xf2, 0x0, 0x4f, 0xf2, 0x5, 0xff,
    0xf2, 0x8f, 0xcd, 0xf2, 0xd9, 0xc, 0xf2, 0x20,
    0xc, 0xf2, 0x0, 0xc, 0xf2, 0x0, 0xc, 0xf2,
    0x0, 0xc, 0xf2, 0x0, 0xc, 0xf2, 0x0, 0xc,
    0xf2, 0x0, 0xc, 0xf2, 0x0, 0xc, 0xf2, 0x0,
    0xc, 0xf2, 0x0, 0xc, 0xf2, 0x0, 0xc, 0xf2,

    /* U+0032 "2" */
    0x0, 0x0, 0x0, 0x0, 0x0, 0x0, 0x0, 0x7d,
    0xff, 0xd5, 0x0, 0x0, 0xcf, 0xfc, 0xcf, 0xf7,
    0x0, 0x8f, 0xc2, 0x0, 0x4f, 0xf1, 0xf, 0xe1,
    0x0, 0x0, 0xbf, 0x50, 0x33, 0x0, 0x0, 0xa,
    0xf5, 0x0, 0x0, 0x0, 0x0, 0xef, 0x20, 0x0,
    0x0, 0x0, 0x5f, 0xc0, 0x0, 0x0, 0x0, 0xd,
    0xf4, 0x0, 0x0, 0x0, 0x9, 0xf9, 0x0, 0x0,
    0x0, 0x6, 0xfd, 0x0, 0x0, 0x0, 0x3, 0xff,
    0x20, 0x0, 0x0, 0x1, 0xef, 0x40, 0x0, 0x0,
    0x1, 0xdf, 0x60, 0x0, 0x0, 0x1, 0xdf, 0x90,
    0x0, 0x0, 0x0, 0x9f, 0xfa, 0xaa, 0xaa, 0xa6,
    0xd, 0xff, 0xff, 0xff, 0xff, 0x90,

    /* U+0033 "3" */
    0x0, 0x0, 0x2, 0x20, 0x0, 0x0, 0x0, 0x7e,
    0xff, 0xf9, 0x0, 0x0, 0x9f, 0xc7, 0x7e, 0xfb,
    0x0, 0x3f, 0xb0, 0x0, 0x1e, 0xf2, 0xa, 0xf1,
    0x0, 0x0, 0x9f, 0x50, 0x1, 0x0, 0x0, 0xa,
    0xf3, 0x0, 0x0, 0x0, 0x2, 0xfe, 0x0, 0x0,
    0x0, 0x48, 0xef, 0x30, 0x0, 0x0, 0x3f, 0xff,
    0x70, 0x0, 0x0, 0x0, 0x27, 0xef, 0x90, 0x0,
    0x0, 0x0, 0x1, 0xef, 0x30, 0x0, 0x0, 0x0,
    0x8, 0xf8, 0x5, 0x50, 0x0, 0x0, 0x6f, 0x80,
    0xdf, 0x20, 0x0, 0xa, 0xf6, 0x7, 0xfd, 0x20,
    0x5, 0xff, 0x10, 0xb, 0xff, 0xdd, 0xff, 0x50,
    0x0, 0x7, 0xdf, 0xea, 0x20, 0x0,

    /* U+0034 "4" */
    0x0, 0x0, 0x0, 0x7, 0xf4, 0x0, 0x0, 0x0,
    0x0, 0x2f, 0xf4, 0x0, 0x0, 0x0, 0x0, 0xdf,
    0xf4, 0x0, 0x0, 0x0, 0x8, 0xfe, 0xf4, 0x0,
    0x0, 0x0, 0x3f, 0xd8, 0xf4, 0x0, 0x0, 0x0,
    0xdf, 0x28, 0xf4, 0x0, 0x0, 0x9, 0xf6, 0x8,
    0xf4, 0x0, 0x0, 0x4f, 0xb0, 0x8, 0xf4, 0x0,
    0x1, 0xee, 0x10, 0x8, 0xf4, 0x0, 0xa, 0xf5,
    0x0, 0x8, 0xf4, 0x0, 0x6f, 0x90, 0x0, 0x8,
    0xf4, 0x0, 0xbf, 0xff, 0xff, 0xff, 0xff, 0xf8,
    0x69, 0x99, 0x99, 0x9c, 0xfb, 0x94, 0x0, 0x0,
    0x0, 0x8, 0xf4, 0x0, 0x0, 0x0, 0x0, 0x8,
    0xf4, 0x0, 0x0, 0x0, 0x0, 0x8, 0xf4, 0x0,

    /* U+0035 "5" */
    0x0, 0x7f, 0xff, 0xff, 0xff, 0x0, 0xb, 0xfa,
    0xaa, 0xaa, 0xa0, 0x0, 0xed, 0x0, 0x0, 0x0,
    0x0, 0x2f, 0xa0, 0x0, 0x0, 0x0, 0x5, 0xf6,
    0x0, 0x0, 0x0, 0x0, 0x9f, 0xad, 0xfe, 0xa3,
    0x0, 0xc, 0xff, 0xdb, 0xdf, 0xf5, 0x0, 0xfe,
    0x30, 0x0, 0x7f, 0xe0, 0x0, 0x0, 0x0, 0x0,
    0xbf, 0x60, 0x0, 0x0, 0x0, 0x6, 0xf9, 0x0,
    0x0, 0x0, 0x0, 0x5f, 0xa3, 0x82, 0x0, 0x0,
    0x8, 0xf8, 0x6f, 0x80, 0x0, 0x0, 0xdf, 0x41,
    0xff, 0x50, 0x1, 0xbf, 0xc0, 0x6, 0xff, 0xee,
    0xff, 0xd2, 0x0, 0x4, 0xbf, 0xfc, 0x70, 0x0,

    /* U+0036 "6" */
    0x0, 0x0, 0x0, 0xcf, 0x60, 0x0, 0x0, 0x0,
    0x6, 0xfb, 0x0, 0x0, 0x0, 0x0, 0x2f, 0xf2,
    0x0, 0x0, 0x0, 0x0, 0xbf, 0x60, 0x0, 0x0,
    0x0, 0x6, 0xfc, 0x0, 0x0, 0x0, 0x0, 0x1f,
    0xf4, 0x32, 0x0, 0x0, 0x0, 0xaf, 0xff, 0xff,
    0xe4, 0x0, 0x3, 0xff, 0xb5, 0x59, 0xff, 0x50,
    0xa, 0xfa, 0x0, 0x0, 0x3f, 0xe0, 0xf, 0xf2,
    0x0, 0x0, 0xc, 0xf4, 0xf, 0xf0, 0x0, 0x0,
    0xa, 0xf5, 0xf, 0xf0, 0x0, 0x0, 0xb, 0xf5,
    0xc, 0xf4, 0x0, 0x0, 0xe, 0xf1, 0x6, 0xfd,
    0x20, 0x1, 0xaf, 0xa0, 0x0, 0xaf, 0xfc, 0xbe,
    0xfe, 0x10, 0x0, 0x5, 0xbe, 0xfd, 0x91, 0x0,

    /* U+0037 "7" */
    0xff, 0xff, 0xff, 0xff, 0xff, 0x1a, 0xaa, 0xaa,
    0xaa, 0xaf, 0xf0, 0x0, 0x0, 0x0, 0x5, 0xf8,
    0x0, 0x0, 0x0, 0x0, 0xee, 0x0, 0x0, 0x0,
    0x0, 0x7f, 0x60, 0x0, 0x0, 0x0, 0xe, 0xe0,
    0x0, 0x0, 0x0, 0x7, 0xf7, 0x0, 0x0, 0x0,
    0x0, 0xee, 0x0, 0x0, 0x0, 0x0, 0x5f, 0x80,
    0x0, 0x0, 0x0, 0xc, 0xf2, 0x0, 0x0, 0x0,
    0x1, 0xfc, 0x0, 0x0, 0x0, 0x0, 0x7f, 0x70,
    0x0, 0x0, 0x0, 0xd, 0xf1, 0x0, 0x0, 0x0,
    0x1, 0xfd, 0x0, 0x0, 0x0, 0x0, 0x6f, 0x90,
    0x0, 0x0, 0x0, 0xa, 0xf5, 0x0, 0x0, 0x0,

    /* U+0038 "8" */
    0x0, 0x19, 0xdf, 0xeb, 0x40, 0x0, 0x1d, 0xfc,
    0xbc, 0xff, 0x60, 0x8, 0xf6, 0x0, 0x3, 0xff,
    0x10, 0xcf, 0x0, 0x0, 0xb, 0xf3, 0xc, 0xf0,
    0x0, 0x0, 0xbf, 0x20, 0x8f, 0x80, 0x0, 0x3f,
    0xe0, 0x1, 0xdf, 0xb8, 0xaf, 0xf4, 0x0, 0x5,
    0xff, 0xff, 0xf6, 0x0, 0x5, 0xfe, 0x62, 0x4a,
    0xfb, 0x0, 0xee, 0x10, 0x0, 0x9, 0xf6, 0x4f,
    0xa0, 0x0, 0x0, 0x2f, 0xb4, 0xf9, 0x0, 0x0,
    0x3, 0xfc, 0x3f, 0xd0, 0x0, 0x0, 0x8f, 0xa0,
    0xff, 0xa3, 0x12, 0x8f, 0xf4, 0x6, 0xff, 0xff,
    0xff, 0xfa, 0x0, 0x3, 0xae, 0xff, 0xc7, 0x0,

    /* U+0039 "9" */
    0x0, 0x18, 0xdf, 0xea, 0x20, 0x0, 0x2e, 0xff,
    0xdf, 0xff, 0x40, 0xc, 0xfb, 0x10, 0x9, 0xff,
    0x13, 0xfe, 0x0, 0x0, 0xc, 0xf6, 0x7f, 0x90,
    0x0, 0x0, 0x8f, 0x98, 0xf7, 0x0, 0x0, 0x9,
    0xf7, 0x6f, 0xa0, 0x0, 0x0, 0xcf, 0x42, 0xff,
    0x30, 0x0, 0x6f, 0xe0, 0x7, 0xff, 0x97, 0xaf,
    0xf7, 0x0, 0x5, 0xcf, 0xff, 0xfe, 0x0, 0x0,
    0x0, 0x0, 0xef, 0x50, 0x0, 0x0, 0x0, 0x7f,
    0xc0, 0x0, 0x0, 0x0, 0xe, 0xf2, 0x0, 0x0,
    0x0, 0x8, 0xf9, 0x0, 0x0, 0x0, 0x2, 0xfe,
    0x0, 0x0, 0x0, 0x0, 0xbf, 0x50, 0x0, 0x0,

    /* U+003A ":" */
    0x5f, 0xd5, 0xfd, 0x0, 0x0, 0x0, 0x0, 0x0,
    0x0, 0x0, 0x0, 0x0, 0x0, 0x5, 0xfd, 0x5f,
    0xd0,

    /* U+003B ";" */
    0x5f, 0xd5, 0xfd, 0x0, 0x0, 0x0, 0x0, 0x0,
    0x0, 0x0, 0x0, 0x0, 0x0, 0x5, 0xfd, 0x5f,
    0xd0, 0x99, 0xe, 0x21, 0x50,

    /* U+003C "<" */
    0x0, 0x0, 0x0, 0x0, 0x4, 0x70, 0x0, 0x0,
    0x0, 0x0, 0x5f, 0x90, 0x0, 0x0, 0x0, 0x7,
    0xf8, 0x0, 0x0, 0x0, 0x0, 0x8f, 0x60, 0x0,
    0x0, 0x0, 0x9, 0xf5, 0x0, 0x0, 0x0, 0x0,
    0xbe, 0x30, 0x0, 0x0, 0x0, 0x1c, 0xe2, 0x0,
    0x0, 0x0, 0x1, 0xdd, 0x10, 0x0, 0x0, 0x0,
    0xe, 0xe1, 0x0, 0x0, 0x0, 0x0, 0x5, 0xf8,
    0x0, 0x0, 0x0, 0x0, 0x0, 0x4f, 0xa0, 0x0,
    0x0, 0x0, 0x0, 0x2, 0xec, 0x10, 0x0, 0x0,
    0x0, 0x0, 0x1d, 0xd2, 0x0, 0x0, 0x0, 0x0,
    0x1, 0xce, 0x30, 0x0, 0x0, 0x0, 0x0, 0xa,
    0xf4, 0x0, 0x0, 0x0, 0x0, 0x0, 0x9f, 0x60,
    0x0, 0x0, 0x0, 0x0, 0x7, 0xb0, 0x0, 0x0,
    0x0, 0x0, 0x0, 0x0,

    /* U+003D "=" */
    0x12, 0x22, 0x22, 0x22, 0x22, 0x20, 0x8f, 0xff,
    0xff, 0xff, 0xff, 0xf2, 0x25, 0x55, 0x55, 0x55,
    0x55, 0x50, 0x0, 0x0, 0x0, 0x0, 0x0, 0x0,
    0x0, 0x0, 0x0, 0x0, 0x0, 0x0, 0x0, 0x0,
    0x0, 0x0, 0x0, 0x0, 0x12, 0x22, 0x22, 0x22,
    0x22, 0x20, 0x8f, 0xff, 0xff, 0xff, 0xff, 0xf2,
    0x25, 0x55, 0x55, 0x55, 0x55, 0x50,

    /* U+003E ">" */
    0x8, 0x20, 0x0, 0x0, 0x0, 0x0, 0xb, 0xe3,
    0x0, 0x0, 0x0, 0x0, 0x0, 0xaf, 0x40, 0x0,
    0x0, 0x0, 0x0, 0x9, 0xf5, 0x0, 0x0, 0x0,
    0x0, 0x0, 0x7f, 0x70, 0x0, 0x0, 0x0, 0x0,
    0x5, 0xf8, 0x0, 0x0, 0x0, 0x0, 0x0, 0x4f,
    0xa0, 0x0, 0x0, 0x0, 0x0, 0x3, 0xeb, 0x0,
    0x0, 0x0, 0x0, 0x0, 0x2f, 0xb0, 0x0, 0x0,
    0x0, 0x0, 0xbe, 0x30, 0x0, 0x0, 0x0, 0x1c,
    0xd2, 0x0, 0x0, 0x0, 0x2, 0xdc, 0x10, 0x0,
    0x0, 0x0, 0x3e, 0xb0, 0x0, 0x0, 0x0, 0x5,
    0xf9, 0x0, 0x0, 0x0, 0x0, 0x7f, 0x80, 0x0,
    0x0, 0x0, 0x9, 0xf6, 0x0, 0x0, 0x0, 0x0,
    0xc, 0x40, 0x0, 0x0, 0x0, 0x0, 0x0, 0x0,
    0x0, 0x0, 0x0, 0x0,

    /* U+003F "?" */
    0x0, 0x6c, 0xff, 0xb4, 0x0, 0x9, 0xff, 0xde,
    0xff, 0x50, 0x3f, 0xf3, 0x0, 0x9f, 0xe0, 0x8f,
    0x90, 0x0, 0x1f, 0xf2, 0xbf, 0x70, 0x0, 0x1f,
    0xf2, 0x1, 0x0, 0x0, 0x5f, 0xe0, 0x0, 0x0,
    0x1, 0xef, 0x70, 0x0, 0x0, 0x1d, 0xfa, 0x0,
    0x0, 0x0, 0xbf, 0x90, 0x0, 0x0, 0x1, 0xfd,
    0x0, 0x0, 0x0, 0x3, 0xf7, 0x0, 0x0, 0x0,
    0x0, 0x10, 0x0, 0x0, 0x0, 0x0, 0x0, 0x0,
    0x0, 0x0, 0x1, 0x32, 0x0, 0x0, 0x0, 0x6,
    0xfa, 0x0, 0x0, 0x0, 0x6, 0xfa, 0x0, 0x0,

    /* U+0040 "@" */
    0x0, 0x1, 0x9c, 0xbc, 0x70, 0x0, 0x0, 0x3c,
    0x40, 0x0, 0x8a, 0x0, 0x1, 0xd1, 0x0, 0x0,
    0xa, 0x50, 0x9, 0x50, 0x9, 0xd8, 0xe2, 0xc0,
    0xe, 0x0, 0xac, 0x2c, 0xd0, 0xd0, 0x3a, 0x5,
    0xf2, 0xb, 0xa0, 0xb3, 0x68, 0xd, 0xa0, 0xe,
    0x60, 0xb3, 0x77, 0x2f, 0x50, 0x2f, 0x30, 0xc3,
    0x86, 0x5f, 0x30, 0x5f, 0x0, 0xd1, 0x77, 0x5f,
    0x20, 0x8d, 0x1, 0xe0, 0x59, 0x2f, 0x82, 0xed,
    0x19, 0x80, 0x2c, 0x9, 0xff, 0x7f, 0xfb, 0x0,
    0xd, 0x10, 0x21, 0x1, 0x20, 0x0, 0x5, 0xa0,
    0x0, 0x0, 0x2, 0x0, 0x0, 0x8a, 0x10, 0x1,
    0xb4, 0x0, 0x0, 0x4, 0xbb, 0xbb, 0x30, 0x0,

    /* U+0041 "A" */
    0x0, 0x0, 0x2f, 0xf0, 0x0, 0x0, 0x0, 0x0,
    0x7f, 0xf4, 0x0, 0x0, 0x0, 0x0, 0xcf, 0xf9,
    0x0, 0x0, 0x0, 0x1, 0xfe, 0xfd, 0x0, 0x0,
    0x0, 0x5, 0xf9, 0xcf, 0x20, 0x0, 0x0, 0xa,
    0xf5, 0x8f, 0x70, 0x0, 0x0, 0xe, 0xf1, 0x3f,
    0xb0, 0x0, 0x0, 0x3f, 0xc0, 0xf, 0xf0, 0x0,
    0x0, 0x8f, 0x80, 0xb, 0xf5, 0x0, 0x0, 0xdf,
    0xdc, 0xce, 0xf9, 0x0, 0x1, 0xff, 0xff, 0xff,
    0xfe, 0x0, 0x6, 0xfb, 0x0, 0x0, 0xef, 0x30,
    0xb, 0xf7, 0x0, 0x0, 0xaf, 0x80, 0xf, 0xf2,
    0x0, 0x0, 0x6f, 0xc0, 0x4f, 0xe0, 0x0, 0x0,
    0x1f, 0xf1, 0x9f, 0xa0, 0x0, 0x0, 0xd, 0xf6,

    /* U+0042 "B" */
    0xff, 0xff, 0xff, 0xc6, 0x0, 0xf, 0xfc, 0xcc,
    0xdf, 0xf9, 0x0, 0xff, 0x30, 0x0, 0x3f, 0xf3,
    0xf, 0xf3, 0x0, 0x0, 0xaf, 0x80, 0xff, 0x30,
    0x0, 0x9, 0xf8, 0xf, 0xf3, 0x0, 0x0, 0xcf,
    0x60, 0xff, 0x30, 0x1, 0x9f, 0xe0, 0xf, 0xff,
    0xff, 0xff, 0xc2, 0x0, 0xff, 0xcc, 0xcd, 0xfe,
    0x60, 0xf, 0xf3, 0x0, 0x3, 0xef, 0x70, 0xff,
    0x30, 0x0, 0x5, 0xfe, 0xf, 0xf3, 0x0, 0x0,
    0x3f, 0xf0, 0xff, 0x30, 0x0, 0x6, 0xff, 0xf,
    0xf3, 0x0, 0x3, 0xef, 0xb0, 0xff, 0xcc, 0xcd,
    0xff, 0xe2, 0xf, 0xff, 0xff, 0xec, 0x71, 0x0,

    /* U+0043 "C" */
    0x0, 0x1, 0x9e, 0xfd, 0x70, 0x0, 0x0, 0x2e,
    0xfe, 0xcf, 0xfb, 0x0, 0x0, 0xdf, 0x90, 0x1,
    0xdf, 0x60, 0x5, 0xfd, 0x0, 0x0, 0x5f, 0xd0,
    0xa, 0xf8, 0x0, 0x0, 0x1f, 0xf0, 0xe, 0xf4,
    0x0, 0x0, 0xc, 0xc0, 0xf, 0xf2, 0x0, 0x0,
    0x0, 0x0, 0x1f, 0xf1, 0x0, 0x0, 0x0, 0x0,
    0x2f, 0xf1, 0x0, 0x0, 0x0, 0x0, 0x1f, 0xf2,
    0x0, 0x0, 0x6, 0x60, 0xf, 0xf3, 0x0, 0x0,
    0xf, 0xf1, 0xd, 0xf6, 0x0, 0x0, 0x2f, 0xf0,
    0x8, 0xfc, 0x0, 0x0, 0x6f, 0xb0, 0x1, 0xff,
    0x80, 0x3, 0xef, 0x50, 0x0, 0x4f, 0xfe, 0xdf,
    0xfa, 0x0, 0x0, 0x2, 0xae, 0xfd, 0x60, 0x0,

    /* U+0044 "D" */
    0xff, 0xff, 0xeb, 0x60, 0x0, 0xff, 0xcc, 0xef,
    0xfc, 0x10, 0xff, 0x30, 0x4, 0xef, 0xb0, 0xff,
    0x30, 0x0, 0x3f, 0xf3, 0xff, 0x30, 0x0, 0xc,
    0xf9, 0xff, 0x30, 0x0, 0x8, 0xfc, 0xff, 0x30,
    0x0, 0x5, 0xfe, 0xff, 0x30, 0x0, 0x4, 0xff,
    0xff, 0x30, 0x0, 0x4, 0xff, 0xff, 0x30, 0x0,
    0x5, 0xfe, 0xff, 0x30, 0x0, 0x7, 0xfc, 0xff,
    0x30, 0x0, 0xb, 0xf8, 0xff, 0x30, 0x0, 0x2f,
    0xf3, 0xff, 0x30, 0x4, 0xef, 0xa0, 0xff, 0xcc,
    0xef, 0xfb, 0x0, 0xff, 0xff, 0xea, 0x40, 0x0,

    /* U+0045 "E" */
    0xbf, 0xff, 0xff, 0xff, 0xf6, 0xbf, 0xdc, 0xcc,
    0xcc, 0xc4, 0xbf, 0x70, 0x0, 0x0, 0x0, 0xbf,
    0x70, 0x0, 0x0, 0x0, 0xbf, 0x70, 0x0, 0x0,
    0x0, 0xbf, 0x70, 0x0, 0x0, 0x0, 0xbf, 0x70,
    0x0, 0x0, 0x0, 0xbf, 0xff, 0xff, 0xff, 0xd0,
    0xbf, 0xdc, 0xcc, 0xcc, 0xa0, 0xbf, 0x70, 0x0,
    0x0, 0x0, 0xbf, 0x70, 0x0, 0x0, 0x0, 0xbf,
    0x70, 0x0, 0x0, 0x0, 0xbf, 0x70, 0x0, 0x0,
    0x0, 0xbf, 0x70, 0x0, 0x0, 0x0, 0xbf, 0xdc,
    0xcc, 0xcc, 0xca, 0xbf, 0xff, 0xff, 0xff, 0xfe,

    /* U+0046 "F" */
    0xef, 0xff, 0xff, 0xff, 0xff, 0xef, 0xdc, 0xcc,
    0xcc, 0xcb, 0xef, 0x40, 0x0, 0x0, 0x0, 0xef,
    0x40, 0x0, 0x0, 0x0, 0xef, 0x40, 0x0, 0x0,
    0x0, 0xef, 0x40, 0x0, 0x0, 0x0, 0xef, 0x40,
    0x0, 0x0, 0x0, 0xef, 0xdc, 0xcc, 0xcc, 0x10,
    0xef, 0xff, 0xff, 0xff, 0x10, 0xef, 0x40, 0x0,
    0x0, 0x0, 0xef, 0x40, 0x0, 0x0, 0x0, 0xef,
    0x40, 0x0, 0x0, 0x0, 0xef, 0x40, 0x0, 0x0,
    0x0, 0xef, 0x40, 0x0, 0x0, 0x0, 0xef, 0x40,
    0x0, 0x0, 0x0, 0xef, 0x40, 0x0, 0x0, 0x0,

    /* U+0047 "G" */
    0x0, 0x3, 0xbe, 0xfc, 0x40, 0x0, 0x4, 0xff,
    0xdd, 0xff, 0x60, 0x0, 0xef, 0x60, 0x4, 0xff,
    0x10, 0x6f, 0xc0, 0x0, 0xb, 0xf6, 0xb, 0xf7,
    0x0, 0x0, 0x7f, 0x90, 0xef, 0x40, 0x0, 0x3,
    0x96, 0xf, 0xf2, 0x0, 0x0, 0x0, 0x1, 0xff,
    0x10, 0x0, 0x0, 0x0, 0x2f, 0xf1, 0x1, 0xff,
    0xff, 0xb1, 0xff, 0x20, 0x1c, 0xcc, 0xfb, 0xf,
    0xf3, 0x0, 0x0, 0x3f, 0xb0, 0xdf, 0x60, 0x0,
    0x4, 0xfb, 0x8, 0xfc, 0x0, 0x0, 0x7f, 0xb0,
    0x2f, 0xf8, 0x0, 0x2e, 0xfb, 0x0, 0x5f, 0xfe,
    0xdf, 0xff, 0xb0, 0x0, 0x3b, 0xff, 0xa2, 0xfb,

    /* U+0048 "H" */
    0xff, 0x30, 0x0, 0x7, 0xfb, 0xff, 0x30, 0x0,
    0x7, 0xfb, 0xff, 0x30, 0x0, 0x7, 0xfb, 0xff,
    0x30, 0x0, 0x7, 0xfb, 0xff, 0x30, 0x0, 0x7,
    0xfb, 0xff, 0x30, 0x0, 0x7, 0xfb, 0xff, 0x30,
    0x0, 0x7, 0xfb, 0xff, 0xff, 0xff, 0xff, 0xfb,
    0xff, 0xcc, 0xcc, 0xcd, 0xfb, 0xff, 0x30, 0x0,
    0x7, 0xfb, 0xff, 0x30, 0x0, 0x7, 0xfb, 0xff,
    0x30, 0x0, 0x7, 0xfb, 0xff, 0x30, 0x0, 0x7,
    0xfb, 0xff, 0x30, 0x0, 0x7, 0xfb, 0xff, 0x30,
    0x0, 0x7, 0xfb, 0xff, 0x30, 0x0, 0x7, 0xfb,

    /* U+0049 "I" */
    0x3f, 0xf3, 0xff, 0x3f, 0xf3, 0xff, 0x3f, 0xf3,
    0xff, 0x3f, 0xf3, 0xff, 0x3f, 0xf3, 0xff, 0x3f,
    0xf3, 0xff, 0x3f, 0xf3, 0xff, 0x3f, 0xf3, 0xff,

    /* U+004A "J" */
    0x0, 0x0, 0x0, 0xa, 0xf8, 0x0, 0x0, 0x0,
    0xa, 0xf8, 0x0, 0x0, 0x0, 0xa, 0xf8, 0x0,
    0x0, 0x0, 0xa, 0xf8, 0x0, 0x0, 0x0, 0xa,
    0xf8, 0x0, 0x0, 0x0, 0xa, 0xf8, 0x0, 0x0,
    0x0, 0xa, 0xf8, 0x0, 0x0, 0x0, 0xa, 0xf8,
    0x0, 0x0, 0x0, 0xa, 0xf8, 0x34, 0x10, 0x0,
    0xa, 0xf8, 0xcf, 0x60, 0x0, 0xa, 0xf7, 0xbf,
    0x60, 0x0, 0xb, 0xf7, 0x9f, 0xa0, 0x0, 0xe,
    0xf4, 0x4f, 0xf5, 0x1, 0x9f, 0xf0, 0xa, 0xff,
    0xff, 0xff, 0x60, 0x0, 0x6d, 0xff, 0xb4, 0x0,

    /* U+004B "K" */
    0xff, 0x30, 0x0, 0xd, 0xfa, 0xf, 0xf3, 0x0,
    0xa, 0xfd, 0x0, 0xff, 0x30, 0x6, 0xfe, 0x20,
    0xf, 0xf3, 0x3, 0xff, 0x40, 0x0, 0xff, 0x31,
    0xdf, 0x70, 0x0, 0xf, 0xf3, 0xbf, 0xb0, 0x0,
    0x0, 0xff, 0xaf, 0xf4, 0x0, 0x0, 0xf, 0xff,
    0xff, 0xc0, 0x0, 0x0, 0xff, 0xf7, 0xff, 0x50,
    0x0, 0xf, 0xf9, 0x8, 0xfd, 0x0, 0x0, 0xff,
    0x30, 0xe, 0xf6, 0x0, 0xf, 0xf3, 0x0, 0x7f,
    0xe0, 0x0, 0xff, 0x30, 0x0, 0xdf, 0x80, 0xf,
    0xf3, 0x0, 0x5, 0xff, 0x10, 0xff, 0x30, 0x0,
    0xc, 0xf9, 0xf, 0xf3, 0x0, 0x0, 0x4f, 0xf2,

    /* U+004C "L" */
    0xef, 0x40, 0x0, 0x0, 0x0, 0xef, 0x40, 0x0,
    0x0, 0x0, 0xef, 0x40, 0x0, 0x0, 0x0, 0xef,
    0x40, 0x0, 0x0, 0x0, 0xef, 0x40, 0x0, 0x0,
    0x0, 0xef, 0x40, 0x0, 0x0, 0x0, 0xef, 0x40,
    0x0, 0x0, 0x0, 0xef, 0x40, 0x0, 0x0, 0x0,
    0xef, 0x40, 0x0, 0x0, 0x0, 0xef, 0x40, 0x0,
    0x0, 0x0, 0xef, 0x40, 0x0, 0x0, 0x0, 0xef,
    0x40, 0x0, 0x0, 0x0, 0xef, 0x40, 0x0, 0x0,
    0x0, 0xef, 0x40, 0x0, 0x0, 0x0, 0xef, 0xdc,
    0xcc, 0xcc, 0xca, 0xef, 0xff, 0xff, 0xff, 0xfe,

    /* U+004D "M" */
    0x2f, 0xfd, 0x0, 0x0, 0xff, 0xf2, 0xff, 0xf0,
    0x0, 0x3f, 0xff, 0x2f, 0xff, 0x30, 0x6, 0xff,
    0xf2, 0xff, 0xf6, 0x0, 0x9f, 0xff, 0x2f, 0xef,
    0x90, 0xd, 0xef, 0xf2, 0xfb, 0xed, 0x0, 0xfb,
    0xef, 0x2f, 0xbb, 0xf0, 0x3f, 0x8e, 0xf2, 0xfb,
    0x8f, 0x36, 0xf5, 0xef, 0x2f, 0xb5, 0xf6, 0x9f,
    0x2e, 0xf2, 0xfb, 0x1f, 0x9c, 0xe0, 0xef, 0x2f,
    0xb0, 0xed, 0xfb, 0xe, 0xf2, 0xfb, 0xb, 0xff,
    0x80, 0xef, 0x2f, 0xb0, 0x8f, 0xf5, 0xe, 0xf2,
    0xfb, 0x5, 0xff, 0x20, 0xef, 0x2f, 0xb0, 0x2f,
    0xf0, 0xe, 0xf2, 0xfb, 0x0, 0xfc, 0x0, 0xef,

    /* U+004E "N" */
    0x1f, 0xf8, 0x0, 0x0, 0x7f, 0xb1, 0xff, 0xe0,
    0x0, 0x7, 0xfb, 0x1f, 0xff, 0x60, 0x0, 0x7f,
    0xb1, 0xff, 0xfd, 0x0, 0x7, 0xfb, 0x1f, 0xfd,
    0xf4, 0x0, 0x7f, 0xb1, 0xff, 0x6f, 0xb0, 0x7,
    0xfb, 0x1f, 0xf1, 0xdf, 0x20, 0x7f, 0xb1, 0xff,
    0x16, 0xf9, 0x7, 0xfb, 0x1f, 0xf1, 0xf, 0xf1,
    0x7f, 0xb1, 0xff, 0x10, 0x8f, 0x87, 0xfb, 0x1f,
    0xf1, 0x1, 0xfe, 0x7f, 0xb1, 0xff, 0x10, 0xa,
    0xfd, 0xfb, 0x1f, 0xf1, 0x0, 0x3f, 0xff, 0xb1,
    0xff, 0x10, 0x0, 0xcf, 0xfb, 0x1f, 0xf1, 0x0,
    0x5, 0xff, 0xb1, 0xff, 0x10, 0x0, 0xd, 0xfb,

    /* U+004F "O" */
    0x0, 0x6, 0xcf, 0xfb, 0x40, 0x0, 0x0, 0x9f,
    0xfd, 0xdf, 0xf6, 0x0, 0x5, 0xff, 0x40, 0x7,
    0xff, 0x10, 0xb, 0xf8, 0x0, 0x0, 0xcf, 0x70,
    0xf, 0xf3, 0x0, 0x0, 0x7f, 0xb0, 0x2f, 0xf0,
    0x0, 0x0, 0x5f, 0xe0, 0x4f, 0xf0, 0x0, 0x0,
    0x3f, 0xf0, 0x5f, 0xe0, 0x0, 0x0, 0x3f, 0xf0,
    0x5f, 0xe0, 0x0, 0x0, 0x3f, 0xf0, 0x4f, 0xf0,
    0x0, 0x0, 0x3f, 0xf0, 0x2f, 0xf0, 0x0, 0x0,
    0x5f, 0xe0, 0xf, 0xf3, 0x0, 0x0, 0x7f, 0xb0,
    0xb, 0xf8, 0x0, 0x0, 0xcf, 0x70, 0x4, 0xff,
    0x40, 0x7, 0xff, 0x10, 0x0, 0x9f, 0xfd, 0xdf,
    0xf5, 0x0, 0x0, 0x6, 0xcf, 0xfb, 0x40, 0x0,

    /* U+0050 "P" */
    0xcf, 0xff, 0xff, 0xd8, 0x0, 0xc, 0xfd, 0xcc,
    0xdf, 0xfd, 0x0, 0xcf, 0x60, 0x0, 0x2d, 0xf8,
    0xc, 0xf6, 0x0, 0x0, 0x4f, 0xe0, 0xcf, 0x60,
    0x0, 0x1, 0xff, 0xc, 0xf6, 0x0, 0x0, 0x2f,
    0xf0, 0xcf, 0x60, 0x0, 0x6, 0xfd, 0xc, 0xf6,
    0x0, 0x16, 0xef, 0x60, 0xcf, 0xff, 0xff, 0xff,
    0x90, 0xc, 0xfd, 0xcc, 0xb9, 0x40, 0x0, 0xcf,
    0x60, 0x0, 0x0, 0x0, 0xc, 0xf6, 0x0, 0x0,
    0x0, 0x0, 0xcf, 0x60, 0x0, 0x0, 0x0, 0xc,
    0xf6, 0x0, 0x0, 0x0, 0x0, 0xcf, 0x60, 0x0,
    0x0, 0x0, 0xc, 0xf6, 0x0, 0x0, 0x0, 0x0,

    /* U+0051 "Q" */
    0x0, 0x6, 0xcf, 0xfb, 0x40, 0x0, 0x0, 0x9f,
    0xfd, 0xdf, 0xf6, 0x0, 0x5, 0xff, 0x40, 0x7,
    0xff, 0x10, 0xb, 0xf8, 0x0, 0x0, 0xcf, 0x70,
    0xf, 0xf3, 0x0, 0x0, 0x7f, 0xb0, 0x2f, 0xf0,
    0x0, 0x0, 0x5f, 0xe0, 0x4f, 0xf0, 0x0, 0x0,
    0x3f, 0xf0, 0x5f, 0xe0, 0x0, 0x0, 0x3f, 0xf0,
    0x5f, 0xe0, 0x0, 0x0, 0x3f, 0xf0, 0x4f, 0xf0,
    0x0, 0x12, 0x3f, 0xf0, 0x2f, 0xf0, 0x0, 0xcb,
    0x5f, 0xe0, 0xf, 0xf3, 0x0, 0xef, 0xbf, 0xb0,
    0xb, 0xf8, 0x0, 0x6f, 0xff, 0x70, 0x4, 0xff,
    0x40, 0xe, 0xfe, 0x10, 0x0, 0x9f, 0xfd, 0xdf,
    0xfd, 0x0, 0x0, 0x6, 0xcf, 0xfb, 0xef, 0x30,
    0x0, 0x0, 0x0, 0x0, 0x56, 0x0, 0x0, 0x0,
    0x0, 0x0, 0x0, 0x0,

    /* U+0052 "R" */
    0xff, 0xff, 0xff, 0xc6, 0x0, 0xf, 0xfc, 0xcc,
    0xef, 0xfc, 0x0, 0xff, 0x30, 0x0, 0x5f, 0xf6,
    0xf, 0xf3, 0x0, 0x0, 0x9f, 0xa0, 0xff, 0x30,
    0x0, 0x6, 0xfc, 0xf, 0xf3, 0x0, 0x0, 0x8f,
    0xa0, 0xff, 0x30, 0x0, 0x3f, 0xf5, 0xf, 0xfc,
    0xcc, 0xdf, 0xfa, 0x0, 0xff, 0xff, 0xff, 0xe6,
    0x0, 0xf, 0xf3, 0x2, 0xff, 0x10, 0x0, 0xff,
    0x30, 0xa, 0xf8, 0x0, 0xf, 0xf3, 0x0, 0x2f,
    0xf1, 0x0, 0xff, 0x30, 0x0, 0xbf, 0x80, 0xf,
    0xf3, 0x0, 0x3, 0xff, 0x10, 0xff, 0x30, 0x0,
    0xb, 0xf8, 0xf, 0xf3, 0x0, 0x0, 0x3f, 0xf1,

    /* U+0053 "S" */
    0x0, 0x6, 0xdf, 0xfc, 0x40, 0x0, 0xb, 0xff,
    0xef, 0xff, 0x50, 0x6, 0xfe, 0x20, 0x8, 0xfe,
    0x0, 0xbf, 0x70, 0x0, 0xe, 0xf4, 0xb, 0xf7,
    0x0, 0x0, 0x68, 0x30, 0x8f, 0xe2, 0x0, 0x0,
    0x0, 0x0, 0xdf, 0xf9, 0x20, 0x0, 0x0, 0x1,
    0x9f, 0xff, 0xa2, 0x0, 0x0, 0x0, 0x18, 0xff,
    0xf5, 0x0, 0x0, 0x0, 0x1, 0xaf, 0xf4, 0x2,
    0x20, 0x0, 0x0, 0xaf, 0xb2, 0xff, 0x0, 0x0,
    0x5, 0xfd, 0xf, 0xf3, 0x0, 0x0, 0x7f, 0xc0,
    0xbf, 0xd1, 0x0, 0x3e, 0xf6, 0x1, 0xef, 0xfc,
    0xdf, 0xfb, 0x0, 0x1, 0x9d, 0xff, 0xc6, 0x0,

    /* U+0054 "T" */
    0xff, 0xff, 0xff, 0xff, 0xfb, 0xbc, 0xcc, 0xff,
    0xcc, 0xc8, 0x0, 0x3, 0xff, 0x0, 0x0, 0x0,
    0x3, 0xff, 0x0, 0x0, 0x0, 0x3, 0xff, 0x0,
    0x0, 0x0, 0x3, 0xff, 0x0, 0x0, 0x0, 0x3,
    0xff, 0x0, 0x0, 0x0, 0x3, 0xff, 0x0, 0x0,
    0x0, 0x3, 0xff, 0x0, 0x0, 0x0, 0x3, 0xff,
    0x0, 0x0, 0x0, 0x3, 0xff, 0x0, 0x0, 0x0,
    0x3, 0xff, 0x0, 0x0, 0x0, 0x3, 0xff, 0x0,
    0x0, 0x0, 0x3, 0xff, 0x0, 0x0, 0x0, 0x3,
    0xff, 0x0, 0x0, 0x0, 0x3, 0xff, 0x0, 0x0,

    /* U+0055 "U" */
    0xff, 0x30, 0x0, 0x6, 0xfc, 0xff, 0x30, 0x0,
    0x6, 0xfc, 0xff, 0x30, 0x0, 0x6, 0xfc, 0xff,
    0x30, 0x0, 0x6, 0xfc, 0xff, 0x30, 0x0, 0x6,
    0xfc, 0xff, 0x30, 0x0, 0x6, 0xfc, 0xff, 0x30,
    0x0, 0x6, 0xfc, 0xff, 0x30, 0x0, 0x6, 0xfc,
    0xff, 0x30, 0x0, 0x6, 0xfc, 0xff, 0x30, 0x0,
    0x6, 0xfc, 0xff, 0x30, 0x0, 0x6, 0xfc, 0xff,
    0x30, 0x0, 0x6, 0xfc, 0xdf, 0x60, 0x0, 0x9,
    0xfa, 0x8f, 0xe2, 0x0, 0x4f, 0xf5, 0x1d, 0xff,
    0xdd, 0xff, 0xb0, 0x1, 0x9d, 0xff, 0xd7, 0x0,

    /* U+0056 "V" */
    0xaf, 0x90, 0x0, 0x0, 0xe, 0xf4, 0x6f, 0xd0,
    0x0, 0x0, 0x3f, 0xf0, 0x1f, 0xf1, 0x0, 0x0,
    0x7f, 0xb0, 0xc, 0xf6, 0x0, 0x0, 0xcf, 0x60,
    0x7, 0xfa, 0x0, 0x0, 0xff, 0x10, 0x3, 0xfe,
    0x0, 0x4, 0xfd, 0x0, 0x0, 0xef, 0x30, 0x9,
    0xf8, 0x0, 0x0, 0x9f, 0x70, 0xd, 0xf3, 0x0,
    0x0, 0x5f, 0xb0, 0x1f, 0xe0, 0x0, 0x0, 0xf,
    0xf0, 0x6f, 0xa0, 0x0, 0x0, 0xb, 0xf4, 0xaf,
    0x50, 0x0, 0x0, 0x7, 0xf8, 0xef, 0x10, 0x0,
    0x0, 0x2, 0xff, 0xfc, 0x0, 0x0, 0x0, 0x0,
    0xdf, 0xf7, 0x0, 0x0, 0x0, 0x0, 0x9f, 0xf2,
    0x0, 0x0, 0x0, 0x0, 0x4f, 0xe0, 0x0, 0x0,

    /* U+0057 "W" */
    0xdf, 0x30, 0x4f, 0xe0, 0x9, 0xf7, 0xbf, 0x40,
    0x6f, 0xf0, 0xb, 0xf5, 0x9f, 0x60, 0x9f, 0xf3,
    0xc, 0xf3, 0x7f, 0x80, 0xbf, 0xf5, 0xe, 0xf1,
    0x5f, 0x90, 0xdb, 0xf7, 0xf, 0xf0, 0x3f, 0xb0,
    0xf8, 0xe9, 0x1f, 0xd0, 0x1f, 0xd2, 0xf6, 0xcb,
    0x3f, 0xb0, 0xf, 0xe4, 0xf3, 0x9e, 0x4f, 0x80,
    0xd, 0xf6, 0xf1, 0x7f, 0x6f, 0x60, 0xa, 0xfa,
    0xf0, 0x5f, 0xaf, 0x40, 0x8, 0xff, 0xd0, 0x3f,
    0xff, 0x20, 0x6, 0xff, 0xa0, 0xf, 0xff, 0x0,
    0x4, 0xff, 0x80, 0xe, 0xfe, 0x0, 0x2, 0xff,
    0x60, 0xc, 0xfc, 0x0, 0x0, 0xff, 0x30, 0x9,
    0xfa, 0x0, 0x0, 0xef, 0x10, 0x7, 0xf8, 0x0,

    /* U+0058 "X" */
    0xd, 0xf5, 0x0, 0x0, 0xbf, 0x80, 0x6, 0xfc,
    0x0, 0x2, 0xfe, 0x10, 0x0, 0xdf, 0x40, 0xa,
    0xf7, 0x0, 0x0, 0x5f, 0xb0, 0x2f, 0xe0, 0x0,
    0x0, 0xd, 0xf3, 0x9f, 0x70, 0x0, 0x0, 0x4,
    0xfb, 0xfe, 0x0, 0x0, 0x0, 0x0, 0xcf, 0xf6,
    0x0, 0x0, 0x0, 0x0, 0x5f, 0xf0, 0x0, 0x0,
    0x0, 0x0, 0xbf, 0xf5, 0x0, 0x0, 0x0, 0x3,
    0xfd, 0xfd, 0x0, 0x0, 0x0, 0xb, 0xf4, 0xaf,
    0x50, 0x0, 0x0, 0x4f, 0xc0, 0x3f, 0xd0, 0x0,
    0x0, 0xcf, 0x50, 0xb, 0xf6, 0x0, 0x5, 0xfd,
    0x0, 0x3, 0xfe, 0x0, 0xd, 0xf5, 0x0, 0x0,
    0xbf, 0x70, 0x5f, 0xd0, 0x0, 0x0, 0x3f, 0xe0,

    /* U+0059 "Y" */
    0x6f, 0xc0, 0x0, 0x0, 0x1f, 0xf1, 0xd, 0xf4,
    0x0, 0x0, 0x8f, 0x90, 0x6, 0xfb, 0x0, 0x1,
    0xff, 0x10, 0x0, 0xdf, 0x30, 0x7, 0xf9, 0x0,
    0x0, 0x5f, 0xb0, 0xe, 0xf1, 0x0, 0x0, 0xd,
    0xf2, 0x7f, 0x90, 0x0, 0x0, 0x5, 0xfb, 0xef,
    0x10, 0x0, 0x0, 0x0, 0xdf, 0xf9, 0x0, 0x0,
    0x0, 0x0, 0x6f, 0xf1, 0x0, 0x0, 0x0, 0x0,
    0x3f, 0xf0, 0x0, 0x0, 0x0, 0x0, 0x3f, 0xf0,
    0x0, 0x0, 0x0, 0x0, 0x3f, 0xf0, 0x0, 0x0,
    0x0, 0x0, 0x3f, 0xf0, 0x0, 0x0, 0x0, 0x0,
    0x3f, 0xf0, 0x0, 0x0, 0x0, 0x0, 0x3f, 0xf0,
    0x0, 0x0, 0x0, 0x0, 0x3f, 0xf0, 0x0, 0x0,

    /* U+005A "Z" */
    0x9, 0xff, 0xff, 0xff, 0xff, 0x90, 0x7c, 0xcc,
    0xcc, 0xce, 0xf9, 0x0, 0x0, 0x0, 0x1, 0xef,
    0x20, 0x0, 0x0, 0x0, 0xaf, 0x80, 0x0, 0x0,
    0x0, 0x3f, 0xe0, 0x0, 0x0, 0x0, 0xd, 0xf5,
    0x0, 0x0, 0x0, 0x7, 0xfb, 0x0, 0x0, 0x0,
    0x1, 0xff, 0x20, 0x0, 0x0, 0x0, 0xaf, 0x70,
    0x0, 0x0, 0x0, 0x4f, 0xd0, 0x0, 0x0, 0x0,
    0xd, 0xf4, 0x0, 0x0, 0x0, 0x7, 0xfa, 0x0,
    0x0, 0x0, 0x2, 0xff, 0x10, 0x0, 0x0, 0x0,
    0xbf, 0x70, 0x0, 0x0, 0x0, 0x2f, 0xfc, 0xcc,
    0xcc, 0xcc, 0xa2, 0xff, 0xff, 0xff, 0xff, 0xfe,

    /* U+005B "[" */
    0x2, 0x22, 0x22, 0x15, 0xff, 0xff, 0xf9, 0x5f,
    0x85, 0x55, 0x35, 0xf4, 0x0, 0x0, 0x5f, 0x40,
    0x0, 0x5, 0xf4, 0x0, 0x0, 0x5f, 0x40, 0x0,
    0x5, 0xf4, 0x0, 0x0, 0x5f, 0x40, 0x0, 0x5,
    0xf4, 0x0, 0x0, 0x5f, 0x40, 0x0, 0x5, 0xf4,
    0x0, 0x0, 0x5f, 0x40, 0x0, 0x5, 0xf4, 0x0,
    0x0, 0x5f, 0x40, 0x0, 0x5, 0xf4, 0x0, 0x0,
    0x5f, 0x40, 0x0, 0x5, 0xf4, 0x0, 0x0, 0x5f,
    0x40, 0x0, 0x5, 0xf6, 0x22, 0x21, 0x5f, 0xff,
    0xff, 0x91, 0x55, 0x55, 0x53,

    /* U+005C "\\" */
    0x9e, 0x0, 0x0, 0x0, 0x0, 0x2f, 0x50, 0x0,
    0x0, 0x0, 0xb, 0xc0, 0x0, 0x0, 0x0, 0x5,
    0xf2, 0x0, 0x0, 0x0, 0x0, 0xe9, 0x0, 0x0,
    0x0, 0x0, 0x8f, 0x0, 0x0, 0x0, 0x0, 0x1f,
    0x60, 0x0, 0x0, 0x0, 0xa, 0xd0, 0x0, 0x0,
    0x0, 0x4, 0xf3, 0x0, 0x0, 0x0, 0x0, 0xda,
    0x0, 0x0, 0x0, 0x0, 0x6f, 0x10, 0x0, 0x0,
    0x0, 0xf, 0x70, 0x0, 0x0, 0x0, 0x9, 0xe0,
    0x0, 0x0, 0x0, 0x2, 0xf5, 0x0, 0x0, 0x0,
    0x0, 0xcb, 0x0, 0x0, 0x0, 0x0, 0x5f, 0x20,
    0x0, 0x0, 0x0, 0xe, 0x80, 0x0, 0x0, 0x0,
    0x8, 0xe0, 0x0, 0x0, 0x0, 0x2, 0xf6,

    /* U+005D "]" */
    0x12, 0x22, 0x22, 0xe, 0xff, 0xff, 0xf0, 0x45,
    0x55, 0xbf, 0x0, 0x0, 0x9, 0xf0, 0x0, 0x0,
    0x9f, 0x0, 0x0, 0x9, 0xf0, 0x0, 0x0, 0x9f,
    0x0, 0x0, 0x9, 0xf0, 0x0, 0x0, 0x9f, 0x0,
    0x0, 0x9, 0xf0, 0x0, 0x0, 0x9f, 0x0, 0x0,
    0x9, 0xf0, 0x0, 0x0, 0x9f, 0x0, 0x0, 0x9,
    0xf0, 0x0, 0x0, 0x9f, 0x0, 0x0, 0x9, 0xf0,
    0x0, 0x0, 0x9f, 0x0, 0x0, 0x9, 0xf0, 0x0,
    0x0, 0x9f, 0x1, 0x22, 0x29, 0xf0, 0xef, 0xff,
    0xff, 0x4, 0x55, 0x55, 0x50,

    /* U+005E "^" */
    0x0, 0xb, 0xff, 0x50, 0x0, 0x0, 0x9f, 0xdf,
    0xf3, 0x0, 0x6, 0xfb, 0x3, 0xee, 0x20, 0x4f,
    0x90, 0x0, 0x1d, 0xd0,

    /* U+005F "_" */
    0xff, 0xff, 0xff, 0xff, 0xff, 0xfc, 0x22, 0x22,
    0x22, 0x22, 0x22, 0x21,

    /* U+0060 "`" */
    0x68, 0x70, 0x0, 0x2f, 0xf6, 0x0, 0x4, 0xfe,
    0x10, 0x0, 0x6f, 0x90, 0x0, 0x8, 0xf3,

    /* U+0061 "a" */
    0x0, 0x6c, 0xff, 0xc5, 0x0, 0xa, 0xfe, 0xbb,
    0xff, 0x60, 0x3f, 0xe1, 0x0, 0x2f, 0xd0, 0x25,
    0x30, 0x0, 0x1e, 0xf0, 0x0, 0x14, 0x7b, 0xff,
    0xf0, 0x9, 0xff, 0xff, 0xbe, 0xf0, 0x8f, 0xd6,
    0x20, 0xd, 0xf0, 0xdf, 0x30, 0x0, 0xe, 0xf0,
    0xef, 0x30, 0x0, 0xaf, 0xf0, 0x9f, 0xe8, 0x9e,
    0xff, 0xf1, 0x7, 0xdf, 0xea, 0x3b, 0xf7,

    /* U+0062 "b" */
    0xef, 0x0, 0x0, 0x0, 0x0, 0xef, 0x0, 0x0,
    0x0, 0x0, 0xef, 0x0, 0x0, 0x0, 0x0, 0xef,
    0x0, 0x0, 0x0, 0x0, 0xef, 0x0, 0x0, 0x0,
    0x0, 0xef, 0x1a, 0xef, 0xb3, 0x0, 0xef, 0xdf,
    0xbc, 0xff, 0x50, 0xef, 0xe2, 0x0, 0x6f, 0xe0,
    0xef, 0x60, 0x0, 0xd, 0xf5, 0xef, 0x20, 0x0,
    0x9, 0xf8, 0xef, 0x0, 0x0, 0x7, 0xf9, 0xef,
    0x10, 0x0, 0x9, 0xf8, 0xef, 0x50, 0x0, 0xc,
    0xf5, 0xef, 0xe2, 0x0, 0x6f, 0xf1, 0xef, 0xdf,
    0xbc, 0xff, 0x50, 0xef, 0x1a, 0xff, 0xc4, 0x0,

    /* U+0063 "c" */
    0x0, 0x5, 0xcf, 0xfc, 0x50, 0x0, 0xa, 0xff,
    0xbb, 0xff, 0x80, 0x6, 0xfd, 0x20, 0x2, 0xff,
    0x20, 0xdf, 0x40, 0x0, 0x8, 0xb4, 0x1f, 0xf0,
    0x0, 0x0, 0x0, 0x2, 0xfe, 0x0, 0x0, 0x0,
    0x0, 0x1f, 0xf0, 0x0, 0x0, 0x27, 0x40, 0xdf,
    0x40, 0x0, 0x8, 0xf9, 0x6, 0xfd, 0x20, 0x2,
    0xef, 0x30, 0xa, 0xff, 0xbb, 0xff, 0x80, 0x0,
    0x5, 0xcf, 0xfc, 0x50, 0x0,

    /* U+0064 "d" */
    0x0, 0x0, 0x0, 0x0, 0x9f, 0x50, 0x0, 0x0,
    0x0, 0x9, 0xf5, 0x0, 0x0, 0x0, 0x0, 0x9f,
    0x50, 0x0, 0x0, 0x0, 0x9, 0xf5, 0x0, 0x0,
    0x0, 0x0, 0x9f, 0x50, 0x0, 0x8e, 0xfc, 0x49,
    0xf5, 0x0, 0xdf, 0xeb, 0xdf, 0xdf, 0x50, 0x8f,
    0xc0, 0x0, 0x9f, 0xf5, 0xe, 0xf4, 0x0, 0x0,
    0xff, 0x51, 0xff, 0x0, 0x0, 0xb, 0xf5, 0x2f,
    0xe0, 0x0, 0x0, 0x9f, 0x51, 0xff, 0x0, 0x0,
    0xa, 0xf5, 0xe, 0xf2, 0x0, 0x0, 0xdf, 0x50,
    0x9f, 0xa0, 0x0, 0x6f, 0xf5, 0x1, 0xdf, 0xc7,
    0xaf, 0xef, 0x50, 0x1, 0x9e, 0xfd, 0x79, 0xf5,

    /* U+0065 "e" */
    0x0, 0x5, 0xcf, 0xfc, 0x50, 0x0, 0x9, 0xfe,
    0xaa, 0xff, 0x80, 0x5, 0xfc, 0x0, 0x2, 0xff,
    0x10, 0xcf, 0x62, 0x22, 0x2b, 0xf6, 0xf, 0xff,
    0xff, 0xff, 0xff, 0x80, 0xff, 0x55, 0x55, 0x55,
    0x53, 0xf, 0xf1, 0x0, 0x0, 0x0, 0x0, 0xcf,
    0x50, 0x0, 0x7, 0xd8, 0x5, 0xfe, 0x20, 0x1,
    0xef, 0x40, 0x9, 0xff, 0xcb, 0xff, 0x90, 0x0,
    0x5, 0xcf, 0xfc, 0x60, 0x0,

    /* U+0066 "f" */
    0x0, 0x0, 0x4c, 0xef, 0xd7, 0x0, 0x5, 0xff,
    0xba, 0xda, 0x0, 0xb, 0xf4, 0x0, 0x0, 0x0,
    0xc, 0xf1, 0x0, 0x0, 0x0, 0xc, 0xf1, 0x0,
    0x0, 0xff, 0xff, 0xff, 0xff, 0xf0, 0x77, 0x7e,
    0xf8, 0x77, 0x70, 0x0, 0xc, 0xf1, 0x0, 0x0,
    0x0, 0xc, 0xf1, 0x0, 0x0, 0x0, 0xc, 0xf1,
    0x0, 0x0, 0x0, 0xc, 0xf1, 0x0, 0x0, 0x0,
    0xc, 0xf1, 0x0, 0x0, 0x0, 0xc, 0xf1, 0x0,
    0x0, 0x0, 0xc, 0xf1, 0x0, 0x0, 0x0, 0xc,
    0xf1, 0x0, 0x0, 0x0, 0xc, 0xf1, 0x0, 0x0,

    /* U+0067 "g" */
    0x0, 0x0, 0x0, 0x0, 0x0, 0x0, 0x0, 0x6,
    0xdf, 0xd6, 0x5c, 0xf2, 0x0, 0x9f, 0xd9, 0xdf,
    0xe9, 0xa1, 0x1, 0xfe, 0x0, 0xd, 0xf2, 0x0,
    0x3, 0xfb, 0x0, 0xa, 0xf4, 0x0, 0x0, 0xfe,
    0x0, 0xd, 0xf2, 0x0, 0x0, 0x7f, 0xd9, 0xcf,
    0xa0, 0x0, 0x0, 0xcc, 0xdf, 0xd7, 0x0, 0x0,
    0x7, 0xf2, 0x0, 0x0, 0x0, 0x0, 0x8, 0xf5,
    0x0, 0x0, 0x0, 0x0, 0x3, 0xff, 0xcb, 0xa9,
    0x72, 0x0, 0x1, 0xbf, 0xdf, 0xff, 0xff, 0x50,
    0xd, 0xc0, 0x0, 0x0, 0x4f, 0xb0, 0xe, 0xf8,
    0x54, 0x56, 0xbf, 0x70, 0x2, 0x9d, 0xff, 0xfd,
    0xa5, 0x0,

    /* U+0068 "h" */
    0xbf, 0x30, 0x0, 0x0, 0x0, 0xbf, 0x30, 0x0,
    0x0, 0x0, 0xbf, 0x30, 0x0, 0x0, 0x0, 0xbf,
    0x30, 0x0, 0x0, 0x0, 0xbf, 0x30, 0x0, 0x0,
    0x0, 0xbf, 0x33, 0xbe, 0xeb, 0x20, 0xbf, 0x7f,
    0xc8, 0xcf, 0xe0, 0xbf, 0xf8, 0x0, 0xc, 0xf5,
    0xbf, 0xc0, 0x0, 0x7, 0xf7, 0xbf, 0x60, 0x0,
    0x6, 0xf8, 0xbf, 0x30, 0x0, 0x6, 0xf8, 0xbf,
    0x30, 0x0, 0x6, 0xf8, 0xbf, 0x30, 0x0, 0x6,
    0xf8, 0xbf, 0x30, 0x0, 0x6, 0xf8, 0xbf, 0x30,
    0x0, 0x6, 0xf8, 0xbf, 0x30, 0x0, 0x6, 0xf8,

    /* U+0069 "i" */
    0x2f, 0xc2, 0xfc, 0x6, 0x40, 0x0, 0x0, 0x2,
    0xfc, 0x2f, 0xc2, 0xfc, 0x2f, 0xc2, 0xfc, 0x2f,
    0xc2, 0xfc, 0x2f, 0xc2, 0xfc, 0x2f, 0xc2, 0xfc,

    /* U+006A "j" */
    0x0, 0x0, 0x4f, 0xa0, 0x0, 0x4, 0xfa, 0x0,
    0x0, 0x16, 0x40, 0x0, 0x0, 0x0, 0x0, 0x0,
    0x0, 0x0, 0x0, 0x4, 0xfa, 0x0, 0x0, 0x4f,
    0xa0, 0x0, 0x4, 0xfa, 0x0, 0x0, 0x4f, 0xa0,
    0x0, 0x4, 0xfa, 0x0, 0x0, 0x4f, 0xa0, 0x0,
    0x4, 0xfa, 0x0, 0x0, 0x4f, 0xa0, 0x0, 0x4,
    0xfa, 0x0, 0x0, 0x4f, 0xa0, 0x0, 0x4, 0xf9,
    0x10, 0x0, 0x7f, 0x7d, 0xca, 0xbf, 0xe1, 0x9e,
    0xfe, 0xa2, 0x0,

    /* U+006B "k" */
    0x9f, 0x40, 0x0, 0x0, 0x0, 0x9f, 0x40, 0x0,
    0x0, 0x0, 0x9f, 0x40, 0x0, 0x0, 0x0, 0x9f,
    0x40, 0x0, 0x0, 0x0, 0x9f, 0x40, 0x0, 0x0,
    0x0, 0x9f, 0x40, 0x0, 0x8f, 0xc0, 0x9f, 0x40,
    0x7, 0xfc, 0x0, 0x9f, 0x40, 0x6f, 0xc1, 0x0,
    0x9f, 0x46, 0xfd, 0x10, 0x0, 0x9f, 0x9f, 0xff,
    0x20, 0x0, 0x9f, 0xfd, 0x6f, 0xb0, 0x0, 0x9f,
    0xd1, 0xb, 0xf4, 0x0, 0x9f, 0x40, 0x2, 0xfd,
    0x0, 0x9f, 0x40, 0x0, 0x9f, 0x70, 0x9f, 0x40,
    0x0, 0x1f, 0xf1, 0x9f, 0x40, 0x0, 0x7, 0xfa,

    /* U+006C "l" */
    0xf, 0xd0, 0xfd, 0xf, 0xd0, 0xfd, 0xf, 0xd0,
    0xfd, 0xf, 0xd0, 0xfd, 0xf, 0xd0, 0xfd, 0xf,
    0xd0, 0xfd, 0xf, 0xd0, 0xfd, 0xf, 0xd0, 0xfd,

    /* U+006D "m" */
    0xaf, 0x5a, 0xfd, 0x36, 0xef, 0x90, 0xaf, 0xfc,
    0xcf, 0xef, 0xae, 0xf4, 0xaf, 0xb0, 0x1f, 0xf5,
    0x8, 0xf6, 0xaf, 0x50, 0xf, 0xf0, 0x7, 0xf7,
    0xaf, 0x40, 0xf, 0xd0, 0x7, 0xf7, 0xaf, 0x40,
    0xf, 0xd0, 0x7, 0xf7, 0xaf, 0x40, 0xf, 0xd0,
    0x7, 0xf7, 0xaf, 0x40, 0xf, 0xd0, 0x7, 0xf7,
    0xaf, 0x40, 0xf, 0xd0, 0x7, 0xf7, 0xaf, 0x40,
    0xf, 0xd0, 0x7, 0xf7, 0xaf, 0x40, 0xf, 0xd0,
    0x7, 0xf7,

    /* U+006E "n" */
    0xbf, 0x33, 0xbe, 0xeb, 0x20, 0xbf, 0x8f, 0x95,
    0x9f, 0xe0, 0xbf, 0xf6, 0x0, 0xa, 0xf5, 0xbf,
    0xb0, 0x0, 0x6, 0xf7, 0xbf, 0x50, 0x0, 0x6,
    0xf8, 0xbf, 0x30, 0x0, 0x6, 0xf8, 0xbf, 0x30,
    0x0, 0x6, 0xf8, 0xbf, 0x30, 0x0, 0x6, 0xf8,
    0xbf, 0x30, 0x0, 0x6, 0xf8, 0xbf, 0x30, 0x0,
    0x6, 0xf8, 0xbf, 0x30, 0x0, 0x6, 0xf8,

    /* U+006F "o" */
    0x0, 0x5, 0xcf, 0xfb, 0x30, 0x0, 0x9, 0xff,
    0xcc, 0xff, 0x60, 0x6, 0xfe, 0x20, 0x4, 0xff,
    0x30, 0xdf, 0x50, 0x0, 0x8, 0xfa, 0x1f, 0xf0,
    0x0, 0x0, 0x3f, 0xe2, 0xff, 0x0, 0x0, 0x2,
    0xff, 0x1f, 0xf0, 0x0, 0x0, 0x3f, 0xe0, 0xdf,
    0x50, 0x0, 0x8, 0xfa, 0x6, 0xfe, 0x20, 0x4,
    0xff, 0x30, 0x9, 0xff, 0xbc, 0xff, 0x60, 0x0,
    0x5, 0xcf, 0xfb, 0x30, 0x0,

    /* U+0070 "p" */
    0xef, 0x2b, 0xff, 0xc4, 0x0, 0xef, 0xed, 0x89,
    0xff, 0x50, 0xef, 0xd0, 0x0, 0x3f, 0xf0, 0xef,
    0x50, 0x0, 0xc, 0xf5, 0xef, 0x10, 0x0, 0x9,
    0xf8, 0xef, 0x0, 0x0, 0x7, 0xf9, 0xef, 0x20,
    0x0, 0x9, 0xf8, 0xef, 0x60, 0x0, 0xd, 0xf5,
    0xef, 0xe1, 0x0, 0x6f, 0xe0, 0xef, 0xdf, 0xbc,
    0xff, 0x50, 0xef, 0x1a, 0xef, 0xc3, 0x0, 0xef,
    0x0, 0x0, 0x0, 0x0, 0xef, 0x0, 0x0, 0x0,
    0x0, 0xef, 0x0, 0x0, 0x0, 0x0,

    /* U+0071 "q" */
    0x0, 0x19, 0xef, 0xd5, 0x9f, 0x50, 0x1d, 0xfe,
    0xbd, 0xfd, 0xf5, 0x9, 0xfc, 0x0, 0x9, 0xff,
    0x50, 0xef, 0x30, 0x0, 0xe, 0xf5, 0x1f, 0xf0,
    0x0, 0x0, 0xaf, 0x52, 0xfe, 0x0, 0x0, 0x9,
    0xf5, 0x1f, 0xf0, 0x0, 0x0, 0xbf, 0x50, 0xef,
    0x40, 0x0, 0xe, 0xf5, 0x8, 0xfc, 0x0, 0x9,
    0xff, 0x50, 0xd, 0xfe, 0xad, 0xfd, 0xf5, 0x0,
    0x19, 0xef, 0xd5, 0x9f, 0x50, 0x0, 0x0, 0x0,
    0x9, 0xf5, 0x0, 0x0, 0x0, 0x0, 0x9f, 0x50,
    0x0, 0x0, 0x0, 0x9, 0xf5,

    /* U+0072 "r" */
    0x9f, 0x50, 0x4b, 0xe5, 0x9f, 0x59, 0xff, 0xe5,
    0x9f, 0xbf, 0x70, 0x0, 0x9f, 0xf6, 0x0, 0x0,
    0x9f, 0xb0, 0x0, 0x0, 0x9f, 0x50, 0x0, 0x0,
    0x9f, 0x50, 0x0, 0x0, 0x9f, 0x50, 0x0, 0x0,
    0x9f, 0x50, 0x0, 0x0, 0x9f, 0x50, 0x0, 0x0,
    0x9f, 0x50, 0x0, 0x0,

    /* U+0073 "s" */
    0x0, 0x6c, 0xee, 0xc6, 0x0, 0xa, 0xfe, 0xaa,
    0xef, 0x80, 0x2f, 0xe0, 0x0, 0x1f, 0xf0, 0x2f,
    0xd0, 0x0, 0x1, 0x10, 0xc, 0xfc, 0x74, 0x10,
    0x0, 0x1, 0xaf, 0xff, 0xfb, 0x20, 0x0, 0x0,
    0x36, 0xbf, 0xe0, 0x37, 0x30, 0x0, 0xc, 0xf3,
    0x5f, 0xb0, 0x0, 0xd, 0xf3, 0xd, 0xfd, 0x99,
    0xdf, 0xc0, 0x0, 0x8d, 0xff, 0xd7, 0x0,

    /* U+0074 "t" */
    0x0, 0x2, 0xfb, 0x0, 0x0, 0x0, 0x0, 0x2f,
    0xb0, 0x0, 0x0, 0x0, 0x2, 0xfb, 0x0, 0x0,
    0x5, 0xff, 0xff, 0xff, 0xff, 0x90, 0x27, 0x78,
    0xfd, 0x77, 0x74, 0x0, 0x0, 0x2f, 0xb0, 0x0,
    0x0, 0x0, 0x2, 0xfb, 0x0, 0x0, 0x0, 0x0,
    0x2f, 0xb0, 0x0, 0x0, 0x0, 0x2, 0xfb, 0x0,
    0x0, 0x0, 0x0, 0x2f, 0xb0, 0x0, 0x0, 0x0,
    0x2, 0xfb, 0x0, 0x0, 0x0, 0x0, 0xf, 0xe0,
    0x0, 0x1, 0x0, 0x0, 0x8f, 0xea, 0xbf, 0x50,
    0x0, 0x0, 0x6d, 0xff, 0xc2,

    /* U+0075 "u" */
    0xbf, 0x30, 0x0, 0x6, 0xf8, 0xbf, 0x30, 0x0,
    0x6, 0xf8, 0xbf, 0x30, 0x0, 0x6, 0xf8, 0xbf,
    0x30, 0x0, 0x6, 0xf8, 0xbf, 0x30, 0x0, 0x6,
    0xf8, 0xbf, 0x30, 0x0, 0x6, 0xf8, 0xbf, 0x30,
    0x0, 0x8, 0xf8, 0xaf, 0x30, 0x0, 0xe, 0xf8,
    0x8f, 0x70, 0x0, 0x9f, 0xf8, 0x2f, 0xf7, 0x5b,
    0xf9, 0xf8, 0x4, 0xcf, 0xea, 0x26, 0xf8,

    /* U+0076 "v" */
    0xf, 0xf0, 0x0, 0x0, 0x5f, 0x90, 0x9f, 0x50,
    0x0, 0xb, 0xf3, 0x4, 0xfa, 0x0, 0x1, 0xfe,
    0x0, 0xe, 0xf0, 0x0, 0x6f, 0x80, 0x0, 0x8f,
    0x50, 0xb, 0xf2, 0x0, 0x3, 0xfb, 0x1, 0xfc,
    0x0, 0x0, 0xd, 0xf0, 0x6f, 0x70, 0x0, 0x0,
    0x7f, 0x5b, 0xf1, 0x0, 0x0, 0x1, 0xfd, 0xfb,
    0x0, 0x0, 0x0, 0xc, 0xff, 0x60, 0x0, 0x0,
    0x0, 0x6f, 0xf0, 0x0, 0x0,

    /* U+0077 "w" */
    0xcf, 0x20, 0x4f, 0xe0, 0x8, 0xf6, 0x9f, 0x40,
    0x7f, 0xf1, 0xb, 0xf3, 0x6f, 0x70, 0xad, 0xf4,
    0xd, 0xf0, 0x2f, 0xa0, 0xd8, 0xe7, 0xf, 0xc0,
    0xf, 0xc0, 0xf5, 0xba, 0x2f, 0x90, 0xb, 0xf3,
    0xf3, 0x9d, 0x5f, 0x50, 0x8, 0xf8, 0xf0, 0x6f,
    0x8f, 0x20, 0x4, 0xfe, 0xd0, 0x3f, 0xee, 0x0,
    0x1, 0xff, 0xa0, 0xf, 0xfb, 0x0, 0x0, 0xef,
    0x70, 0xd, 0xf8, 0x0, 0x0, 0xaf, 0x40, 0xa,
    0xf4, 0x0,

    /* U+0078 "x" */
    0x8, 0xfa, 0x0, 0x1, 0xff, 0x30, 0xd, 0xf4,
    0x0, 0xaf, 0x80, 0x0, 0x3f, 0xd0, 0x3f, 0xd0,
    0x0, 0x0, 0x9f, 0x7c, 0xf3, 0x0, 0x0, 0x0,
    0xdf, 0xf8, 0x0, 0x0, 0x0, 0x7, 0xff, 0x10,
    0x0, 0x0, 0x1, 0xff, 0xfa, 0x0, 0x0, 0x0,
    0xbf, 0x5b, 0xf6, 0x0, 0x0, 0x7f, 0xb0, 0x2f,
    0xf1, 0x0, 0x2f, 0xf1, 0x0, 0x6f, 0xb0, 0xc,
    0xf6, 0x0, 0x0, 0xcf, 0x70,

    /* U+0079 "y" */
    0x1f, 0xf0, 0x0, 0x0, 0x5f, 0xa0, 0xaf, 0x50,
    0x0, 0xb, 0xf4, 0x4, 0xfb, 0x0, 0x1, 0xfe,
    0x0, 0xe, 0xf1, 0x0, 0x6f, 0x80, 0x0, 0x8f,
    0x70, 0xc, 0xf2, 0x0, 0x2, 0xfc, 0x1, 0xfc,
    0x0, 0x0, 0xc, 0xf2, 0x7f, 0x60, 0x0, 0x0,
    0x6f, 0x8d, 0xf1, 0x0, 0x0, 0x1, 0xff, 0xfa,
    0x0, 0x0, 0x0, 0xa, 0xff, 0x40, 0x0, 0x0,
    0x0, 0x4f, 0xe0, 0x0, 0x0, 0x0, 0x6, 0xf8,
    0x0, 0x0, 0x2, 0xec, 0xff, 0x10, 0x0, 0x0,
    0x1e, 0xfd, 0x40, 0x0, 0x0,

    /* U+007A "z" */
    0x5f, 0xff, 0xff, 0xff, 0xf0, 0x27, 0x77, 0x77,
    0xbf, 0xd0, 0x0, 0x0, 0x2, 0xff, 0x20, 0x0,
    0x0, 0xd, 0xf5, 0x0, 0x0, 0x0, 0xbf, 0x80,
    0x0, 0x0, 0x8, 0xfb, 0x0, 0x0, 0x0, 0x4f,
    0xe1, 0x0, 0x0, 0x2, 0xff, 0x30, 0x0, 0x0,
    0xd, 0xf6, 0x0, 0x0, 0x0, 0x9f, 0xe7, 0x77,
    0x77, 0x73, 0xbf, 0xff, 0xff, 0xff, 0xf6,

    /* U+007B "{" */
    0x0, 0x8e, 0xf4, 0x3, 0xfb, 0x20, 0x6, 0xf7,
    0x0, 0x7, 0xf7, 0x0, 0x7, 0xf7, 0x0, 0x7,
    0xf7, 0x0, 0x7, 0xf7, 0x0, 0x7, 0xf7, 0x0,
    0x7, 0xf6, 0x0, 0xa, 0xf4, 0x0, 0xaf, 0xd0,
    0x0, 0x3c, 0xf2, 0x0, 0x7, 0xf6, 0x0, 0x7,
    0xf6, 0x0, 0x7, 0xf7, 0x0, 0x7, 0xf7, 0x0,
    0x7, 0xf7, 0x0, 0x7, 0xf7, 0x0, 0x6, 0xf7,
    0x0, 0x4, 0xfa, 0x0, 0x0, 0xcf, 0xf4, 0x0,
    0x1, 0x20,

    /* U+007C "|" */
    0x8, 0x60, 0xfd, 0xf, 0xd0, 0xfd, 0xf, 0xd0,
    0xfd, 0xf, 0xd0, 0xfd, 0xf, 0xd0, 0xfd, 0xf,
    0xd0, 0xfd, 0xf, 0xd0, 0xfd, 0xf, 0xd0, 0xfd,
    0xf, 0xd0, 0xfd, 0xf, 0xd0, 0xfd, 0xf, 0xd0,
    0xfd, 0xf, 0xd0, 0xfd,

    /* U+007D "}" */
    0x9f, 0xd5, 0x0, 0x13, 0xee, 0x0, 0x0, 0xbf,
    0x20, 0x0, 0xbf, 0x20, 0x0, 0xbf, 0x20, 0x0,
    0xbf, 0x20, 0x0, 0xbf, 0x20, 0x0, 0xbf, 0x20,
    0x0, 0xaf, 0x20, 0x0, 0x8f, 0x70, 0x0, 0x1f,
    0xf6, 0x0, 0x6f, 0xa1, 0x0, 0xaf, 0x20, 0x0,
    0xbf, 0x20, 0x0, 0xbf, 0x20, 0x0, 0xbf, 0x20,
    0x0, 0xbf, 0x20, 0x0, 0xbf, 0x20, 0x0, 0xbf,
    0x20, 0x0, 0xdf, 0x0, 0x9f, 0xf8, 0x0, 0x12,
    0x0, 0x0,

    /* U+007E "~" */
    0x3, 0xed, 0x70, 0x0, 0x34, 0x1e, 0xff, 0xfd,
    0x42, 0xda, 0x8d, 0x10, 0x8f, 0xff, 0xf2, 0x14,
    0x0, 0x4, 0xdd, 0x40,

    /* U+00B0 "°" */
    0x0, 0x33, 0x0, 0x2d, 0xbc, 0xc0, 0xa7, 0x0,
    0xa7, 0xd2, 0x0, 0x78, 0x98, 0x0, 0xc5, 0x1b,
    0xef, 0x90, 0x0, 0x0, 0x0,

    /* U+00B7 "·" */
    0xef, 0xfc, 0xef, 0xfc, 0xef, 0xfc, 0x89, 0x97,

    /* U+4E00 "一" */
    0x11, 0x10, 0x0, 0x0, 0x0, 0x0, 0x0, 0x0,
    0x0, 0x0, 0x10, 0xef, 0xff, 0xff, 0xff, 0xff,
    0xff, 0xff, 0xff, 0xff, 0xff, 0xf7, 0xef, 0xff,
    0xff, 0xff, 0xff, 0xff, 0xff, 0xff, 0xff, 0xff,
    0xf7, 0x44, 0x43, 0x33, 0x33, 0x33, 0x33, 0x33,
    0x33, 0x33, 0x33, 0x42,

    /* U+4E09 "三" */
    0x0, 0x11, 0x0, 0x0, 0x0, 0x0, 0x0, 0x0,
    0x1, 0x10, 0x0, 0x0, 0xdf, 0xff, 0xff, 0xff,
    0xff, 0xff, 0xff, 0xff, 0xf5, 0x0, 0x0, 0xbc,
    0xcb, 0xbb, 0xbb, 0xbb, 0xbb, 0xbb, 0xbc, 0xc4,
    0x0, 0x0, 0x0, 0x0, 0x0, 0x0, 0x0, 0x0,
    0x0, 0x0, 0x0, 0x0, 0x0, 0x0, 0x0, 0x0,
    0x0, 0x0, 0x0, 0x0, 0x0, 0x0, 0x0, 0x0,
    0x0, 0x0, 0x0, 0x0, 0x0, 0x0, 0x0, 0x0,
    0x0, 0x0, 0x0, 0x0, 0x0, 0x0, 0x0, 0x0,
    0x0, 0x0, 0x0, 0x0, 0x0, 0x0, 0x0, 0x0,
    0x0, 0x0, 0x0, 0x0, 0x0, 0x0, 0x0, 0x0,
    0x0, 0x7, 0xff, 0xee, 0xee, 0xee, 0xee, 0xee,
    0xfb, 0x0, 0x0, 0x0, 0x7, 0xff, 0xff, 0xff,
    0xff, 0xff, 0xff, 0xfb, 0x0, 0x0, 0x0, 0x0,
    0x0, 0x0, 0x0, 0x0, 0x0, 0x0, 0x0, 0x0,
    0x0, 0x0, 0x0, 0x0, 0x0, 0x0, 0x0, 0x0,
    0x0, 0x0, 0x0, 0x0, 0x0, 0x0, 0x0, 0x0,
    0x0, 0x0, 0x0, 0x0, 0x0, 0x0, 0x0, 0x0,
    0x0, 0x0, 0x0, 0x0, 0x0, 0x0, 0x0, 0x0,
    0x0, 0x0, 0x0, 0x0, 0x0, 0x0, 0x0, 0x0,
    0x0, 0x0, 0x0, 0x0, 0x0, 0x0, 0x0, 0x0,
    0x0, 0x0, 0x0, 0x0, 0x0, 0x0, 0x0, 0x0,
    0x11, 0x10, 0x0, 0x0, 0x0, 0x0, 0x0, 0x0,
    0x0, 0x12, 0x31, 0xdf, 0xff, 0xff, 0xff, 0xff,
    0xff, 0xff, 0xff, 0xff, 0xff, 0xf4, 0xbe, 0xdd,
    0xdd, 0xdd, 0xdd, 0xdd, 0xdd, 0xdd, 0xdd, 0xdd,
    0xe4,

    /* U+4E2D "中" */
    0x0, 0x0, 0x0, 0x0, 0x8, 0x80, 0x0, 0x0,
    0x0, 0x0, 0x0, 0x0, 0x0, 0x0, 0xf, 0xf0,
    0x0, 0x0, 0x0, 0x0, 0x0, 0x0, 0x0, 0x0,
    0xf, 0xf0, 0x0, 0x0, 0x0, 0x0, 0x0, 0x0,
    0x0, 0x0, 0xf, 0xf0, 0x0, 0x0, 0x0, 0x0,
    0x0, 0x0, 0x0, 0x0, 0xf, 0xf0, 0x0, 0x0,
    0x0, 0x0, 0x18, 0x88, 0x88, 0x88, 0x8f, 0xf8,
    0x88, 0x88, 0x88, 0x81, 0x1f, 0xff, 0xff, 0xff,
    0xff, 0xff, 0xff, 0xff, 0xff, 0xf3, 0x1f, 0xe0,
    0x0, 0x0, 0xf, 0xf0, 0x0, 0x0, 0xd, 0xf2,
    0x1f, 0xe0, 0x0, 0x0, 0xf, 0xf0, 0x0, 0x0,
    0xd, 0xf2, 0xf, 0xe0, 0x0, 0x0, 0xf, 0xf0,
    0x0, 0x0, 0xd, 0xf2, 0xf, 0xe0, 0x0, 0x0,
    0xf, 0xf0, 0x0, 0x0, 0xd, 0xf2, 0xf, 0xe0,
    0x0, 0x0, 0xf, 0xf0, 0x0, 0x0, 0xd, 0xf2,
    0xf, 0xf8, 0x88, 0x88, 0x8f, 0xf8, 0x88, 0x88,
    0x8e, 0xf2, 0x1f, 0xff, 0xff, 0xff, 0xff, 0xff,
    0xff, 0xff, 0xff, 0xf2, 0x1f, 0xe0, 0x0, 0x0,
    0xf, 0xf0, 0x0, 0x0, 0xd, 0xf3, 0x6, 0x50,
    0x0, 0x0, 0xf, 0xf0, 0x0, 0x0, 0x5, 0x61,
    0x0, 0x0, 0x0, 0x0, 0xf, 0xf0, 0x0, 0x0,
    0x0, 0x0, 0x0, 0x0, 0x0, 0x0, 0xf, 0xf0,
    0x0, 0x0, 0x0, 0x0, 0x0, 0x0, 0x0, 0x0,
    0xf, 0xf0, 0x0, 0x0, 0x0, 0x0, 0x0, 0x0,
    0x0, 0x0, 0xf, 0xf0, 0x0, 0x0, 0x0, 0x0,
    0x0, 0x0, 0x0, 0x0, 0xf, 0xf0, 0x0, 0x0,
    0x0, 0x0, 0x0, 0x0, 0x0, 0x0, 0x2f, 0xf1,
    0x0, 0x0, 0x0, 0x0,

    /* U+4E8C "二" */
    0x0, 0x6d, 0xcc, 0xcc, 0xcc, 0xcc, 0xcc, 0xcc,
    0xde, 0xc0, 0x0, 0x0, 0x7f, 0xff, 0xff, 0xff,
    0xff, 0xff, 0xff, 0xff, 0xd0, 0x0, 0x0, 0x25,
    0x44, 0x44, 0x44, 0x44, 0x44, 0x44, 0x45, 0x40,
    0x0, 0x0, 0x0, 0x0, 0x0, 0x0, 0x0, 0x0,
    0x0, 0x0, 0x0, 0x0, 0x0, 0x0, 0x0, 0x0,
    0x0, 0x0, 0x0, 0x0, 0x0, 0x0, 0x0, 0x0,
    0x0, 0x0, 0x0, 0x0, 0x0, 0x0, 0x0, 0x0,
    0x0, 0x0, 0x0, 0x0, 0x0, 0x0, 0x0, 0x0,
    0x0, 0x0, 0x0, 0x0, 0x0, 0x0, 0x0, 0x0,
    0x0, 0x0, 0x0, 0x0, 0x0, 0x0, 0x0, 0x0,
    0x0, 0x0, 0x0, 0x0, 0x0, 0x0, 0x0, 0x0,
    0x0, 0x0, 0x0, 0x0, 0x0, 0x0, 0x0, 0x0,
    0x0, 0x0, 0x0, 0x0, 0x0, 0x0, 0x0, 0x0,
    0x0, 0x0, 0x0, 0x0, 0x0, 0x0, 0x0, 0x0,
    0x0, 0x0, 0x0, 0x0, 0x0, 0x0, 0x0, 0x0,
    0x0, 0x0, 0x0, 0x0, 0x0, 0x0, 0x0, 0x0,
    0x0, 0x0, 0x0, 0x0, 0x0, 0x0, 0x0, 0x43,
    0x33, 0x33, 0x33, 0x33, 0x33, 0x33, 0x33, 0x33,
    0x33, 0x52, 0xef, 0xff, 0xff, 0xff, 0xff, 0xff,
    0xff, 0xff, 0xff, 0xff, 0xf6, 0xde, 0xed, 0xdd,
    0xdd, 0xdd, 0xdd, 0xdd, 0xdd, 0xdd, 0xde, 0xe5,

    /* U+4E94 "五" */
    0x0, 0x87, 0x77, 0x77, 0x77, 0x77, 0x77, 0x77,
    0x77, 0x78, 0x10, 0x0, 0xff, 0xff, 0xff, 0xff,
    0xff, 0xff, 0xff, 0xff, 0xff, 0x30, 0x0, 0x21,
    0x0, 0x0, 0x1f, 0xc0, 0x0, 0x0, 0x0, 0x11,
    0x0, 0x0, 0x0, 0x0, 0x0, 0x2f, 0xa0, 0x0,
    0x0, 0x0, 0x0, 0x0, 0x0, 0x0, 0x0, 0x0,
    0x3f, 0x80, 0x0, 0x0, 0x0, 0x0, 0x0, 0x0,
    0x0, 0x0, 0x0, 0x5f, 0x60, 0x0, 0x0, 0x0,
    0x0, 0x0, 0x0, 0x0, 0x0, 0x0, 0x7f, 0x40,
    0x0, 0x0, 0x0, 0x0, 0x0, 0x0, 0xc, 0xff,
    0xff, 0xff, 0xff, 0xff, 0xff, 0xf7, 0x0, 0x0,
    0x0, 0x7, 0x98, 0x88, 0xef, 0x88, 0x88, 0x8b,
    0xf6, 0x0, 0x0, 0x0, 0x0, 0x0, 0x0, 0xfe,
    0x0, 0x0, 0x7, 0xf6, 0x0, 0x0, 0x0, 0x0,
    0x0, 0x1, 0xfc, 0x0, 0x0, 0x7, 0xf5, 0x0,
    0x0, 0x0, 0x0, 0x0, 0x3, 0xfa, 0x0, 0x0,
    0x8, 0xf5, 0x0, 0x0, 0x0, 0x0, 0x0, 0x5,
    0xf8, 0x0, 0x0, 0x8, 0xf4, 0x0, 0x0, 0x0,
    0x0, 0x0, 0x7, 0xf6, 0x0, 0x0, 0x9, 0xf4,
    0x0, 0x0, 0x0, 0x0, 0x0, 0x9, 0xf4, 0x0,
    0x0, 0x9, 0xf4, 0x0, 0x0, 0x0, 0x0, 0x0,
    0xb, 0xf2, 0x0, 0x0, 0xa, 0xf3, 0x0, 0x0,
    0x1, 0x10, 0x0, 0xe, 0xf0, 0x0, 0x0, 0xa,
    0xf3, 0x1, 0x11, 0x6f, 0xff, 0xff, 0xff, 0xff,
    0xff, 0xff, 0xff, 0xff, 0xff, 0xf8, 0x5d, 0xcc,
    0xbb, 0xbb, 0xbb, 0xbb, 0xbb, 0xbb, 0xbb, 0xbc,
    0xc6,

    /* U+504F "偏" */
    0x0, 0x0, 0x0, 0x0, 0x0, 0x0, 0x0, 0x9b,
    0x0, 0x0, 0x0, 0x0, 0x0, 0x0, 0xc, 0x71,
    0x0, 0x0, 0x9, 0xf3, 0x0, 0x0, 0x0, 0x0,
    0x0, 0x3, 0xff, 0x23, 0x55, 0x55, 0x9f, 0xa5,
    0x55, 0x50, 0x0, 0x0, 0x0, 0xaf, 0x80, 0x9f,
    0xff, 0xff, 0xff, 0xff, 0xff, 0x20, 0x0, 0x0,
    0x1f, 0xf1, 0x9, 0xf2, 0x11, 0x11, 0x11, 0x18,
    0xf1, 0x0, 0x0, 0x9, 0xf8, 0x0, 0x8f, 0x10,
    0x0, 0x0, 0x0, 0x8f, 0x10, 0x0, 0x3, 0xff,
    0x20, 0x8, 0xf7, 0x66, 0x66, 0x66, 0x6b, 0xf1,
    0x0, 0x0, 0xcf, 0xe0, 0x0, 0x9f, 0xff, 0xff,
    0xff, 0xff, 0xff, 0x20, 0x0, 0x7f, 0xfe, 0x0,
    0xa, 0xf0, 0x0, 0x0, 0x0, 0x0, 0x0, 0x0,
    0x3f, 0xed, 0xe0, 0x0, 0xcf, 0x0, 0x0, 0x0,
    0x0, 0x0, 0x0, 0xd, 0xf4, 0xce, 0x0, 0xd,
    0xff, 0xff, 0xff, 0xff, 0xff, 0xff, 0x40, 0x27,
    0xc, 0xe0, 0x0, 0xff, 0xc7, 0xcf, 0x77, 0xfb,
    0x7a, 0xf4, 0x0, 0x0, 0xce, 0x0, 0x4f, 0xf9,
    0x9, 0xf0, 0xf, 0x70, 0x6f, 0x30, 0x0, 0xc,
    0xe0, 0x9, 0xff, 0x90, 0x9f, 0x0, 0xf7, 0x6,
    0xf3, 0x0, 0x0, 0xce, 0x0, 0xed, 0xfb, 0x5b,
    0xf5, 0x5f, 0xa5, 0x9f, 0x30, 0x0, 0xc, 0xe0,
    0x6f, 0x7f, 0xff, 0xff, 0xff, 0xff, 0xff, 0xf3,
    0x0, 0x0, 0xce, 0xd, 0xe2, 0xf9, 0x9, 0xf0,
    0xf, 0x70, 0x6f, 0x30, 0x0, 0xc, 0xe7, 0xf6,
    0x1f, 0x90, 0x9f, 0x0, 0xf7, 0x6, 0xf3, 0x0,
    0x0, 0xce, 0x3b, 0x1, 0xf9, 0x9, 0xf0, 0x1f,
    0x80, 0x6f, 0x30, 0x0, 0xc, 0xf0, 0x0, 0x1f,
    0x90, 0xaf, 0x12, 0xf8, 0x6, 0xf3, 0x0, 0x0,
    0xcf, 0x0, 0x1, 0xf9, 0x1, 0x10, 0x0, 0x1a,
    0xef, 0x20, 0x0, 0xc, 0xe0, 0x0, 0x1f, 0x90,
    0x0, 0x0, 0x0, 0xde, 0x80, 0x0, 0x0, 0x0,
    0x0, 0x0, 0x0, 0x0, 0x0, 0x0, 0x1, 0x0,
    0x0,

    /* U+505C "停" */
    0x0, 0x0, 0x8, 0x30, 0x0, 0x0, 0x2, 0x99,
    0x0, 0x0, 0x0, 0x0, 0x0, 0x0, 0x2f, 0xd0,
    0x0, 0x0, 0x1, 0xff, 0x0, 0x0, 0x0, 0x0,
    0x0, 0x0, 0x7f, 0x60, 0x99, 0x88, 0x88, 0xef,
    0xa8, 0x88, 0x89, 0x60, 0x0, 0x0, 0xdf, 0x11,
    0xfe, 0xee, 0xee, 0xee, 0xee, 0xee, 0xee, 0x90,
    0x0, 0x3, 0xfc, 0x0, 0x0, 0x0, 0x0, 0x0,
    0x0, 0x0, 0x0, 0x0, 0x0, 0xb, 0xfb, 0x0,
    0x4, 0x77, 0x77, 0x77, 0x77, 0x77, 0x10, 0x0,
    0x0, 0x3f, 0xfb, 0x0, 0x8, 0xff, 0xff, 0xff,
    0xff, 0xff, 0x10, 0x0, 0x0, 0xbf, 0xfb, 0x0,
    0x7, 0xf2, 0x0, 0x0, 0x0, 0x8f, 0x10, 0x0,
    0x4, 0xfc, 0xeb, 0x0, 0x8, 0xf8, 0x77, 0x77,
    0x77, 0xbf, 0x10, 0x0, 0xe, 0xf3, 0xeb, 0x0,
    0x8, 0xff, 0xff, 0xff, 0xff, 0xff, 0x20, 0x0,
    0x8, 0xa0, 0xeb, 0x0, 0x0, 0x0, 0x0, 0x0,
    0x0, 0x0, 0x0, 0x0, 0x0, 0x0, 0xeb, 0xf,
    0xff, 0xff, 0xff, 0xff, 0xff, 0xff, 0xff, 0xf0,
    0x0, 0x0, 0xeb, 0xf, 0xd7, 0x77, 0x77, 0x77,
    0x77, 0x77, 0x7c, 0xf0, 0x0, 0x0, 0xeb, 0xf,
    0xa0, 0x0, 0x0, 0x0, 0x0, 0x0, 0x9, 0xf0,
    0x0, 0x0, 0xeb, 0x2, 0x16, 0xa8, 0x77, 0x77,
    0x77, 0x79, 0x61, 0x20, 0x0, 0x0, 0xeb, 0x0,
    0x7, 0xff, 0xff, 0xff, 0xff, 0xff, 0x80, 0x0,
    0x0, 0x0, 0xeb, 0x0, 0x0, 0x0, 0x0, 0x9f,
    0x20, 0x0, 0x0, 0x0, 0x0, 0x0, 0xeb, 0x0,
    0x0, 0x0, 0x0, 0x9f, 0x20, 0x0, 0x0, 0x0,
    0x0, 0x0, 0xeb, 0x0, 0x0, 0x0, 0x0, 0x9f,
    0x20, 0x0, 0x0, 0x0, 0x0, 0x0, 0xec, 0x0,
    0x0, 0x0, 0x0, 0x9f, 0x20, 0x0, 0x0, 0x0,
    0x0, 0x0, 0xfc, 0x0, 0x0, 0x0, 0xbb, 0xff,
    0x10, 0x0, 0x0, 0x0, 0x0, 0x0, 0xfc, 0x0,
    0x0, 0x0, 0xaf, 0xf9, 0x0, 0x0, 0x0, 0x0,
    0x0, 0x0, 0x0, 0x0, 0x0, 0x0, 0x23, 0x0,
    0x0, 0x0, 0x0, 0x0,

    /* U+5065 "健" */
    0x0, 0x0, 0x10, 0x0, 0x0, 0x0, 0x0, 0x5,
    0x91, 0x0, 0x0, 0x0, 0x0, 0xd, 0xd1, 0x0,
    0x0, 0x0, 0x0, 0x9f, 0x10, 0x0, 0x0, 0x0,
    0x1, 0xfb, 0x13, 0x22, 0x20, 0x34, 0x4a, 0xf5,
    0x44, 0x40, 0x0, 0x0, 0x5f, 0x55, 0xff, 0xfd,
    0x9, 0xff, 0xff, 0xff, 0xff, 0x0, 0x0, 0xb,
    0xf2, 0x14, 0x6f, 0x70, 0x23, 0x39, 0xf3, 0x2a,
    0xf0, 0x0, 0x1, 0xff, 0x10, 0x6, 0xf2, 0x0,
    0x0, 0x8f, 0x10, 0x9e, 0x1, 0x0, 0x6f, 0xf1,
    0x0, 0xbd, 0x5, 0xff, 0xff, 0xff, 0xff, 0xff,
    0xb0, 0xd, 0xff, 0x10, 0xf, 0x80, 0x27, 0x77,
    0xbf, 0x77, 0xcf, 0x75, 0x5, 0xfe, 0xf1, 0x7,
    0xf4, 0x0, 0x0, 0x8, 0xf1, 0x9, 0xe0, 0x0,
    0xef, 0x7f, 0x13, 0xff, 0xaa, 0x29, 0xcc, 0xdf,
    0xcb, 0xef, 0x0, 0x8, 0x86, 0xf1, 0x1f, 0xfe,
    0xf2, 0x8b, 0xbd, 0xfb, 0xaa, 0xa0, 0x0, 0x0,
    0x6f, 0x10, 0x20, 0x5f, 0x10, 0x0, 0x8f, 0x10,
    0x0, 0x0, 0x0, 0x6, 0xf1, 0x0, 0x6, 0xf0,
    0x45, 0x5a, 0xf5, 0x55, 0x53, 0x0, 0x0, 0x6f,
    0x19, 0xb0, 0x8d, 0xc, 0xff, 0xff, 0xff, 0xff,
    0x70, 0x0, 0x6, 0xf1, 0x9f, 0xb, 0xb0, 0x32,
    0x29, 0xf2, 0x11, 0x21, 0x0, 0x0, 0x6f, 0x14,
    0xf6, 0xf8, 0x3, 0x22, 0x9f, 0x32, 0x22, 0x20,
    0x0, 0x6, 0xf1, 0xd, 0xff, 0x41, 0xff, 0xff,
    0xff, 0xff, 0xfd, 0x0, 0x0, 0x6f, 0x10, 0x5f,
    0xf0, 0x5, 0x54, 0xaf, 0x54, 0x44, 0x40, 0x0,
    0x6, 0xf1, 0x5, 0xff, 0xa1, 0x0, 0x8, 0xf1,
    0x0, 0x0, 0x0, 0x0, 0x7f, 0x12, 0xee, 0x8f,
    0xfa, 0x52, 0x8f, 0x10, 0x1, 0x33, 0x0, 0x7,
    0xf3, 0xdf, 0x30, 0x29, 0xff, 0xff, 0xff, 0xff,
    0xff, 0x60, 0x0, 0x9f, 0x4d, 0x60, 0x0, 0x0,
    0x46, 0x89, 0xaa, 0xaa, 0xa1, 0x0, 0x0, 0x0,
    0x0, 0x0, 0x0, 0x0, 0x0, 0x0, 0x0, 0x0,
    0x0,

    /* U+516D "六" */
    0x0, 0x0, 0x0, 0x0, 0x0, 0x0, 0x0, 0x0,
    0x0, 0x0, 0x0, 0x0, 0x0, 0x0, 0x0, 0x1b,
    0x70, 0x0, 0x0, 0x0, 0x0, 0x0, 0x0, 0x0,
    0x0, 0x0, 0x5f, 0xf4, 0x0, 0x0, 0x0, 0x0,
    0x0, 0x0, 0x0, 0x0, 0x0, 0xa, 0xfe, 0x10,
    0x0, 0x0, 0x0, 0x0, 0x0, 0x0, 0x0, 0x0,
    0x0, 0xef, 0x90, 0x0, 0x0, 0x0, 0x0, 0x0,
    0x0, 0x0, 0x0, 0x0, 0x5f, 0xc0, 0x0, 0x0,
    0x0, 0x0, 0x1, 0x0, 0x0, 0x0, 0x0, 0x4,
    0x0, 0x0, 0x0, 0x0, 0x0, 0x1f, 0xff, 0xee,
    0xee, 0xee, 0xee, 0xee, 0xee, 0xee, 0xef, 0xf8,
    0x1f, 0xff, 0xff, 0xff, 0xff, 0xff, 0xff, 0xff,
    0xff, 0xff, 0xf8, 0x0, 0x0, 0x0, 0x0, 0x0,
    0x0, 0x0, 0x0, 0x0, 0x0, 0x0, 0x0, 0x0,
    0x0, 0x0, 0x0, 0x0, 0x0, 0x0, 0x0, 0x0,
    0x0, 0x0, 0x0, 0x0, 0x8, 0x10, 0x0, 0x0,
    0x84, 0x0, 0x0, 0x0, 0x0, 0x0, 0x0, 0x3f,
    0xe4, 0x0, 0x9, 0xfe, 0x10, 0x0, 0x0, 0x0,
    0x0, 0x0, 0xcf, 0xe1, 0x0, 0x2, 0xff, 0xa0,
    0x0, 0x0, 0x0, 0x0, 0x6, 0xff, 0x50, 0x0,
    0x0, 0x5f, 0xf6, 0x0, 0x0, 0x0, 0x0, 0x2f,
    0xf9, 0x0, 0x0, 0x0, 0x9, 0xff, 0x30, 0x0,
    0x0, 0x0, 0xcf, 0xd0, 0x0, 0x0, 0x0, 0x0,
    0xdf, 0xd0, 0x0, 0x0, 0x9, 0xff, 0x30, 0x0,
    0x0, 0x0, 0x0, 0x2f, 0xf9, 0x0, 0x0, 0x8f,
    0xf8, 0x0, 0x0, 0x0, 0x0, 0x0, 0x7, 0xff,
    0x30, 0x7, 0xff, 0xb0, 0x0, 0x0, 0x0, 0x0,
    0x0, 0x0, 0xdf, 0xd0, 0xa, 0xfd, 0x10, 0x0,
    0x0, 0x0, 0x0, 0x0, 0x0, 0x4c, 0x20, 0x0,
    0x61, 0x0, 0x0, 0x0, 0x0, 0x0, 0x0, 0x0,
    0x0, 0x0,

    /* U+5173 "关" */
    0x0, 0x0, 0x0, 0x20, 0x0, 0x0, 0x0, 0x40,
    0x0, 0x0, 0x0, 0x0, 0x0, 0x3, 0xfa, 0x0,
    0x0, 0x1, 0xfd, 0x30, 0x0, 0x0, 0x0, 0x0,
    0x1, 0xef, 0x60, 0x0, 0x6, 0xfd, 0x0, 0x0,
    0x0, 0x0, 0x0, 0x0, 0x4f, 0xf1, 0x0, 0xc,
    0xf4, 0x0, 0x0, 0x0, 0x0, 0x0, 0x0, 0xb,
    0xb2, 0x0, 0x3f, 0xc0, 0x0, 0x0, 0x0, 0x0,
    0x69, 0x88, 0x89, 0x88, 0x88, 0xcf, 0xb8, 0x88,
    0x98, 0x0, 0x0, 0xaf, 0xff, 0xff, 0xff, 0xff,
    0xff, 0xff, 0xff, 0xfd, 0x0, 0x0, 0x11, 0x10,
    0x0, 0x1, 0xfc, 0x0, 0x0, 0x0, 0x11, 0x0,
    0x0, 0x0, 0x0, 0x0, 0x0, 0xfc, 0x0, 0x0,
    0x0, 0x0, 0x0, 0x0, 0x0, 0x0, 0x0, 0x0,
    0xfc, 0x0, 0x0, 0x0, 0x0, 0x0, 0x0, 0x0,
    0x0, 0x0, 0x0, 0xfc, 0x0, 0x0, 0x0, 0x0,
    0x0, 0x0, 0x0, 0x0, 0x0, 0x0, 0xfc, 0x0,
    0x0, 0x0, 0x1, 0x10, 0xb, 0xff, 0xff, 0xff,
    0xff, 0xff, 0xff, 0xff, 0xff, 0xff, 0xf0, 0x7,
    0x99, 0x88, 0x88, 0x8b, 0xff, 0xa8, 0x88, 0x88,
    0x99, 0xa0, 0x0, 0x0, 0x0, 0x0, 0x9, 0xff,
    0xc0, 0x0, 0x0, 0x0, 0x0, 0x0, 0x0, 0x0,
    0x0, 0x3f, 0xea, 0xf9, 0x0, 0x0, 0x0, 0x0,
    0x0, 0x0, 0x0, 0x1, 0xdf, 0x50, 0xdf, 0xa0,
    0x0, 0x0, 0x0, 0x0, 0x0, 0x0, 0x1d, 0xf9,
    0x0, 0x2e, 0xfc, 0x30, 0x0, 0x0, 0x0, 0x0,
    0x5, 0xef, 0x90, 0x0, 0x2, 0xef, 0xfa, 0x20,
    0x0, 0x0, 0x5, 0xcf, 0xf6, 0x0, 0x0, 0x0,
    0x1b, 0xff, 0xfd, 0x92, 0x9, 0xef, 0xfb, 0x20,
    0x0, 0x0, 0x0, 0x0, 0x5e, 0xff, 0xd0, 0x3,
    0xfb, 0x30, 0x0, 0x0, 0x0, 0x0, 0x0, 0x0,
    0x5c, 0x40, 0x0, 0x10, 0x0, 0x0, 0x0, 0x0,
    0x0, 0x0, 0x0, 0x0, 0x0,

    /* U+51FB "击" */
    0x0, 0x0, 0x0, 0x0, 0x0, 0xe, 0xd0, 0x0,
    0x0, 0x0, 0x0, 0x0, 0x0, 0x0, 0x0, 0x0,
    0x0, 0xf, 0xd0, 0x0, 0x0, 0x0, 0x0, 0x0,
    0x0, 0x0, 0x0, 0x0, 0x0, 0xf, 0xd0, 0x0,
    0x0, 0x0, 0x0, 0x0, 0x0, 0x2, 0x21, 0x11,
    0x11, 0x1f, 0xd1, 0x11, 0x11, 0x11, 0x10, 0x0,
    0x0, 0xb, 0xff, 0xff, 0xff, 0xff, 0xff, 0xff,
    0xff, 0xff, 0xb0, 0x0, 0x0, 0x6, 0x98, 0x88,
    0x88, 0x8f, 0xe8, 0x88, 0x88, 0x89, 0x60, 0x0,
    0x0, 0x0, 0x0, 0x0, 0x0, 0xf, 0xd0, 0x0,
    0x0, 0x0, 0x0, 0x0, 0x0, 0x0, 0x0, 0x0,
    0x0, 0xf, 0xd0, 0x0, 0x0, 0x0, 0x0, 0x0,
    0x0, 0x0, 0x0, 0x0, 0x0, 0xf, 0xd0, 0x0,
    0x0, 0x0, 0x0, 0x0, 0x9, 0x98, 0x88, 0x88,
    0x88, 0x8f, 0xe8, 0x88, 0x88, 0x88, 0x89, 0x90,
    0x1f, 0xff, 0xff, 0xff, 0xff, 0xff, 0xff, 0xff,
    0xff, 0xff, 0xff, 0xf1, 0x0, 0x0, 0x0, 0x0,
    0x0, 0xf, 0xd0, 0x0, 0x0, 0x0, 0x0, 0x0,
    0x0, 0x0, 0x0, 0x0, 0x0, 0xf, 0xd0, 0x0,
    0x0, 0x11, 0x0, 0x0, 0x0, 0x0, 0xff, 0x0,
    0x0, 0xf, 0xd0, 0x0, 0x0, 0xff, 0x0, 0x0,
    0x0, 0x0, 0xfe, 0x0, 0x0, 0xf, 0xd0, 0x0,
    0x0, 0xef, 0x0, 0x0, 0x0, 0x0, 0xfe, 0x0,
    0x0, 0xf, 0xd0, 0x0, 0x0, 0xef, 0x0, 0x0,
    0x0, 0x0, 0xfe, 0x0, 0x0, 0xf, 0xd0, 0x0,
    0x0, 0xef, 0x0, 0x0, 0x0, 0x0, 0xfe, 0x0,
    0x0, 0xf, 0xd0, 0x0, 0x0, 0xef, 0x0, 0x0,
    0x0, 0x0, 0xff, 0x88, 0x88, 0x8f, 0xe8, 0x88,
    0x88, 0xff, 0x0, 0x0, 0x0, 0x0, 0xff, 0xff,
    0xff, 0xff, 0xff, 0xff, 0xff, 0xff, 0x0, 0x0,
    0x0, 0x0, 0x0, 0x0, 0x0, 0x0, 0x0, 0x0,
    0x0, 0xef, 0x0, 0x0,

    /* U+5219 "则" */
    0x0, 0x0, 0x0, 0x0, 0x0, 0x0, 0x0, 0x0,
    0x0, 0x7, 0xa2, 0x0, 0x45, 0x55, 0x55, 0x55,
    0x55, 0x0, 0x0, 0x0, 0xc, 0xf3, 0x0, 0xef,
    0xff, 0xff, 0xff, 0xff, 0x20, 0x0, 0x0, 0xb,
    0xf3, 0x0, 0xdf, 0x54, 0x44, 0x44, 0xdf, 0x10,
    0xb, 0xb0, 0xb, 0xf2, 0x0, 0xdf, 0x20, 0x0,
    0x0, 0xcf, 0x10, 0xf, 0xf0, 0xb, 0xf2, 0x0,
    0xdf, 0x20, 0x76, 0x20, 0xcf, 0x10, 0xe, 0xf0,
    0xb, 0xf2, 0x0, 0xdf, 0x20, 0xdf, 0x50, 0xcf,
    0x10, 0xe, 0xf0, 0xb, 0xf2, 0x0, 0xdf, 0x20,
    0xdf, 0x30, 0xcf, 0x10, 0xe, 0xf0, 0xb, 0xf2,
    0x0, 0xdf, 0x20, 0xdf, 0x10, 0xcf, 0x10, 0xe,
    0xf0, 0xb, 0xf2, 0x0, 0xdf, 0x20, 0xcf, 0x10,
    0xcf, 0x10, 0xe, 0xf0, 0xb, 0xf2, 0x0, 0xdf,
    0x20, 0xcf, 0x0, 0xcf, 0x10, 0xe, 0xf0, 0xb,
    0xf2, 0x0, 0xdf, 0x20, 0xdf, 0x0, 0xcf, 0x10,
    0xe, 0xf0, 0xb, 0xf2, 0x0, 0xdf, 0x20, 0xff,
    0x0, 0xcf, 0x10, 0xe, 0xf0, 0xb, 0xf2, 0x0,
    0xef, 0x21, 0xfd, 0x0, 0xcf, 0x10, 0xe, 0xf0,
    0xb, 0xf2, 0x0, 0xef, 0x25, 0xfa, 0x0, 0xcf,
    0x20, 0xe, 0xf0, 0xb, 0xf2, 0x0, 0x12, 0xa,
    0xf5, 0x0, 0x0, 0x0, 0xf, 0xf0, 0xb, 0xf2,
    0x0, 0x0, 0x2f, 0xf0, 0x66, 0x0, 0x0, 0xf,
    0xf0, 0xb, 0xf2, 0x0, 0x0, 0xbf, 0x80, 0xef,
    0x90, 0x0, 0x0, 0x0, 0xb, 0xf2, 0x0, 0x9,
    0xfe, 0x0, 0x2e, 0xfc, 0x10, 0x0, 0x0, 0xb,
    0xf2, 0x2, 0xbf, 0xf3, 0x0, 0x1, 0xdf, 0xc0,
    0x0, 0x0, 0xc, 0xf2, 0x1e, 0xff, 0x30, 0x0,
    0x0, 0x1c, 0x20, 0x0, 0xb, 0xdf, 0xf2, 0x1,
    0xb2, 0x0, 0x0, 0x0, 0x0, 0x0, 0x0, 0xa,
    0xff, 0xb0, 0x0, 0x0, 0x0, 0x0, 0x0, 0x0,
    0x0, 0x0, 0x2, 0x52, 0x0,

    /* U+5236 "制" */
    0x0, 0x0, 0x0, 0x3, 0x30, 0x0, 0x0, 0x0,
    0x0, 0x0, 0x0, 0x0, 0x0, 0x0, 0x2, 0xff,
    0x0, 0x0, 0x0, 0x0, 0x0, 0xf, 0xf0, 0x0,
    0x5c, 0x70, 0x1f, 0xe0, 0x0, 0x0, 0x0, 0x0,
    0x0, 0xff, 0x0, 0x9, 0xf9, 0x1, 0xfe, 0x0,
    0x0, 0x0, 0x13, 0x20, 0xf, 0xf0, 0x0, 0xef,
    0xa9, 0x9f, 0xf9, 0x99, 0x97, 0x3, 0xfb, 0x0,
    0xff, 0x0, 0x6f, 0xff, 0xff, 0xff, 0xff, 0xff,
    0xb0, 0x2f, 0xa0, 0xf, 0xf0, 0xe, 0xf3, 0x0,
    0x1f, 0xe0, 0x0, 0x0, 0x2, 0xfa, 0x0, 0xff,
    0x0, 0x38, 0x0, 0x1, 0xfe, 0x0, 0x0, 0x0,
    0x2f, 0xa0, 0xf, 0xf0, 0x16, 0x55, 0x55, 0x6f,
    0xe5, 0x55, 0x66, 0x12, 0xfa, 0x0, 0xff, 0x2,
    0xff, 0xff, 0xff, 0xff, 0xff, 0xff, 0xf4, 0x2f,
    0xa0, 0xf, 0xf0, 0x3, 0x22, 0x22, 0x3f, 0xe2,
    0x22, 0x22, 0x2, 0xfa, 0x0, 0xff, 0x0, 0x0,
    0x0, 0x1, 0xfe, 0x0, 0x0, 0x0, 0x2f, 0xa0,
    0xf, 0xf0, 0x0, 0x55, 0x55, 0x5f, 0xe5, 0x55,
    0x54, 0x2, 0xfa, 0x0, 0xff, 0x0, 0x1f, 0xff,
    0xff, 0xff, 0xff, 0xff, 0xe0, 0x2f, 0xa0, 0xf,
    0xf0, 0x0, 0xfd, 0x33, 0x4f, 0xe3, 0x34, 0xfe,
    0x2, 0xfa, 0x0, 0xff, 0x0, 0xf, 0xd0, 0x1,
    0xfe, 0x0, 0x1f, 0xd0, 0x3f, 0xa0, 0xf, 0xf0,
    0x0, 0xfd, 0x0, 0x1f, 0xe0, 0x1, 0xfd, 0x4,
    0xfb, 0x0, 0xff, 0x0, 0xf, 0xd0, 0x1, 0xfe,
    0x1, 0x4f, 0xc0, 0x1, 0x10, 0xf, 0xf0, 0x1,
    0xfd, 0x0, 0x1f, 0xe0, 0xaf, 0xfb, 0x0, 0x0,
    0x0, 0xff, 0x0, 0x1f, 0xd0, 0x1, 0xfe, 0x5,
    0xea, 0x20, 0x0, 0x0, 0x2f, 0xe0, 0x0, 0x11,
    0x0, 0x1f, 0xe0, 0x0, 0x0, 0x0, 0x3, 0xff,
    0xfc, 0x0, 0x0, 0x0, 0x2, 0xff, 0x0, 0x0,
    0x0, 0x0, 0xe, 0xda, 0x20, 0x0, 0x0, 0x0,
    0x0, 0x0, 0x0, 0x0, 0x0, 0x0, 0x0, 0x0,
    0x0,

    /* U+52A8 "动" */
    0x0, 0x0, 0x0, 0x0, 0x0, 0x0, 0x0, 0x21,
    0x0, 0x0, 0x0, 0x0, 0x0, 0x0, 0x0, 0x0,
    0x0, 0x0, 0x9f, 0x70, 0x0, 0x0, 0x0, 0x0,
    0x0, 0x0, 0x0, 0x0, 0x0, 0x9f, 0x50, 0x0,
    0x0, 0x7, 0xa9, 0x99, 0x99, 0x99, 0x0, 0x0,
    0x8f, 0x40, 0x0, 0x0, 0xa, 0xff, 0xff, 0xff,
    0xff, 0x0, 0x0, 0x8f, 0x30, 0x0, 0x0, 0x1,
    0x10, 0x0, 0x0, 0x1, 0x11, 0x10, 0x9f, 0x40,
    0x0, 0x0, 0x0, 0x0, 0x0, 0x0, 0x0, 0x9f,
    0xff, 0xff, 0xff, 0xff, 0xf6, 0x0, 0x0, 0x0,
    0x0, 0x0, 0x59, 0x88, 0xcf, 0xa8, 0x8b, 0xf5,
    0x11, 0x0, 0x0, 0x0, 0x11, 0x10, 0x0, 0x9f,
    0x20, 0x7, 0xf4, 0xff, 0xff, 0xff, 0xff, 0xff,
    0xd0, 0x0, 0xaf, 0x10, 0x8, 0xf3, 0x87, 0x77,
    0xfe, 0x77, 0x78, 0x60, 0x0, 0xbf, 0x0, 0x9,
    0xf2, 0x0, 0x5, 0xf8, 0x0, 0x0, 0x0, 0x0,
    0xcf, 0x0, 0x9, 0xf2, 0x0, 0xa, 0xf2, 0x0,
    0x30, 0x0, 0x0, 0xed, 0x0, 0xa, 0xf1, 0x0,
    0x1f, 0xc0, 0xa, 0xf2, 0x0, 0x1, 0xfb, 0x0,
    0xb, 0xf0, 0x0, 0x7f, 0x40, 0x5, 0xfb, 0x0,
    0x4, 0xf7, 0x0, 0xc, 0xf0, 0x0, 0xec, 0x0,
    0x0, 0xcf, 0x40, 0x9, 0xf3, 0x0, 0xd, 0xf0,
    0x9, 0xf5, 0x24, 0x68, 0xdf, 0xc0, 0xe, 0xe0,
    0x0, 0xd, 0xe0, 0x6f, 0xff, 0xff, 0xff, 0xef,
    0xf4, 0x7f, 0x80, 0x0, 0xe, 0xe0, 0x1f, 0xeb,
    0x85, 0x30, 0x7, 0xd5, 0xff, 0x10, 0x0, 0xf,
    0xd0, 0x2, 0x0, 0x0, 0x0, 0x0, 0x1d, 0xf6,
    0x0, 0x0, 0x2f, 0xc0, 0x0, 0x0, 0x0, 0x0,
    0x1, 0xcf, 0xa0, 0x3, 0x9a, 0xef, 0x80, 0x0,
    0x0, 0x0, 0x0, 0x9, 0xfd, 0x0, 0x0, 0xef,
    0xfb, 0x0, 0x0, 0x0, 0x0, 0x0, 0x0, 0x71,
    0x0, 0x0, 0x44, 0x10, 0x0,

    /* U+542F "启" */
    0x0, 0x0, 0x0, 0x0, 0x0, 0x3, 0x80, 0x0,
    0x0, 0x0, 0x0, 0x0, 0x0, 0x0, 0x0, 0x1,
    0xef, 0x50, 0x0, 0x0, 0x0, 0x0, 0x0, 0x0,
    0x0, 0x0, 0x6, 0xfd, 0x0, 0x0, 0x0, 0x0,
    0x0, 0x4, 0x88, 0x88, 0x88, 0x9f, 0xfa, 0x88,
    0x88, 0x81, 0x0, 0x0, 0x7f, 0xff, 0xff, 0xff,
    0xff, 0xff, 0xff, 0xff, 0x20, 0x0, 0x7, 0xf2,
    0x0, 0x0, 0x0, 0x0, 0x0, 0xe, 0xf1, 0x0,
    0x0, 0x6f, 0x20, 0x0, 0x0, 0x0, 0x0, 0x0,
    0xef, 0x10, 0x0, 0x6, 0xf2, 0x0, 0x0, 0x0,
    0x0, 0x0, 0xe, 0xf1, 0x0, 0x0, 0x6f, 0x30,
    0x0, 0x0, 0x0, 0x0, 0x0, 0xef, 0x10, 0x0,
    0x8, 0xff, 0xff, 0xff, 0xff, 0xff, 0xff, 0xff,
    0xf2, 0x0, 0x0, 0x9f, 0x98, 0x88, 0x88, 0x88,
    0x88, 0x88, 0x88, 0x10, 0x0, 0xa, 0xf1, 0x0,
    0x0, 0x0, 0x0, 0x0, 0x0, 0x0, 0x0, 0x0,
    0xdf, 0x0, 0x0, 0x0, 0x0, 0x0, 0x0, 0x0,
    0x0, 0x0, 0xf, 0xe3, 0xff, 0xff, 0xff, 0xff,
    0xff, 0xff, 0xf6, 0x0, 0x3, 0xfb, 0x3f, 0xe8,
    0x88, 0x88, 0x88, 0x88, 0xdf, 0x60, 0x0, 0x7f,
    0x73, 0xfc, 0x0, 0x0, 0x0, 0x0, 0x9, 0xf5,
    0x0, 0xc, 0xf3, 0x2f, 0xc0, 0x0, 0x0, 0x0,
    0x0, 0x9f, 0x50, 0x1, 0xfd, 0x2, 0xfc, 0x0,
    0x0, 0x0, 0x0, 0x9, 0xf5, 0x0, 0x8f, 0x60,
    0x2f, 0xc0, 0x0, 0x0, 0x0, 0x0, 0xaf, 0x50,
    0x2f, 0xf0, 0x3, 0xff, 0xff, 0xff, 0xff, 0xff,
    0xff, 0xf5, 0xd, 0xf7, 0x0, 0x3f, 0xe8, 0x88,
    0x88, 0x88, 0x88, 0xdf, 0x60, 0x29, 0x0, 0x3,
    0xeb, 0x0, 0x0, 0x0, 0x0, 0x9, 0xf6,

    /* U+5468 "周" */
    0x0, 0x17, 0x77, 0x77, 0x77, 0x77, 0x77, 0x77,
    0x77, 0x77, 0x0, 0x3, 0xff, 0xff, 0xff, 0xff,
    0xff, 0xff, 0xff, 0xff, 0xf0, 0x0, 0x3f, 0xa0,
    0x0, 0x0, 0x56, 0x0, 0x0, 0x0, 0xdf, 0x0,
    0x2, 0xf9, 0x0, 0x0, 0xc, 0xf0, 0x0, 0x0,
    0xd, 0xe0, 0x0, 0x2f, 0x90, 0x11, 0x11, 0xcf,
    0x0, 0x11, 0x0, 0xde, 0x0, 0x2, 0xf9, 0x9,
    0xff, 0xff, 0xff, 0xff, 0xc0, 0xd, 0xe0, 0x0,
    0x2f, 0x90, 0x69, 0x99, 0xef, 0x88, 0x97, 0x0,
    0xde, 0x0, 0x2, 0xf9, 0x0, 0x0, 0xc, 0xf0,
    0x0, 0x0, 0xd, 0xe0, 0x0, 0x2f, 0x96, 0xba,
    0xaa, 0xef, 0xaa, 0xaa, 0xb1, 0xde, 0x0, 0x2,
    0xf8, 0x8f, 0xff, 0xff, 0xff, 0xff, 0xff, 0x1d,
    0xe0, 0x0, 0x4f, 0x80, 0x0, 0x0, 0x0, 0x0,
    0x0, 0x0, 0xde, 0x0, 0x5, 0xf7, 0x0, 0x0,
    0x0, 0x0, 0x0, 0x0, 0xd, 0xe0, 0x0, 0x7f,
    0x50, 0x2f, 0xff, 0xff, 0xff, 0xfa, 0x0, 0xde,
    0x0, 0x9, 0xf3, 0x1, 0xfd, 0x77, 0x77, 0x8f,
    0xa0, 0xd, 0xe0, 0x0, 0xcf, 0x10, 0x1f, 0xb0,
    0x0, 0x2, 0xfa, 0x0, 0xde, 0x0, 0xf, 0xe0,
    0x1, 0xfb, 0x0, 0x0, 0x2f, 0xa0, 0xd, 0xe0,
    0x4, 0xfb, 0x0, 0x2f, 0xd8, 0x88, 0x89, 0xfa,
    0x0, 0xde, 0x0, 0xaf, 0x60, 0x2, 0xff, 0xff,
    0xff, 0xff, 0xa0, 0xd, 0xe0, 0x2f, 0xf1, 0x0,
    0x0, 0x0, 0x0, 0x0, 0x0, 0x0, 0xee, 0xb,
    0xfb, 0x0, 0x0, 0x0, 0x0, 0x0, 0x1, 0xdd,
    0xff, 0xc0, 0x1c, 0x30, 0x0, 0x0, 0x0, 0x0,
    0x0, 0xb, 0xfe, 0xb3, 0x0, 0x0, 0x0, 0x0,
    0x0, 0x0, 0x0, 0x0, 0x0, 0x0, 0x0,

    /* U+56DB "四" */
    0xdf, 0xff, 0xff, 0xff, 0xff, 0xff, 0xff, 0xff,
    0xff, 0xf2, 0xdf, 0x98, 0x88, 0xaf, 0xc8, 0x9f,
    0xd8, 0x88, 0x8e, 0xf2, 0xcf, 0x10, 0x0, 0x4f,
    0x80, 0x1f, 0xb0, 0x0, 0xc, 0xf1, 0xcf, 0x10,
    0x0, 0x4f, 0x70, 0x1f, 0xb0, 0x0, 0xc, 0xf1,
    0xcf, 0x10, 0x0, 0x5f, 0x60, 0x1f, 0xb0, 0x0,
    0xc, 0xf1, 0xcf, 0x10, 0x0, 0x7f, 0x50, 0x1f,
    0xb0, 0x0, 0xc, 0xf1, 0xcf, 0x10, 0x0, 0x9f,
    0x20, 0x1f, 0xb0, 0x0, 0xc, 0xf1, 0xcf, 0x10,
    0x0, 0xee, 0x0, 0x1f, 0xb0, 0x0, 0xc, 0xf1,
    0xcf, 0x10, 0x4, 0xfa, 0x0, 0x1f, 0xb0, 0x0,
    0xc, 0xf1, 0xcf, 0x10, 0xc, 0xf3, 0x0, 0x1f,
    0xb0, 0x0, 0xc, 0xf1, 0xcf, 0x10, 0x7f, 0xa0,
    0x0, 0x1f, 0xd2, 0x12, 0x1c, 0xf1, 0xcf, 0x15,
    0xfe, 0x10, 0x0, 0xe, 0xff, 0xff, 0x3c, 0xf1,
    0xcf, 0x3e, 0xf4, 0x0, 0x0, 0x3, 0x89, 0x99,
    0xc, 0xf1, 0xcf, 0x12, 0x50, 0x0, 0x0, 0x0,
    0x0, 0x0, 0xc, 0xf1, 0xcf, 0x10, 0x0, 0x0,
    0x0, 0x0, 0x0, 0x0, 0xc, 0xf1, 0xcf, 0x10,
    0x0, 0x0, 0x0, 0x0, 0x0, 0x0, 0xc, 0xf1,
    0xcf, 0xaa, 0xaa, 0xaa, 0xaa, 0xaa, 0xaa, 0xaa,
    0xae, 0xf1, 0xcf, 0xff, 0xff, 0xff, 0xff, 0xff,
    0xff, 0xff, 0xff, 0xf1, 0xdf, 0x10, 0x0, 0x0,
    0x0, 0x0, 0x0, 0x0, 0xc, 0xf2, 0xdf, 0x10,
    0x0, 0x0, 0x0, 0x0, 0x0, 0x0, 0xc, 0xf2,
    0x23, 0x0, 0x0, 0x0, 0x0, 0x0, 0x0, 0x0,
    0x0, 0x0,

    /* U+5728 "在" */
    0x0, 0x0, 0x0, 0x0, 0x0, 0x85, 0x10, 0x0,
    0x0, 0x0, 0x0, 0x0, 0x0, 0x0, 0x0, 0x0,
    0x1f, 0xf2, 0x0, 0x0, 0x0, 0x0, 0x0, 0x0,
    0x0, 0x0, 0x0, 0x5, 0xfc, 0x0, 0x0, 0x0,
    0x0, 0x0, 0x0, 0x0, 0x0, 0x0, 0x0, 0xaf,
    0x60, 0x0, 0x0, 0x0, 0x0, 0x0, 0x0, 0xbc,
    0xcb, 0xbb, 0xbf, 0xfc, 0xbb, 0xbb, 0xbb, 0xbb,
    0xcc, 0x10, 0xd, 0xee, 0xdd, 0xde, 0xff, 0xdd,
    0xdd, 0xdd, 0xdd, 0xde, 0xe1, 0x0, 0x0, 0x0,
    0x0, 0xdf, 0x40, 0x0, 0x0, 0x0, 0x0, 0x0,
    0x0, 0x0, 0x0, 0x0, 0x6f, 0xc0, 0x0, 0x2f,
    0xc0, 0x0, 0x0, 0x0, 0x0, 0x0, 0x0, 0x3f,
    0xf3, 0x0, 0x2, 0xfc, 0x0, 0x0, 0x0, 0x0,
    0x0, 0x1, 0xff, 0xf9, 0x0, 0x0, 0x2f, 0xc0,
    0x0, 0x0, 0x0, 0x0, 0x0, 0x1f, 0xfd, 0x0,
    0x0, 0x2, 0xfc, 0x0, 0x0, 0x0, 0x0, 0x0,
    0x9, 0xff, 0x32, 0xba, 0xaa, 0xaf, 0xea, 0xaa,
    0xab, 0x0, 0x0, 0x9, 0xff, 0xc0, 0x3f, 0xff,
    0xff, 0xff, 0xff, 0xff, 0xf0, 0x0, 0xa, 0xff,
    0xfc, 0x0, 0x0, 0x0, 0x2f, 0xc0, 0x0, 0x0,
    0x0, 0x2e, 0xfe, 0x3f, 0xc0, 0x0, 0x0, 0x2,
    0xfc, 0x0, 0x0, 0x0, 0x0, 0x7c, 0x10, 0xfc,
    0x0, 0x0, 0x0, 0x2f, 0xc0, 0x0, 0x0, 0x0,
    0x0, 0x0, 0xf, 0xc0, 0x0, 0x0, 0x2, 0xfc,
    0x0, 0x0, 0x0, 0x0, 0x0, 0x0, 0xfc, 0x0,
    0x0, 0x0, 0x2f, 0xc0, 0x0, 0x0, 0x0, 0x0,
    0x0, 0xf, 0xc0, 0x0, 0x0, 0x2, 0xfc, 0x0,
    0x0, 0x0, 0x0, 0x0, 0x1, 0xfd, 0x19, 0x99,
    0x99, 0x9f, 0xe9, 0x99, 0x99, 0x92, 0x0, 0x0,
    0x1f, 0xd2, 0xff, 0xff, 0xff, 0xff, 0xff, 0xff,
    0xff, 0x40, 0x0, 0x2, 0xfe, 0x0, 0x0, 0x0,
    0x0, 0x0, 0x0, 0x0, 0x0,

    /* U+5883 "境" */
    0x0, 0x0, 0x0, 0x0, 0x0, 0x0, 0x2, 0xaa,
    0x0, 0x0, 0x0, 0x0, 0x0, 0x7, 0xd1, 0x0,
    0x0, 0x0, 0x1, 0xff, 0x0, 0x0, 0x0, 0x0,
    0x0, 0x8, 0xf1, 0x0, 0x57, 0x77, 0x77, 0xff,
    0x87, 0x77, 0x83, 0x0, 0x0, 0x8, 0xf1, 0x0,
    0xbf, 0xff, 0xff, 0xff, 0xff, 0xff, 0xf6, 0x0,
    0x0, 0x8, 0xf1, 0x0, 0x0, 0x6, 0x70, 0x0,
    0x7b, 0x30, 0x0, 0x0, 0x0, 0x8, 0xf1, 0x0,
    0x0, 0xc, 0xf2, 0x0, 0xbf, 0x30, 0x0, 0x0,
    0x3, 0x39, 0xf4, 0x41, 0x44, 0x38, 0xb4, 0x33,
    0xfd, 0x33, 0x34, 0x20, 0xc, 0xff, 0xff, 0xf3,
    0xff, 0xff, 0xff, 0xff, 0xff, 0xff, 0xff, 0x70,
    0x4, 0x39, 0xf4, 0x51, 0x53, 0x33, 0x33, 0x33,
    0x33, 0x33, 0x45, 0x20, 0x0, 0x8, 0xf1, 0x0,
    0x6, 0x66, 0x66, 0x66, 0x66, 0x66, 0x30, 0x0,
    0x0, 0x8, 0xf1, 0x0, 0x1f, 0xff, 0xff, 0xff,
    0xff, 0xff, 0x80, 0x0, 0x0, 0x8, 0xf1, 0x0,
    0x1f, 0xb0, 0x0, 0x0, 0x0, 0x1f, 0x80, 0x0,
    0x0, 0x8, 0xf1, 0x0, 0xf, 0xff, 0xff, 0xff,
    0xff, 0xff, 0x70, 0x0, 0x0, 0x8, 0xf1, 0x0,
    0xf, 0xd5, 0x55, 0x55, 0x55, 0x6f, 0x80, 0x0,
    0x0, 0x8, 0xf1, 0x13, 0x1f, 0xb0, 0x0, 0x0,
    0x0, 0x1f, 0x80, 0x0, 0x0, 0x8, 0xfb, 0xfc,
    0x1f, 0xff, 0xff, 0xff, 0xff, 0xff, 0x80, 0x0,
    0x6, 0xae, 0xff, 0xa4, 0x5, 0x58, 0xf9, 0x5c,
    0xf6, 0x55, 0x30, 0x0, 0xd, 0xfc, 0x50, 0x0,
    0x0, 0xa, 0xf2, 0xa, 0xf1, 0x0, 0x0, 0x0,
    0x5, 0x30, 0x0, 0x0, 0x0, 0x6f, 0xa0, 0xa,
    0xf1, 0x0, 0x6, 0x0, 0x0, 0x0, 0x0, 0x0,
    0x3a, 0xfd, 0x10, 0xa, 0xf2, 0x0, 0x4f, 0xd0,
    0x0, 0x0, 0x3, 0xae, 0xff, 0xa1, 0x0, 0x9,
    0xfc, 0x99, 0xdf, 0x80, 0x0, 0x0, 0x0, 0xef,
    0xa3, 0x0, 0x0, 0x3, 0xdf, 0xff, 0xfc, 0x10,
    0x0, 0x0, 0x0, 0x21, 0x0, 0x0, 0x0, 0x0,
    0x0, 0x0, 0x0, 0x0,

    /* U+5907 "备" */
    0x0, 0x0, 0x0, 0x0, 0x96, 0x0, 0x0, 0x0,
    0x0, 0x0, 0x0, 0x0, 0x0, 0x0, 0x0, 0x4f,
    0xe1, 0x0, 0x0, 0x0, 0x0, 0x0, 0x0, 0x0,
    0x0, 0x0, 0xd, 0xf3, 0x11, 0x11, 0x11, 0x11,
    0x10, 0x0, 0x0, 0x0, 0x0, 0x9, 0xff, 0xff,
    0xff, 0xff, 0xff, 0xfb, 0x0, 0x0, 0x0, 0x0,
    0x6, 0xff, 0x54, 0x44, 0x44, 0x45, 0xff, 0x20,
    0x0, 0x0, 0x0, 0x4, 0xff, 0xfd, 0x10, 0x0,
    0x0, 0xcf, 0x50, 0x0, 0x0, 0x0, 0x6, 0xff,
    0x35, 0xfe, 0x30, 0x0, 0xbf, 0x80, 0x0, 0x0,
    0x0, 0x0, 0x9e, 0x30, 0x4, 0xff, 0x61, 0xcf,
    0x80, 0x0, 0x0, 0x0, 0x0, 0x0, 0x10, 0x0,
    0x3, 0xef, 0xff, 0x60, 0x0, 0x0, 0x0, 0x0,
    0x0, 0x0, 0x0, 0x2, 0x8f, 0xff, 0xf8, 0x30,
    0x0, 0x0, 0x0, 0x0, 0x0, 0x25, 0x9d, 0xff,
    0xc5, 0x6d, 0xff, 0xeb, 0x97, 0x55, 0x50, 0x9d,
    0xff, 0xff, 0xc7, 0x20, 0x0, 0x3, 0x8d, 0xff,
    0xff, 0xf9, 0x4, 0xfc, 0x8c, 0x87, 0x77, 0x77,
    0x77, 0x77, 0x77, 0x94, 0x79, 0x20, 0x0, 0x0,
    0xff, 0xff, 0xff, 0xff, 0xff, 0xff, 0xfe, 0x0,
    0x0, 0x0, 0x0, 0xf, 0xc0, 0x0, 0xe, 0xc0,
    0x0, 0xd, 0xe0, 0x0, 0x0, 0x0, 0x0, 0xfc,
    0x0, 0x0, 0xec, 0x0, 0x0, 0xde, 0x0, 0x0,
    0x0, 0x0, 0xf, 0xff, 0xff, 0xff, 0xff, 0xff,
    0xff, 0xe0, 0x0, 0x0, 0x0, 0x0, 0xfd, 0x77,
    0x77, 0xfd, 0x77, 0x77, 0xee, 0x0, 0x0, 0x0,
    0x0, 0xf, 0xc0, 0x0, 0xe, 0xc0, 0x0, 0xd,
    0xe0, 0x0, 0x0, 0x0, 0x0, 0xfd, 0x77, 0x77,
    0xfd, 0x77, 0x77, 0xee, 0x0, 0x0, 0x0, 0x0,
    0xf, 0xff, 0xff, 0xff, 0xff, 0xff, 0xff, 0xe0,
    0x0, 0x0, 0x0, 0x0, 0xfc, 0x0, 0x0, 0x0,
    0x0, 0x0, 0xdf, 0x0, 0x0,

    /* U+5B50 "子" */
    0x0, 0x1, 0x0, 0x0, 0x0, 0x0, 0x0, 0x0,
    0x0, 0x0, 0x0, 0x0, 0x1f, 0xff, 0xff, 0xff,
    0xff, 0xff, 0xff, 0xff, 0xf6, 0x0, 0x0, 0x9,
    0x88, 0x88, 0x88, 0x88, 0x88, 0x8b, 0xff, 0xf5,
    0x0, 0x0, 0x0, 0x0, 0x0, 0x0, 0x0, 0x0,
    0x9f, 0xf9, 0x10, 0x0, 0x0, 0x0, 0x0, 0x0,
    0x0, 0x0, 0x5e, 0xfb, 0x20, 0x0, 0x0, 0x0,
    0x0, 0x0, 0x0, 0x0, 0x3b, 0xfe, 0x50, 0x0,
    0x0, 0x0, 0x0, 0x0, 0x0, 0x0, 0x0, 0xdf,
    0xa1, 0x0, 0x0, 0x0, 0x0, 0x0, 0x0, 0x0,
    0x0, 0x0, 0xcf, 0x10, 0x0, 0x0, 0x0, 0x0,
    0x0, 0x0, 0x0, 0x0, 0x0, 0xcf, 0x10, 0x0,
    0x0, 0x0, 0x0, 0x7a, 0xaa, 0xaa, 0xaa, 0xaa,
    0xef, 0xaa, 0xaa, 0xaa, 0xaa, 0xb9, 0xae, 0xed,
    0xdd, 0xdd, 0xdd, 0xff, 0xdd, 0xdd, 0xdd, 0xdd,
    0xda, 0x0, 0x0, 0x0, 0x0, 0x0, 0xcf, 0x10,
    0x0, 0x0, 0x0, 0x0, 0x0, 0x0, 0x0, 0x0,
    0x0, 0xcf, 0x10, 0x0, 0x0, 0x0, 0x0, 0x0,
    0x0, 0x0, 0x0, 0x0, 0xcf, 0x10, 0x0, 0x0,
    0x0, 0x0, 0x0, 0x0, 0x0, 0x0, 0x0, 0xcf,
    0x10, 0x0, 0x0, 0x0, 0x0, 0x0, 0x0, 0x0,
    0x0, 0x0, 0xcf, 0x10, 0x0, 0x0, 0x0, 0x0,
    0x0, 0x0, 0x0, 0x0, 0x0, 0xcf, 0x10, 0x0,
    0x0, 0x0, 0x0, 0x0, 0x0, 0x0, 0x0, 0x0,
    0xcf, 0x10, 0x0, 0x0, 0x0, 0x0, 0x0, 0x0,
    0x0, 0x0, 0x2, 0xef, 0x10, 0x0, 0x0, 0x0,
    0x0, 0x0, 0x0, 0x0, 0xc, 0xff, 0xfe, 0x0,
    0x0, 0x0, 0x0, 0x0, 0x0, 0x0, 0x0, 0x6,
    0xff, 0xc4, 0x0, 0x0, 0x0, 0x0, 0x0, 0x0,
    0x0, 0x0, 0x0, 0x10, 0x0, 0x0, 0x0, 0x0,
    0x0, 0x0,

    /* U+5B88 "守" */
    0x0, 0x0, 0x0, 0x0, 0x1, 0x70, 0x0, 0x0,
    0x0, 0x0, 0x0, 0x0, 0x0, 0x0, 0x0, 0xdf,
    0x60, 0x0, 0x0, 0x0, 0x0, 0x0, 0x0, 0x0,
    0x0, 0x4, 0xfe, 0x10, 0x0, 0x0, 0x0, 0x0,
    0x0, 0x0, 0x0, 0x0, 0xa, 0xa2, 0x0, 0x0,
    0x0, 0x0, 0x2, 0xff, 0xff, 0xff, 0xff, 0xff,
    0xff, 0xff, 0xff, 0xff, 0xc0, 0x1f, 0xea, 0xaa,
    0xaa, 0xaa, 0xaa, 0xaa, 0xaa, 0xab, 0xfc, 0x1,
    0xfc, 0x0, 0x0, 0x0, 0x0, 0x0, 0x0, 0x0,
    0x2f, 0xc0, 0x2f, 0xc0, 0x0, 0x0, 0x0, 0x0,
    0xdf, 0x20, 0x2, 0xfc, 0x2, 0xb9, 0x0, 0x0,
    0x0, 0x0, 0xd, 0xf2, 0x0, 0x5, 0x40, 0x0,
    0x0, 0x0, 0x0, 0x0, 0x0, 0xcf, 0x10, 0x0,
    0x0, 0x4e, 0xdd, 0xdd, 0xdd, 0xdd, 0xdd, 0xdf,
    0xfd, 0xdd, 0xdd, 0xb4, 0xee, 0xdd, 0xdd, 0xdd,
    0xdd, 0xdd, 0xff, 0xdd, 0xde, 0xec, 0x0, 0x0,
    0x0, 0x0, 0x0, 0x0, 0xc, 0xf1, 0x0, 0x0,
    0x0, 0x0, 0x2b, 0x10, 0x0, 0x0, 0x0, 0xcf,
    0x10, 0x0, 0x0, 0x0, 0x8, 0xfd, 0x10, 0x0,
    0x0, 0xc, 0xf1, 0x0, 0x0, 0x0, 0x0, 0x9,
    0xfb, 0x0, 0x0, 0x0, 0xcf, 0x10, 0x0, 0x0,
    0x0, 0x0, 0xb, 0xf9, 0x0, 0x0, 0xc, 0xf1,
    0x0, 0x0, 0x0, 0x0, 0x0, 0x1e, 0x80, 0x0,
    0x0, 0xcf, 0x10, 0x0, 0x0, 0x0, 0x0, 0x0,
    0x0, 0x0, 0x0, 0xc, 0xf1, 0x0, 0x0, 0x0,
    0x0, 0x0, 0x0, 0x0, 0x0, 0x2, 0xef, 0x10,
    0x0, 0x0, 0x0, 0x0, 0x0, 0x0, 0x4, 0xff,
    0xff, 0xe0, 0x0, 0x0, 0x0, 0x0, 0x0, 0x0,
    0x0, 0xe, 0xfd, 0xa3, 0x0, 0x0, 0x0, 0x0,
    0x0, 0x0, 0x0, 0x0, 0x0, 0x0, 0x0, 0x0,
    0x0, 0x0,

    /* U+5DF2 "已" */
    0x7c, 0xcc, 0xbb, 0xbb, 0xbb, 0xbb, 0xbb, 0xbb,
    0xb9, 0x0, 0x8, 0xff, 0xff, 0xff, 0xff, 0xff,
    0xff, 0xff, 0xff, 0xc0, 0x0, 0x0, 0x0, 0x0,
    0x0, 0x0, 0x0, 0x0, 0x4, 0xfb, 0x0, 0x0,
    0x0, 0x0, 0x0, 0x0, 0x0, 0x0, 0x0, 0x4f,
    0xb0, 0x0, 0x0, 0x0, 0x0, 0x0, 0x0, 0x0,
    0x0, 0x4, 0xfb, 0x0, 0x0, 0x9a, 0x30, 0x0,
    0x0, 0x0, 0x0, 0x0, 0x4f, 0xb0, 0x0, 0xe,
    0xf4, 0x0, 0x0, 0x0, 0x0, 0x0, 0x4, 0xfb,
    0x0, 0x0, 0xdf, 0x40, 0x0, 0x0, 0x0, 0x0,
    0x0, 0x4f, 0xb0, 0x0, 0xd, 0xff, 0xff, 0xff,
    0xff, 0xff, 0xff, 0xff, 0xfb, 0x0, 0x0, 0xdf,
    0x98, 0x88, 0x88, 0x88, 0x88, 0x88, 0xaf, 0xc0,
    0x0, 0xd, 0xf2, 0x0, 0x0, 0x0, 0x0, 0x0,
    0x3, 0xda, 0x0, 0x0, 0xdf, 0x20, 0x0, 0x0,
    0x0, 0x0, 0x0, 0x0, 0x0, 0x0, 0xd, 0xf2,
    0x0, 0x0, 0x0, 0x0, 0x0, 0x0, 0x0, 0x0,
    0x0, 0xdf, 0x20, 0x0, 0x0, 0x0, 0x0, 0x0,
    0x0, 0x0, 0x0, 0xd, 0xf2, 0x0, 0x0, 0x0,
    0x0, 0x0, 0x0, 0x0, 0x60, 0x0, 0xdf, 0x20,
    0x0, 0x0, 0x0, 0x0, 0x0, 0x0, 0x1f, 0xe3,
    0xd, 0xf3, 0x0, 0x0, 0x0, 0x0, 0x0, 0x0,
    0x4, 0xff, 0x20, 0xcf, 0xa0, 0x0, 0x0, 0x0,
    0x0, 0x0, 0x0, 0xbf, 0xd0, 0x8, 0xff, 0xfe,
    0xee, 0xee, 0xee, 0xee, 0xdd, 0xff, 0xf6, 0x0,
    0x8, 0xde, 0xee, 0xee, 0xee, 0xee, 0xee, 0xee,
    0xc6, 0x0,

    /* U+5E38 "常" */
    0x0, 0x0, 0x10, 0x0, 0x0, 0x9a, 0x0, 0x0,
    0x20, 0x0, 0x0, 0x0, 0x1, 0xc9, 0x0, 0x0,
    0xef, 0x0, 0x0, 0xdc, 0x10, 0x0, 0x0, 0x0,
    0xcf, 0x60, 0x0, 0xdf, 0x0, 0x5, 0xfb, 0x0,
    0x0, 0x0, 0x0, 0x2f, 0xd0, 0x0, 0xdf, 0x0,
    0xd, 0xe1, 0x0, 0x0, 0x7, 0x77, 0x7c, 0x87,
    0x77, 0xef, 0x77, 0x9f, 0xb7, 0x77, 0x71, 0x1f,
    0xff, 0xff, 0xff, 0xff, 0xff, 0xff, 0xff, 0xff,
    0xff, 0xf1, 0xf, 0xc0, 0x0, 0x0, 0x0, 0x0,
    0x0, 0x0, 0x0, 0xb, 0xf1, 0xf, 0xc0, 0x11,
    0x11, 0x11, 0x11, 0x11, 0x11, 0x11, 0xb, 0xf1,
    0x1f, 0xc0, 0xbf, 0xff, 0xff, 0xff, 0xff, 0xff,
    0xfb, 0xb, 0xf2, 0x5, 0x30, 0xbf, 0x66, 0x66,
    0x66, 0x66, 0x66, 0xfb, 0x2, 0x30, 0x0, 0x0,
    0xaf, 0x0, 0x0, 0x0, 0x0, 0x0, 0xfa, 0x0,
    0x0, 0x0, 0x0, 0xbf, 0x88, 0x88, 0x88, 0x88,
    0x88, 0xfb, 0x0, 0x0, 0x0, 0x0, 0xbf, 0xff,
    0xff, 0xff, 0xff, 0xff, 0xfb, 0x0, 0x0, 0x0,
    0x0, 0x0, 0x0, 0x0, 0xdf, 0x0, 0x0, 0x0,
    0x0, 0x0, 0x0, 0x47, 0x77, 0x77, 0x77, 0xef,
    0x77, 0x77, 0x77, 0x75, 0x0, 0x0, 0x9f, 0xff,
    0xff, 0xff, 0xff, 0xff, 0xff, 0xff, 0xfb, 0x0,
    0x0, 0x8f, 0x40, 0x0, 0x0, 0xdf, 0x0, 0x0,
    0x1, 0xfa, 0x0, 0x0, 0x8f, 0x40, 0x0, 0x0,
    0xdf, 0x0, 0x0, 0x1, 0xfa, 0x0, 0x0, 0x8f,
    0x40, 0x0, 0x0, 0xdf, 0x0, 0x0, 0x2, 0xfa,
    0x0, 0x0, 0x9f, 0x40, 0x0, 0x0, 0xdf, 0x0,
    0x2b, 0xbe, 0xf8, 0x0, 0x0, 0x7b, 0x20, 0x0,
    0x0, 0xef, 0x0, 0xd, 0xfe, 0x90, 0x0, 0x0,
    0x0, 0x0, 0x0, 0x0, 0xef, 0x0, 0x1, 0x10,
    0x0, 0x0,

    /* U+5EA6 "度" */
    0x0, 0x0, 0x0, 0x0, 0x0, 0x2, 0x82, 0x0,
    0x0, 0x0, 0x0, 0x0, 0x0, 0x0, 0x0, 0x0,
    0x0, 0x9f, 0x90, 0x0, 0x0, 0x0, 0x0, 0x0,
    0x0, 0x0, 0x0, 0x0, 0x3, 0xfe, 0x0, 0x0,
    0x0, 0x0, 0x0, 0x0, 0xaf, 0xff, 0xff, 0xff,
    0xff, 0xff, 0xff, 0xff, 0xff, 0x60, 0x0, 0xa,
    0xf9, 0x88, 0x88, 0x88, 0x88, 0x88, 0x88, 0x89,
    0x93, 0x0, 0x0, 0xaf, 0x20, 0x0, 0xac, 0x10,
    0x0, 0xd, 0xe0, 0x0, 0x0, 0x0, 0xa, 0xf2,
    0x0, 0xb, 0xf1, 0x0, 0x0, 0xef, 0x0, 0x0,
    0x0, 0x0, 0xaf, 0x28, 0x77, 0xdf, 0x77, 0x77,
    0x7e, 0xf7, 0x78, 0x40, 0x0, 0xa, 0xf2, 0xff,
    0xff, 0xff, 0xff, 0xff, 0xff, 0xff, 0xf7, 0x0,
    0x0, 0xaf, 0x10, 0x0, 0xbf, 0x10, 0x0, 0xe,
    0xe0, 0x0, 0x0, 0x0, 0xb, 0xf1, 0x0, 0xb,
    0xf1, 0x0, 0x0, 0xee, 0x0, 0x0, 0x0, 0x0,
    0xbf, 0x0, 0x0, 0xcf, 0xff, 0xff, 0xff, 0xf0,
    0x0, 0x0, 0x0, 0xc, 0xf0, 0x0, 0x7, 0x88,
    0x88, 0x88, 0x88, 0x0, 0x0, 0x0, 0x0, 0xde,
    0x0, 0x11, 0x0, 0x0, 0x0, 0x0, 0x0, 0x0,
    0x0, 0x0, 0xe, 0xd0, 0x7f, 0xff, 0xff, 0xff,
    0xff, 0xff, 0xf2, 0x0, 0x0, 0x1, 0xfa, 0x3,
    0x66, 0xdf, 0x65, 0x55, 0x5c, 0xf8, 0x0, 0x0,
    0x0, 0x3f, 0x80, 0x0, 0x4, 0xfa, 0x0, 0x4,
    0xfc, 0x0, 0x0, 0x0, 0x7, 0xf4, 0x0, 0x0,
    0x9, 0xf8, 0x3, 0xfd, 0x10, 0x0, 0x0, 0x0,
    0xcf, 0x10, 0x0, 0x0, 0xb, 0xfb, 0xfe, 0x20,
    0x0, 0x0, 0x0, 0x3f, 0xc0, 0x0, 0x0, 0x0,
    0x5f, 0xff, 0x91, 0x0, 0x0, 0x0, 0xa, 0xf5,
    0x0, 0x13, 0x6a, 0xef, 0xe9, 0xdf, 0xfe, 0xb8,
    0x65, 0x30, 0x7d, 0x1, 0xef, 0xff, 0xea, 0x50,
    0x0, 0x38, 0xcf, 0xff, 0xf5, 0x0, 0x0, 0x4,
    0x85, 0x10, 0x0, 0x0, 0x0, 0x0, 0x3, 0x57,
    0x0,

    /* U+5EB7 "康" */
    0x0, 0x0, 0x0, 0x0, 0x0, 0x4, 0x95, 0x0,
    0x0, 0x0, 0x0, 0x0, 0x0, 0x0, 0x0, 0x0,
    0x0, 0x6f, 0xc0, 0x0, 0x0, 0x0, 0x0, 0x0,
    0x1, 0x55, 0x55, 0x55, 0x56, 0xff, 0x65, 0x55,
    0x55, 0x65, 0x0, 0x0, 0x3f, 0xff, 0xff, 0xff,
    0xff, 0xff, 0xff, 0xff, 0xff, 0xc0, 0x0, 0x2,
    0xfb, 0x0, 0x0, 0x0, 0xbf, 0x10, 0x0, 0x0,
    0x0, 0x0, 0x0, 0x2f, 0xb0, 0x11, 0x0, 0xb,
    0xf1, 0x0, 0x0, 0x0, 0x0, 0x0, 0x2, 0xfb,
    0xe, 0xff, 0xff, 0xff, 0xff, 0xff, 0xff, 0x20,
    0x0, 0x0, 0x1f, 0xb0, 0x66, 0x65, 0x5d, 0xf6,
    0x55, 0x5e, 0xf1, 0x0, 0x0, 0x1, 0xfa, 0x21,
    0x11, 0x11, 0xbf, 0x11, 0x11, 0xdf, 0x21, 0x0,
    0x0, 0x1f, 0xaf, 0xff, 0xff, 0xff, 0xff, 0xff,
    0xff, 0xff, 0xf6, 0x0, 0x2, 0xfa, 0x65, 0x55,
    0x55, 0xdf, 0x65, 0x55, 0xef, 0x66, 0x20, 0x0,
    0x2f, 0x90, 0x21, 0x11, 0x1b, 0xf1, 0x11, 0x1d,
    0xf1, 0x0, 0x0, 0x4, 0xf8, 0xf, 0xff, 0xff,
    0xff, 0xff, 0xff, 0xff, 0x10, 0x0, 0x0, 0x5f,
    0x70, 0x54, 0x44, 0x4c, 0xff, 0x44, 0x44, 0x40,
    0x0, 0x0, 0x8, 0xf5, 0x5e, 0x40, 0x0, 0xbf,
    0xf8, 0x0, 0x6d, 0x20, 0x0, 0x0, 0xbf, 0x24,
    0xef, 0x70, 0x4e, 0xf9, 0xf5, 0x3f, 0xd2, 0x0,
    0x0, 0x1f, 0xd0, 0x1, 0xca, 0xaf, 0xff, 0x1d,
    0xff, 0xc1, 0x0, 0x0, 0x7, 0xf9, 0x0, 0x5,
    0xef, 0x5b, 0xf1, 0x2e, 0xf6, 0x0, 0x0, 0x1,
    0xff, 0x20, 0x2b, 0xfd, 0x20, 0xbf, 0x10, 0x3e,
    0xfb, 0x20, 0x0, 0xbf, 0xb0, 0x2f, 0xfa, 0x10,
    0x1e, 0xf0, 0x0, 0x1c, 0xff, 0xc5, 0xb, 0xf1,
    0x0, 0x86, 0x4, 0xff, 0xfe, 0x0, 0x0, 0x7,
    0xee, 0x10, 0x3, 0x0, 0x0, 0x0, 0xe, 0xd9,
    0x20, 0x0, 0x0, 0x0, 0x30,

    /* U+5F00 "开" */
    0x0, 0x33, 0x22, 0x22, 0x22, 0x22, 0x22, 0x22,
    0x22, 0x23, 0x10, 0x0, 0xff, 0xff, 0xff, 0xff,
    0xff, 0xff, 0xff, 0xff, 0xff, 0x80, 0x0, 0x99,
    0x88, 0x8e, 0xfa, 0x88, 0x88, 0xff, 0x88, 0x89,
    0x50, 0x0, 0x0, 0x0, 0xc, 0xf3, 0x0, 0x0,
    0xfe, 0x0, 0x0, 0x0, 0x0, 0x0, 0x0, 0xc,
    0xf3, 0x0, 0x0, 0xfe, 0x0, 0x0, 0x0, 0x0,
    0x0, 0x0, 0xc, 0xf3, 0x0, 0x0, 0xfe, 0x0,
    0x0, 0x0, 0x0, 0x0, 0x0, 0xc, 0xf3, 0x0,
    0x0, 0xfe, 0x0, 0x0, 0x0, 0x0, 0x0, 0x0,
    0xc, 0xf3, 0x0, 0x0, 0xfe, 0x0, 0x0, 0x0,
    0x0, 0x0, 0x0, 0xc, 0xf3, 0x0, 0x0, 0xfe,
    0x0, 0x0, 0x0, 0x7b, 0xba, 0xaa, 0xae, 0xfb,
    0xaa, 0xaa, 0xff, 0xaa, 0xaa, 0xb8, 0xbf, 0xff,
    0xff, 0xff, 0xff, 0xff, 0xff, 0xff, 0xff, 0xff,
    0xfb, 0x22, 0x0, 0x0, 0xe, 0xf1, 0x0, 0x0,
    0xfe, 0x0, 0x0, 0x1, 0x0, 0x0, 0x0, 0x1f,
    0xd0, 0x0, 0x0, 0xfe, 0x0, 0x0, 0x0, 0x0,
    0x0, 0x0, 0x7f, 0xa0, 0x0, 0x0, 0xfe, 0x0,
    0x0, 0x0, 0x0, 0x0, 0x0, 0xdf, 0x50, 0x0,
    0x0, 0xfe, 0x0, 0x0, 0x0, 0x0, 0x0, 0x6,
    0xfe, 0x0, 0x0, 0x0, 0xfe, 0x0, 0x0, 0x0,
    0x0, 0x0, 0x2f, 0xf6, 0x0, 0x0, 0x0, 0xfe,
    0x0, 0x0, 0x0, 0x0, 0x2, 0xef, 0xc0, 0x0,
    0x0, 0x1, 0xfe, 0x0, 0x0, 0x0, 0x0, 0x6f,
    0xfd, 0x10, 0x0, 0x0, 0x1, 0xff, 0x0, 0x0,
    0x0, 0xa, 0xff, 0xd1, 0x0, 0x0, 0x0, 0x1,
    0xff, 0x0, 0x0, 0x0, 0x0, 0x7a, 0x0, 0x0,
    0x0, 0x0, 0x2, 0xff, 0x0, 0x0, 0x0,

    /* U+5F0F "式" */
    0x0, 0x0, 0x0, 0x0, 0x0, 0xa, 0x92, 0x0,
    0x0, 0x0, 0x0, 0x0, 0x0, 0x0, 0x0, 0x0,
    0xf, 0xf4, 0x6, 0xd1, 0x0, 0x0, 0x0, 0x0,
    0x0, 0x0, 0x0, 0xf, 0xf3, 0xb, 0xfd, 0x10,
    0x0, 0x0, 0x0, 0x0, 0x0, 0x0, 0xe, 0xf3,
    0x0, 0xcf, 0xb0, 0x0, 0x0, 0x0, 0x0, 0x0,
    0x0, 0xd, 0xf4, 0x0, 0x1a, 0x10, 0x0, 0xbc,
    0xcb, 0xbb, 0xbb, 0xbb, 0xbf, 0xfc, 0xbb, 0xbb,
    0xcc, 0x80, 0xdf, 0xff, 0xff, 0xff, 0xff, 0xff,
    0xff, 0xff, 0xff, 0xff, 0xa0, 0x0, 0x0, 0x0,
    0x0, 0x0, 0x8, 0xf6, 0x0, 0x0, 0x0, 0x0,
    0x0, 0x0, 0x0, 0x0, 0x0, 0x6, 0xf9, 0x0,
    0x0, 0x0, 0x0, 0x0, 0x0, 0x0, 0x0, 0x0,
    0x3, 0xfb, 0x0, 0x0, 0x0, 0x0, 0x6, 0xba,
    0xaa, 0xaa, 0xbb, 0x70, 0xfe, 0x0, 0x0, 0x0,
    0x0, 0x8, 0xff, 0xff, 0xff, 0xff, 0xa0, 0xcf,
    0x20, 0x0, 0x0, 0x0, 0x0, 0x0, 0xc, 0xf1,
    0x0, 0x0, 0x7f, 0x60, 0x0, 0x0, 0x0, 0x0,
    0x0, 0xc, 0xf1, 0x0, 0x0, 0x3f, 0xb0, 0x0,
    0x0, 0x0, 0x0, 0x0, 0xc, 0xf1, 0x0, 0x0,
    0xe, 0xf1, 0x0, 0x0, 0x0, 0x0, 0x0, 0xc,
    0xf1, 0x0, 0x0, 0x9, 0xf7, 0x0, 0x0, 0x0,
    0x0, 0x0, 0xc, 0xf1, 0x0, 0x1, 0x2, 0xff,
    0x10, 0x3, 0x0, 0x0, 0x0, 0xc, 0xf5, 0x8c,
    0xf9, 0x0, 0xbf, 0x90, 0x7, 0xe7, 0x0, 0x25,
    0x8e, 0xff, 0xfd, 0xa4, 0x0, 0x2f, 0xf6, 0x9,
    0xfb, 0x4f, 0xff, 0xfe, 0x95, 0x10, 0x0, 0x0,
    0x6, 0xff, 0x7d, 0xf7, 0xe, 0xfa, 0x40, 0x0,
    0x0, 0x0, 0x0, 0x0, 0x8f, 0xff, 0xf2, 0x3,
    0x0, 0x0, 0x0, 0x0, 0x0, 0x0, 0x0, 0x5,
    0xef, 0x80, 0x0, 0x0, 0x0, 0x0, 0x0, 0x0,
    0x0, 0x0, 0x0, 0x0, 0x0,

    /* U+5F85 "待" */
    0x0, 0x0, 0x3, 0x20, 0x0, 0x0, 0x8, 0x90,
    0x0, 0x0, 0x0, 0x0, 0x0, 0xd, 0xf4, 0x0,
    0x0, 0xd, 0xf0, 0x0, 0x0, 0x0, 0x0, 0x0,
    0x9f, 0xb0, 0x0, 0x0, 0xd, 0xf0, 0x0, 0x0,
    0x0, 0x0, 0x6, 0xfd, 0x0, 0x1, 0x10, 0xd,
    0xf0, 0x0, 0x12, 0x0, 0x0, 0x4f, 0xe2, 0x0,
    0x6f, 0xff, 0xff, 0xff, 0xff, 0xff, 0x0, 0x4,
    0xff, 0x30, 0x0, 0x38, 0x88, 0x7e, 0xf7, 0x77,
    0x77, 0x0, 0x2f, 0xf4, 0x1, 0xe4, 0x0, 0x0,
    0xd, 0xf0, 0x0, 0x0, 0x0, 0x5, 0x40, 0x9,
    0xfa, 0x0, 0x0, 0xd, 0xf0, 0x0, 0x0, 0x0,
    0x0, 0x0, 0x4f, 0xc3, 0x99, 0x98, 0x8e, 0xf8,
    0x88, 0x88, 0x97, 0x0, 0x1, 0xef, 0x25, 0xff,
    0xff, 0xff, 0xff, 0xff, 0xff, 0xfc, 0x0, 0xa,
    0xfb, 0x0, 0x10, 0x0, 0x0, 0x0, 0xaf, 0x20,
    0x0, 0x0, 0x7f, 0xfb, 0x0, 0x0, 0x0, 0x0,
    0x0, 0xaf, 0x20, 0x0, 0x6, 0xfd, 0xfb, 0x1,
    0x21, 0x11, 0x11, 0x11, 0xbf, 0x31, 0x21, 0x6f,
    0xd2, 0xfb, 0x8, 0xff, 0xff, 0xff, 0xff, 0xff,
    0xff, 0xf8, 0x4e, 0x21, 0xfb, 0x4, 0x88, 0x88,
    0x88, 0x88, 0xdf, 0x98, 0x84, 0x0, 0x1, 0xfb,
    0x0, 0x1, 0xa4, 0x0, 0x0, 0xaf, 0x20, 0x0,
    0x0, 0x1, 0xfb, 0x0, 0x7, 0xff, 0x20, 0x0,
    0xaf, 0x20, 0x0, 0x0, 0x1, 0xfb, 0x0, 0x0,
    0xaf, 0xd0, 0x0, 0xaf, 0x20, 0x0, 0x0, 0x1,
    0xfb, 0x0, 0x0, 0xd, 0x70, 0x0, 0xaf, 0x20,
    0x0, 0x0, 0x1, 0xfb, 0x0, 0x0, 0x0, 0x0,
    0x45, 0xef, 0x10, 0x0, 0x0, 0x2, 0xfb, 0x0,
    0x0, 0x0, 0x0, 0xdf, 0xfd, 0x0, 0x0, 0x0,
    0x2, 0xfc, 0x0, 0x0, 0x0, 0x0, 0x69, 0x50,
    0x0, 0x0,

    /* U+5FEB "快" */
    0x0, 0x0, 0x7a, 0x10, 0x0, 0x0, 0x6, 0x92,
    0x0, 0x0, 0x0, 0x0, 0x0, 0x0, 0xaf, 0x10,
    0x0, 0x0, 0xa, 0xf3, 0x0, 0x0, 0x0, 0x0,
    0x0, 0x0, 0xaf, 0x10, 0x0, 0x0, 0xa, 0xf2,
    0x0, 0x0, 0x0, 0x0, 0x0, 0x0, 0x9f, 0x10,
    0x0, 0x0, 0xa, 0xf1, 0x0, 0x0, 0x0, 0x0,
    0x0, 0x0, 0x9f, 0x10, 0x0, 0x10, 0x9, 0xf1,
    0x0, 0x0, 0x0, 0x0, 0x0, 0x20, 0x9f, 0x5d,
    0x28, 0xff, 0xff, 0xff, 0xff, 0xff, 0x10, 0x0,
    0x2, 0xfa, 0x9f, 0x4f, 0x84, 0x76, 0x6c, 0xf7,
    0x66, 0xcf, 0x10, 0x0, 0x4, 0xf8, 0x9f, 0x1c,
    0xe0, 0x0, 0x9, 0xf1, 0x0, 0xaf, 0x0, 0x0,
    0x6, 0xf5, 0x9f, 0x17, 0xf4, 0x0, 0x9, 0xf1,
    0x0, 0xaf, 0x0, 0x0, 0x8, 0xf3, 0x9f, 0x12,
    0xf6, 0x0, 0x9, 0xf1, 0x0, 0xaf, 0x0, 0x0,
    0xc, 0xf0, 0x9f, 0x10, 0x0, 0x0, 0x9, 0xf1,
    0x0, 0xaf, 0x0, 0x0, 0xf, 0xd0, 0x9f, 0x10,
    0x58, 0x77, 0x7c, 0xf7, 0x77, 0xcf, 0x77, 0x50,
    0x2, 0x30, 0x9f, 0x10, 0xaf, 0xff, 0xff, 0xff,
    0xff, 0xff, 0xff, 0xa0, 0x0, 0x0, 0x9f, 0x10,
    0x0, 0x0, 0xf, 0xef, 0x50, 0x0, 0x0, 0x0,
    0x0, 0x0, 0x9f, 0x10, 0x0, 0x0, 0x5f, 0x5c,
    0xe0, 0x0, 0x0, 0x0, 0x0, 0x0, 0x9f, 0x10,
    0x0, 0x0, 0xcf, 0x3, 0xf9, 0x0, 0x0, 0x0,
    0x0, 0x0, 0x9f, 0x10, 0x0, 0x6, 0xf8, 0x0,
    0x9f, 0x60, 0x0, 0x0, 0x0, 0x0, 0x9f, 0x10,
    0x0, 0x3f, 0xd0, 0x0, 0xd, 0xf5, 0x0, 0x0,
    0x0, 0x0, 0xaf, 0x10, 0x2, 0xef, 0x30, 0x0,
    0x3, 0xff, 0x60, 0x0, 0x0, 0x0, 0xaf, 0x10,
    0x5f, 0xf4, 0x0, 0x0, 0x0, 0x4f, 0xf9, 0x0,
    0x0, 0x0, 0xaf, 0x29, 0xff, 0x50, 0x0, 0x0,
    0x0, 0x4, 0xff, 0xb0, 0x0, 0x0, 0xbf, 0x21,
    0xc3, 0x0, 0x0, 0x0, 0x0, 0x0, 0x2c, 0x10,

    /* U+6001 "态" */
    0x0, 0x0, 0x0, 0x0, 0x4, 0x20, 0x0, 0x0,
    0x0, 0x0, 0x0, 0x0, 0x0, 0x0, 0x0, 0xd,
    0xf6, 0x0, 0x0, 0x0, 0x0, 0x0, 0x0, 0x0,
    0x0, 0x0, 0xf, 0xf1, 0x0, 0x0, 0x0, 0x0,
    0x0, 0x3, 0x21, 0x0, 0x0, 0x3f, 0xd0, 0x0,
    0x0, 0x0, 0x11, 0x20, 0x3f, 0xff, 0xff, 0xff,
    0xff, 0xff, 0xff, 0xff, 0xff, 0xff, 0xe0, 0x2b,
    0xaa, 0xaa, 0xaa, 0xff, 0xba, 0xef, 0xaa, 0xaa,
    0xaa, 0xa0, 0x0, 0x0, 0x0, 0x4, 0xfc, 0x0,
    0x7f, 0x70, 0x0, 0x0, 0x0, 0x0, 0x0, 0x0,
    0xe, 0xf3, 0x0, 0xe, 0xe1, 0x0, 0x0, 0x0,
    0x0, 0x0, 0x0, 0xbf, 0x91, 0x0, 0x6, 0xfc,
    0x0, 0x0, 0x0, 0x0, 0x0, 0x1b, 0xfc, 0x9e,
    0x30, 0x0, 0x9f, 0xc1, 0x0, 0x0, 0x0, 0x3,
    0xdf, 0xc1, 0x9f, 0xf3, 0x0, 0xa, 0xfe, 0x60,
    0x0, 0x1, 0x9f, 0xfa, 0x0, 0x7, 0xfe, 0x0,
    0x0, 0x7f, 0xff, 0xa5, 0x5f, 0xff, 0x60, 0x0,
    0x0, 0x72, 0x0, 0x0, 0x2, 0xbf, 0xe2, 0x9,
    0xb2, 0x0, 0x0, 0x0, 0x1, 0x0, 0x0, 0x0,
    0x2, 0x40, 0x0, 0x0, 0x0, 0x0, 0x0, 0x8f,
    0x30, 0x0, 0x0, 0x30, 0x0, 0x0, 0x98, 0x10,
    0x8d, 0x70, 0x4f, 0xb0, 0x0, 0xb, 0xf3, 0x0,
    0x0, 0xef, 0x20, 0x9f, 0x70, 0xc, 0xf3, 0x0,
    0x5, 0xfe, 0x10, 0x3, 0xfc, 0x0, 0x8f, 0x70,
    0x4, 0x40, 0x0, 0x0, 0x9f, 0xb0, 0x9, 0xf6,
    0x0, 0x8f, 0x70, 0x0, 0x0, 0x8, 0xa3, 0xe,
    0xf7, 0x1f, 0xf0, 0x0, 0x7f, 0x80, 0x0, 0x0,
    0xd, 0xf7, 0x5, 0xd2, 0x6f, 0x90, 0x0, 0x6f,
    0xfc, 0xcc, 0xcc, 0xef, 0xe0, 0x0, 0x0, 0x1,
    0x10, 0x0, 0x1a, 0xee, 0xee, 0xee, 0xec, 0x40,
    0x0, 0x0,

    /* U+6247 "扇" */
    0x0, 0x0, 0x0, 0x0, 0x0, 0x0, 0x53, 0x0,
    0x0, 0x0, 0x0, 0x0, 0x0, 0x0, 0x0, 0x0,
    0x0, 0x8f, 0xc0, 0x0, 0x0, 0x0, 0x0, 0x0,
    0x0, 0x0, 0x0, 0x0, 0x1, 0xff, 0x20, 0x0,
    0x0, 0x0, 0x0, 0x0, 0x8f, 0xff, 0xff, 0xff,
    0xff, 0xff, 0xff, 0xff, 0xff, 0xb0, 0x0, 0x8,
    0xfa, 0x77, 0x77, 0x77, 0x77, 0x77, 0x77, 0x79,
    0xfb, 0x0, 0x0, 0x8f, 0x50, 0x0, 0x0, 0x0,
    0x0, 0x0, 0x0, 0x3f, 0xa0, 0x0, 0x8, 0xfa,
    0x77, 0x77, 0x77, 0x77, 0x77, 0x77, 0x79, 0xfb,
    0x0, 0x0, 0x8f, 0xff, 0xff, 0xff, 0xff, 0xff,
    0xff, 0xff, 0xff, 0xb0, 0x0, 0x8, 0xf5, 0x0,
    0x0, 0x0, 0x0, 0x0, 0x0, 0x0, 0x0, 0x0,
    0x0, 0x8f, 0x40, 0x21, 0x0, 0x0, 0x0, 0x11,
    0x0, 0x0, 0x0, 0x0, 0x9, 0xf4, 0xf, 0xff,
    0xff, 0xfa, 0x1f, 0xff, 0xff, 0xff, 0x30, 0x0,
    0xaf, 0x30, 0x66, 0x55, 0x7f, 0xa0, 0x66, 0x55,
    0x5e, 0xf2, 0x0, 0xb, 0xf2, 0x0, 0x40, 0x2,
    0xf9, 0x0, 0x50, 0x0, 0xdf, 0x20, 0x0, 0xcf,
    0x10, 0xbf, 0x40, 0x2f, 0x90, 0x7f, 0x80, 0xd,
    0xf2, 0x0, 0xf, 0xf0, 0x4, 0xfd, 0x2, 0xf9,
    0x0, 0xce, 0x11, 0xef, 0x20, 0x3, 0xfc, 0x0,
    0x5, 0x12, 0xbf, 0x90, 0x2, 0x24, 0xef, 0xf2,
    0x0, 0x7f, 0x90, 0x0, 0x19, 0xff, 0xf9, 0x0,
    0x19, 0xfe, 0xef, 0x20, 0xb, 0xf6, 0x2, 0x9f,
    0xfb, 0x5f, 0x91, 0x7e, 0xfa, 0x1d, 0xf2, 0x0,
    0xff, 0x28, 0xff, 0xe5, 0x2, 0xf9, 0x5f, 0xf6,
    0x0, 0xdf, 0x20, 0x5f, 0xe0, 0xc, 0xa1, 0x0,
    0x3f, 0x90, 0x63, 0x0, 0xd, 0xf2, 0xd, 0xf9,
    0x0, 0x0, 0x6, 0x6b, 0xf8, 0x0, 0x1, 0x9a,
    0xff, 0x11, 0xbf, 0x30, 0x0, 0x0, 0x9f, 0xfe,
    0x20, 0x0, 0xd, 0xff, 0x70, 0x0, 0x20, 0x0,
    0x0, 0x2, 0x63, 0x0, 0x0, 0x0, 0x33, 0x0,
    0x0,

    /* U+624B "手" */
    0x0, 0x0, 0x0, 0x0, 0x0, 0x0, 0x0, 0x0,
    0x37, 0x50, 0x0, 0x0, 0x22, 0x22, 0x34, 0x56,
    0x78, 0xac, 0xef, 0xff, 0xd0, 0x0, 0x0, 0xcf,
    0xff, 0xff, 0xff, 0xff, 0xff, 0xdc, 0xa9, 0x82,
    0x0, 0x0, 0x49, 0x98, 0x76, 0x54, 0xef, 0x20,
    0x0, 0x0, 0x0, 0x0, 0x0, 0x0, 0x0, 0x0,
    0x0, 0xef, 0x10, 0x0, 0x0, 0x0, 0x0, 0x0,
    0x0, 0x0, 0x0, 0x0, 0xef, 0x10, 0x0, 0x0,
    0x0, 0x0, 0x0, 0x1, 0x10, 0x0, 0x0, 0xef,
    0x20, 0x0, 0x1, 0x11, 0x0, 0x0, 0x7f, 0xff,
    0xff, 0xff, 0xff, 0xff, 0xff, 0xff, 0xf8, 0x0,
    0x0, 0x49, 0x99, 0x88, 0x88, 0xff, 0x98, 0x88,
    0x89, 0x95, 0x0, 0x0, 0x0, 0x0, 0x0, 0x0,
    0xef, 0x10, 0x0, 0x0, 0x0, 0x0, 0x0, 0x0,
    0x0, 0x0, 0x0, 0xef, 0x10, 0x0, 0x0, 0x0,
    0x0, 0x11, 0x10, 0x0, 0x0, 0x0, 0xef, 0x20,
    0x0, 0x0, 0x1, 0x11, 0xdf, 0xff, 0xff, 0xff,
    0xff, 0xff, 0xff, 0xff, 0xff, 0xff, 0xfa, 0x89,
    0x98, 0x88, 0x88, 0x88, 0xff, 0x98, 0x88, 0x88,
    0x89, 0x96, 0x0, 0x0, 0x0, 0x0, 0x0, 0xef,
    0x10, 0x0, 0x0, 0x0, 0x0, 0x0, 0x0, 0x0,
    0x0, 0x0, 0xef, 0x10, 0x0, 0x0, 0x0, 0x0,
    0x0, 0x0, 0x0, 0x0, 0x0, 0xef, 0x10, 0x0,
    0x0, 0x0, 0x0, 0x0, 0x0, 0x0, 0x0, 0x0,
    0xef, 0x10, 0x0, 0x0, 0x0, 0x0, 0x0, 0x0,
    0x0, 0x0, 0x2, 0xff, 0x10, 0x0, 0x0, 0x0,
    0x0, 0x0, 0x0, 0x0, 0xa, 0xef, 0xff, 0x0,
    0x0, 0x0, 0x0, 0x0, 0x0, 0x0, 0x0, 0x5,
    0xff, 0xd5, 0x0, 0x0, 0x0, 0x0, 0x0, 0x0,
    0x0, 0x0, 0x0, 0x41, 0x0, 0x0, 0x0, 0x0,
    0x0, 0x0,

    /* U+62A4 "护" */
    0x0, 0x0, 0x33, 0x0, 0x0, 0x0, 0x0, 0x57,
    0x0, 0x0, 0x0, 0x0, 0x0, 0xfe, 0x0, 0x0,
    0x0, 0x0, 0xef, 0x30, 0x0, 0x0, 0x0, 0x0,
    0xfe, 0x0, 0x0, 0x0, 0x0, 0x5f, 0xc0, 0x0,
    0x0, 0x0, 0x0, 0xfd, 0x0, 0x0, 0x0, 0x0,
    0xd, 0x90, 0x0, 0x0, 0x0, 0x0, 0xfd, 0x0,
    0x0, 0x26, 0x66, 0x66, 0x66, 0x66, 0x60, 0x0,
    0x0, 0xfd, 0x0, 0x0, 0x6f, 0xff, 0xff, 0xff,
    0xff, 0xf2, 0x8f, 0xff, 0xff, 0xff, 0xf3, 0x6f,
    0x72, 0x22, 0x22, 0x2b, 0xf2, 0x49, 0x88, 0xfe,
    0x89, 0x92, 0x6f, 0x60, 0x0, 0x0, 0xb, 0xf1,
    0x0, 0x0, 0xfd, 0x0, 0x0, 0x5f, 0x60, 0x0,
    0x0, 0xb, 0xf1, 0x0, 0x0, 0xfd, 0x0, 0x0,
    0x5f, 0x60, 0x0, 0x0, 0xb, 0xf1, 0x0, 0x0,
    0xfd, 0x0, 0x31, 0x6f, 0x70, 0x0, 0x0, 0xb,
    0xf1, 0x0, 0x1, 0xfe, 0xbf, 0xf3, 0x6f, 0xff,
    0xff, 0xff, 0xff, 0xf1, 0x7b, 0xef, 0xff, 0xd8,
    0x40, 0x7f, 0x97, 0x77, 0x77, 0x7e, 0xf1, 0x9f,
    0xc8, 0xfd, 0x0, 0x0, 0x8f, 0x30, 0x0, 0x0,
    0xa, 0xd1, 0x11, 0x0, 0xfd, 0x0, 0x0, 0xaf,
    0x10, 0x0, 0x0, 0x0, 0x0, 0x0, 0x0, 0xfd,
    0x0, 0x0, 0xdf, 0x0, 0x0, 0x0, 0x0, 0x0,
    0x0, 0x0, 0xfd, 0x0, 0x0, 0xfc, 0x0, 0x0,
    0x0, 0x0, 0x0, 0x0, 0x0, 0xfd, 0x0, 0x5,
    0xf8, 0x0, 0x0, 0x0, 0x0, 0x0, 0x0, 0x0,
    0xfd, 0x0, 0xb, 0xf3, 0x0, 0x0, 0x0, 0x0,
    0x0, 0x0, 0x1, 0xfd, 0x0, 0x3f, 0xd0, 0x0,
    0x0, 0x0, 0x0, 0x0, 0x4, 0xcf, 0xfb, 0x0,
    0xdf, 0x60, 0x0, 0x0, 0x0, 0x0, 0x0, 0x1,
    0xff, 0xa2, 0x8, 0xfc, 0x0, 0x0, 0x0, 0x0,
    0x0, 0x0, 0x0, 0x10, 0x0, 0x0, 0x52, 0x0,
    0x0, 0x0, 0x0, 0x0, 0x0,

    /* U+63A5 "接" */
    0x0, 0x0, 0x23, 0x0, 0x0, 0x0, 0x0, 0x59,
    0x20, 0x0, 0x0, 0x0, 0x0, 0x0, 0xbf, 0x20,
    0x0, 0x0, 0x0, 0x9f, 0x70, 0x0, 0x0, 0x0,
    0x0, 0x0, 0x9f, 0x10, 0x2, 0x22, 0x22, 0x6f,
    0xc2, 0x22, 0x23, 0x10, 0x0, 0x0, 0x9f, 0x10,
    0xa, 0xff, 0xff, 0xff, 0xff, 0xff, 0xff, 0x40,
    0x0, 0x0, 0x9f, 0x10, 0x4, 0x55, 0x55, 0x55,
    0x56, 0x75, 0x56, 0x20, 0xd, 0xed, 0xef, 0xdd,
    0x60, 0x1, 0x91, 0x0, 0x4, 0xf8, 0x0, 0x0,
    0xc, 0xdc, 0xef, 0xcd, 0x50, 0x9, 0xf9, 0x0,
    0x8, 0xf7, 0x0, 0x0, 0x0, 0x0, 0x9f, 0x10,
    0x0, 0x1, 0xff, 0x20, 0xd, 0xf1, 0x0, 0x0,
    0x0, 0x0, 0x9f, 0x10, 0x2, 0x10, 0x76, 0x10,
    0x3f, 0xa0, 0x2, 0x10, 0x0, 0x0, 0x9f, 0x10,
    0xd, 0xff, 0xff, 0xff, 0xff, 0xff, 0xff, 0x40,
    0x0, 0x0, 0x9f, 0x27, 0x36, 0x77, 0x79, 0x87,
    0x77, 0x77, 0x77, 0x20, 0x0, 0x0, 0x9f, 0xff,
    0x40, 0x0, 0x8, 0xf7, 0x0, 0x0, 0x0, 0x0,
    0x2, 0x6b, 0xff, 0xd5, 0x12, 0x0, 0xe, 0xf4,
    0x0, 0x0, 0x1, 0x10, 0xe, 0xff, 0xef, 0x10,
    0x6f, 0xff, 0xff, 0xff, 0xff, 0xff, 0xff, 0xf0,
    0x8, 0xa2, 0x9f, 0x10, 0x37, 0x77, 0xef, 0x77,
    0x7a, 0xfb, 0x77, 0x80, 0x0, 0x0, 0x9f, 0x10,
    0x0, 0x4, 0xf8, 0x0, 0xa, 0xf1, 0x0, 0x0,
    0x0, 0x0, 0x9f, 0x10, 0x0, 0xd, 0xf8, 0x10,
    0x3f, 0xa0, 0x0, 0x0, 0x0, 0x0, 0x9f, 0x10,
    0x0, 0x6, 0xdf, 0xfa, 0xcf, 0x10, 0x0, 0x0,
    0x0, 0x0, 0x9f, 0x10, 0x0, 0x0, 0x3, 0xcf,
    0xfe, 0x50, 0x0, 0x0, 0x0, 0x0, 0xbf, 0x10,
    0x0, 0x0, 0x28, 0xff, 0xaf, 0xfd, 0x50, 0x0,
    0x1, 0xbb, 0xff, 0x0, 0x26, 0x9c, 0xff, 0xc2,
    0x2, 0xaf, 0xfd, 0x40, 0x0, 0xcf, 0xf6, 0x0,
    0x3f, 0xff, 0xa4, 0x0, 0x0, 0x4, 0xde, 0x10,
    0x0, 0x34, 0x10, 0x0, 0x6, 0x30, 0x0, 0x0,
    0x0, 0x0, 0x2, 0x0,

    /* U+63A7 "控" */
    0x0, 0x0, 0x55, 0x0, 0x0, 0x0, 0x0, 0x25,
    0x10, 0x0, 0x0, 0x0, 0x0, 0x0, 0xff, 0x0,
    0x0, 0x0, 0x0, 0xdf, 0x60, 0x0, 0x0, 0x0,
    0x0, 0x0, 0xff, 0x0, 0x0, 0x0, 0x0, 0x6f,
    0xb0, 0x0, 0x0, 0x0, 0x0, 0x0, 0xee, 0x0,
    0xb, 0xbb, 0xbb, 0xcf, 0xfb, 0xbb, 0xbb, 0x90,
    0x0, 0x0, 0xde, 0x0, 0xf, 0xff, 0xff, 0xff,
    0xff, 0xff, 0xff, 0xc0, 0x1, 0x11, 0xde, 0x12,
    0xf, 0xc0, 0x0, 0x0, 0x0, 0x0, 0x1f, 0xb0,
    0xc, 0xff, 0xff, 0xff, 0xf, 0xc0, 0x18, 0x0,
    0x1, 0x70, 0x1f, 0xb0, 0x6, 0x77, 0xef, 0x78,
    0x5, 0x40, 0xbf, 0xc0, 0xb, 0xf8, 0x5, 0x40,
    0x0, 0x0, 0xde, 0x0, 0x0, 0x8, 0xfe, 0x20,
    0x1, 0xdf, 0x70, 0x0, 0x0, 0x0, 0xde, 0x0,
    0x0, 0x7f, 0xf2, 0x0, 0x0, 0x2f, 0xf5, 0x0,
    0x0, 0x0, 0xde, 0x6, 0x7, 0xff, 0x30, 0x0,
    0x0, 0x5, 0xff, 0x10, 0x0, 0x0, 0xdf, 0xef,
    0x2, 0xd4, 0x0, 0x0, 0x0, 0x0, 0x84, 0x0,
    0x3, 0x7c, 0xff, 0xc6, 0x0, 0xa9, 0x99, 0x99,
    0x99, 0x99, 0xa5, 0x0, 0xe, 0xff, 0xfe, 0x0,
    0x0, 0xff, 0xee, 0xef, 0xfe, 0xef, 0xf7, 0x0,
    0x9, 0xa2, 0xde, 0x0, 0x0, 0x0, 0x0, 0x1f,
    0xb0, 0x0, 0x0, 0x0, 0x0, 0x0, 0xde, 0x0,
    0x0, 0x0, 0x0, 0x1f, 0xb0, 0x0, 0x0, 0x0,
    0x0, 0x0, 0xde, 0x0, 0x0, 0x0, 0x0, 0x1f,
    0xb0, 0x0, 0x0, 0x0, 0x0, 0x0, 0xde, 0x0,
    0x0, 0x0, 0x0, 0x1f, 0xb0, 0x0, 0x0, 0x0,
    0x0, 0x0, 0xde, 0x0, 0x0, 0x0, 0x0, 0x1f,
    0xb0, 0x0, 0x0, 0x0, 0x0, 0x0, 0xde, 0x0,
    0x2, 0x11, 0x11, 0x2f, 0xb1, 0x11, 0x12, 0x30,
    0x0, 0x9a, 0xfd, 0x0, 0x2f, 0xff, 0xff, 0xff,
    0xff, 0xff, 0xff, 0xf2, 0x0, 0xaf, 0xf7, 0x0,
    0x17, 0x77, 0x77, 0x77, 0x77, 0x77, 0x77, 0x81,
    0x0, 0x35, 0x10, 0x0, 0x0, 0x0, 0x0, 0x0,
    0x0, 0x0, 0x0, 0x0,

    /* U+65E5 "日" */
    0x1b, 0xbb, 0xbb, 0xbb, 0xbb, 0xbb, 0xbb, 0xbb,
    0x22, 0xff, 0xff, 0xff, 0xff, 0xff, 0xff, 0xff,
    0xf3, 0x1f, 0xe0, 0x0, 0x0, 0x0, 0x0, 0x0,
    0xef, 0x31, 0xfe, 0x0, 0x0, 0x0, 0x0, 0x0,
    0xe, 0xf2, 0x1f, 0xe0, 0x0, 0x0, 0x0, 0x0,
    0x0, 0xef, 0x21, 0xfe, 0x0, 0x0, 0x0, 0x0,
    0x0, 0xe, 0xf2, 0x1f, 0xe0, 0x0, 0x0, 0x0,
    0x0, 0x0, 0xef, 0x21, 0xfe, 0x0, 0x0, 0x0,
    0x0, 0x0, 0xe, 0xf2, 0xf, 0xf8, 0x88, 0x88,
    0x88, 0x88, 0x88, 0xff, 0x20, 0xff, 0xff, 0xff,
    0xff, 0xff, 0xff, 0xff, 0xf2, 0xf, 0xe0, 0x0,
    0x0, 0x0, 0x0, 0x0, 0xef, 0x20, 0xfe, 0x0,
    0x0, 0x0, 0x0, 0x0, 0xe, 0xf2, 0xf, 0xe0,
    0x0, 0x0, 0x0, 0x0, 0x0, 0xef, 0x20, 0xfe,
    0x0, 0x0, 0x0, 0x0, 0x0, 0xe, 0xf2, 0xf,
    0xe0, 0x0, 0x0, 0x0, 0x0, 0x0, 0xef, 0x21,
    0xfe, 0x0, 0x0, 0x0, 0x0, 0x0, 0xe, 0xf2,
    0x1f, 0xe0, 0x0, 0x0, 0x0, 0x0, 0x0, 0xef,
    0x21, 0xff, 0xff, 0xff, 0xff, 0xff, 0xff, 0xff,
    0xf2, 0x1f, 0xf8, 0x88, 0x88, 0x88, 0x88, 0x88,
    0xff, 0x31, 0xfe, 0x0, 0x0, 0x0, 0x0, 0x0,
    0xe, 0xf3, 0x2f, 0xe0, 0x0, 0x0, 0x0, 0x0,
    0x0, 0xef, 0x30,

    /* U+65F6 "时" */
    0x0, 0x0, 0x0, 0x0, 0x0, 0x0, 0x0, 0x0,
    0xb, 0xd2, 0x0, 0x0, 0x0, 0x0, 0x0, 0x0,
    0x0, 0x0, 0x0, 0x0, 0xdf, 0x20, 0x0, 0x0,
    0x0, 0x0, 0x0, 0x0, 0x0, 0x0, 0x0, 0xd,
    0xf1, 0x0, 0x1, 0xff, 0xff, 0xff, 0xfd, 0x0,
    0x0, 0x0, 0x0, 0xdf, 0x10, 0x0, 0xf, 0xf8,
    0x88, 0x9f, 0xc0, 0x0, 0x0, 0x0, 0xc, 0xf1,
    0x0, 0x0, 0xfe, 0x0, 0x2, 0xfc, 0x69, 0x99,
    0x99, 0x99, 0xef, 0x99, 0xa0, 0xf, 0xe0, 0x0,
    0x2f, 0xca, 0xff, 0xff, 0xff, 0xff, 0xff, 0xff,
    0x10, 0xfe, 0x0, 0x2, 0xfb, 0x11, 0x10, 0x0,
    0x0, 0xcf, 0x11, 0x10, 0xf, 0xe0, 0x0, 0x2f,
    0xb0, 0x0, 0x0, 0x0, 0xc, 0xf1, 0x0, 0x0,
    0xff, 0xff, 0xff, 0xfb, 0x0, 0x0, 0x0, 0x0,
    0xcf, 0x10, 0x0, 0xf, 0xf8, 0x88, 0x9f, 0xb0,
    0x3c, 0x90, 0x0, 0xc, 0xf1, 0x0, 0x0, 0xfe,
    0x0, 0x2, 0xfb, 0x1, 0xff, 0x30, 0x0, 0xcf,
    0x10, 0x0, 0xf, 0xe0, 0x0, 0x2f, 0xb0, 0x6,
    0xfc, 0x0, 0xc, 0xf1, 0x0, 0x0, 0xfe, 0x0,
    0x2, 0xfb, 0x0, 0xe, 0xf5, 0x0, 0xcf, 0x10,
    0x0, 0xf, 0xe0, 0x0, 0x2f, 0xb0, 0x0, 0x65,
    0x0, 0xc, 0xf1, 0x0, 0x0, 0xff, 0xff, 0xff,
    0xfc, 0x0, 0x0, 0x0, 0x0, 0xcf, 0x10, 0x0,
    0xf, 0xfa, 0xaa, 0xbf, 0xc0, 0x0, 0x0, 0x0,
    0xc, 0xf1, 0x0, 0x0, 0xfe, 0x0, 0x2, 0xfc,
    0x0, 0x0, 0x0, 0x0, 0xcf, 0x10, 0x0, 0x1f,
    0xe0, 0x0, 0x19, 0x70, 0x0, 0x0, 0x0, 0xc,
    0xf1, 0x0, 0x1, 0xed, 0x0, 0x0, 0x0, 0x0,
    0x0, 0x0, 0x0, 0xef, 0x10, 0x0, 0x0, 0x0,
    0x0, 0x0, 0x0, 0x0, 0x0, 0x8c, 0xdf, 0xf0,
    0x0, 0x0, 0x0, 0x0, 0x0, 0x0, 0x0, 0x0,
    0x1, 0xff, 0xd5, 0x0, 0x0, 0x0, 0x0, 0x0,
    0x0, 0x0, 0x0, 0x0, 0x3, 0x0, 0x0, 0x0,
    0x0,

    /* U+667A "智" */
    0x0, 0x0, 0x51, 0x0, 0x0, 0x0, 0x0, 0x0,
    0x0, 0x0, 0x0, 0x0, 0x2f, 0xd0, 0x0, 0x0,
    0x0, 0x0, 0x0, 0x0, 0x0, 0x0, 0xa, 0xf4,
    0x0, 0x11, 0x11, 0x0, 0x0, 0x0, 0x0, 0x0,
    0x4, 0xff, 0xff, 0xff, 0xff, 0xe0, 0xbf, 0xff,
    0xff, 0xf9, 0x1, 0xef, 0x77, 0xcf, 0x87, 0x77,
    0xa, 0xf8, 0x77, 0xaf, 0x80, 0x5f, 0x70, 0xa,
    0xf1, 0x0, 0x0, 0xaf, 0x10, 0x5, 0xf8, 0x9,
    0xa9, 0x88, 0xdf, 0x98, 0x99, 0x4a, 0xf1, 0x0,
    0x5f, 0x81, 0xff, 0xff, 0xff, 0xff, 0xff, 0xf7,
    0xaf, 0x10, 0x5, 0xf8, 0x0, 0x0, 0x6, 0xfc,
    0x0, 0x0, 0xa, 0xf1, 0x0, 0x5f, 0x80, 0x0,
    0x2, 0xef, 0xff, 0x92, 0x0, 0xaf, 0x88, 0x8a,
    0xf8, 0x0, 0x3, 0xef, 0x75, 0xcf, 0xfb, 0xb,
    0xff, 0xff, 0xff, 0x90, 0x7, 0xff, 0x70, 0x0,
    0x5e, 0x90, 0x0, 0x0, 0x0, 0x0, 0x6, 0xff,
    0x62, 0x22, 0x22, 0x32, 0x22, 0x22, 0x22, 0x0,
    0x0, 0x5, 0x17, 0xff, 0xff, 0xff, 0xff, 0xff,
    0xff, 0xf2, 0x0, 0x0, 0x0, 0x7f, 0x83, 0x33,
    0x33, 0x33, 0x33, 0xdf, 0x10, 0x0, 0x0, 0x7,
    0xf7, 0x0, 0x0, 0x0, 0x0, 0xc, 0xf1, 0x0,
    0x0, 0x0, 0x6f, 0xff, 0xff, 0xff, 0xff, 0xff,
    0xff, 0x10, 0x0, 0x0, 0x6, 0xfb, 0x77, 0x77,
    0x77, 0x77, 0x7e, 0xf1, 0x0, 0x0, 0x0, 0x6f,
    0x70, 0x0, 0x0, 0x0, 0x0, 0xcf, 0x10, 0x0,
    0x0, 0x7, 0xfb, 0x77, 0x77, 0x77, 0x77, 0x7e,
    0xf1, 0x0, 0x0, 0x0, 0x7f, 0xff, 0xff, 0xff,
    0xff, 0xff, 0xff, 0x10, 0x0, 0x0, 0x7, 0xf7,
    0x0, 0x0, 0x0, 0x0, 0xc, 0xf2, 0x0,

    /* U+671F "期" */
    0x0, 0x2, 0x30, 0x0, 0x3, 0x30, 0x0, 0x0,
    0x0, 0x0, 0x0, 0x0, 0x0, 0xbf, 0x30, 0x0,
    0xdf, 0x20, 0x3, 0x44, 0x44, 0x44, 0x40, 0x0,
    0xa, 0xf2, 0x0, 0xd, 0xf1, 0x0, 0xdf, 0xff,
    0xff, 0xff, 0x10, 0x22, 0xbf, 0x32, 0x22, 0xdf,
    0x32, 0xd, 0xf3, 0x22, 0x2e, 0xf0, 0xa, 0xff,
    0xff, 0xff, 0xff, 0xff, 0xc0, 0xdf, 0x10, 0x0,
    0xef, 0x0, 0x34, 0xcf, 0x54, 0x44, 0xdf, 0x54,
    0xd, 0xf1, 0x0, 0xe, 0xf0, 0x0, 0xa, 0xf2,
    0x0, 0xc, 0xf1, 0x0, 0xcf, 0x10, 0x0, 0xef,
    0x0, 0x0, 0xaf, 0x87, 0x77, 0xef, 0x10, 0xc,
    0xf7, 0x77, 0x7e, 0xf0, 0x0, 0xa, 0xff, 0xff,
    0xff, 0xf1, 0x0, 0xcf, 0xff, 0xff, 0xff, 0x0,
    0x0, 0xaf, 0x20, 0x0, 0xcf, 0x10, 0xc, 0xf1,
    0x0, 0xe, 0xf0, 0x0, 0xa, 0xf5, 0x44, 0x4d,
    0xf1, 0x0, 0xdf, 0x10, 0x0, 0xef, 0x0, 0x0,
    0xaf, 0xff, 0xff, 0xff, 0x10, 0xd, 0xf1, 0x0,
    0xe, 0xf0, 0x0, 0xa, 0xf3, 0x22, 0x2d, 0xf1,
    0x0, 0xdf, 0x65, 0x55, 0xef, 0x0, 0x0, 0xaf,
    0x20, 0x0, 0xcf, 0x10, 0xe, 0xff, 0xff, 0xff,
    0xf0, 0x3f, 0xff, 0xff, 0xff, 0xff, 0xff, 0xc0,
    0xfe, 0x0, 0x0, 0xef, 0x1, 0x87, 0x77, 0x77,
    0x77, 0x77, 0x86, 0x3f, 0xb0, 0x0, 0xe, 0xf0,
    0x0, 0x5, 0x91, 0x0, 0x4a, 0x0, 0x8, 0xf8,
    0x0, 0x0, 0xef, 0x0, 0x1, 0xef, 0x40, 0x9,
    0xf9, 0x0, 0xef, 0x20, 0x0, 0xe, 0xf0, 0x0,
    0xbf, 0x50, 0x0, 0xc, 0xf7, 0x7f, 0xc0, 0x0,
    0x0, 0xef, 0x0, 0xaf, 0x90, 0x0, 0x0, 0x2d,
    0x6f, 0xf4, 0x0, 0x0, 0x1e, 0xf0, 0x1b, 0xc0,
    0x0, 0x0, 0x0, 0x2e, 0xfa, 0x0, 0x0, 0x9f,
    0xfd, 0x0, 0x0, 0x0, 0x0, 0x0, 0x0, 0x5c,
    0x0, 0x0, 0x3, 0xfb, 0x20, 0x0, 0x0, 0x0,
    0x0, 0x0, 0x0, 0x0, 0x0, 0x0, 0x0, 0x0,
    0x0,

    /* U+672A "未" */
    0x0, 0x0, 0x0, 0x0, 0x0, 0x19, 0x80, 0x0,
    0x0, 0x0, 0x0, 0x0, 0x0, 0x0, 0x0, 0x0,
    0x0, 0x1f, 0xd0, 0x0, 0x0, 0x0, 0x0, 0x0,
    0x0, 0x0, 0x0, 0x0, 0x0, 0x1f, 0xc0, 0x0,
    0x0, 0x0, 0x0, 0x0, 0x0, 0x0, 0x0, 0x0,
    0x0, 0x1f, 0xc0, 0x0, 0x0, 0x0, 0x0, 0x0,
    0x0, 0x6, 0x99, 0x99, 0x99, 0x9f, 0xe9, 0x99,
    0x99, 0x9a, 0x30, 0x0, 0x0, 0xa, 0xff, 0xff,
    0xff, 0xff, 0xff, 0xff, 0xff, 0xff, 0x40, 0x0,
    0x0, 0x0, 0x0, 0x0, 0x0, 0x1f, 0xc0, 0x0,
    0x0, 0x0, 0x0, 0x0, 0x0, 0x0, 0x0, 0x0,
    0x0, 0x1f, 0xc0, 0x0, 0x0, 0x0, 0x0, 0x0,
    0x0, 0x0, 0x0, 0x0, 0x0, 0x1f, 0xc0, 0x0,
    0x0, 0x0, 0x0, 0x0, 0x4, 0x98, 0x88, 0x88,
    0x88, 0x9f, 0xe8, 0x88, 0x88, 0x88, 0x89, 0x10,
    0x7, 0xff, 0xff, 0xff, 0xff, 0xff, 0xff, 0xff,
    0xff, 0xff, 0xff, 0x20, 0x0, 0x0, 0x0, 0x0,
    0x1e, 0xff, 0xff, 0x50, 0x0, 0x0, 0x0, 0x0,
    0x0, 0x0, 0x0, 0x0, 0xbf, 0x8f, 0xde, 0xe2,
    0x0, 0x0, 0x0, 0x0, 0x0, 0x0, 0x0, 0x6,
    0xfc, 0x1f, 0xc5, 0xfc, 0x0, 0x0, 0x0, 0x0,
    0x0, 0x0, 0x0, 0x5f, 0xf2, 0x1f, 0xc0, 0xaf,
    0xc0, 0x0, 0x0, 0x0, 0x0, 0x0, 0x6, 0xff,
    0x40, 0x1f, 0xc0, 0x1d, 0xfb, 0x10, 0x0, 0x0,
    0x0, 0x0, 0x7f, 0xf6, 0x0, 0x1f, 0xc0, 0x2,
    0xef, 0xe5, 0x0, 0x0, 0x0, 0x1b, 0xff, 0x60,
    0x0, 0x1f, 0xc0, 0x0, 0x2c, 0xff, 0xc5, 0x0,
    0x7, 0xff, 0xe3, 0x0, 0x0, 0x1f, 0xc0, 0x0,
    0x0, 0x8f, 0xff, 0xc0, 0x2, 0xec, 0x10, 0x0,
    0x0, 0x1f, 0xc0, 0x0, 0x0, 0x3, 0xae, 0x10,
    0x0, 0x20, 0x0, 0x0, 0x0, 0x2f, 0xd0, 0x0,
    0x0, 0x0, 0x0, 0x0, 0x0, 0x0, 0x0, 0x0,
    0x0, 0x3f, 0xd0, 0x0, 0x0, 0x0, 0x0, 0x0,

    /* U+6A21 "模" */
    0x0, 0x0, 0x35, 0x0, 0x0, 0x0, 0x49, 0x20,
    0x8, 0x60, 0x0, 0x0, 0x0, 0x0, 0xcf, 0x20,
    0x0, 0x0, 0x6f, 0x30, 0xf, 0xc0, 0x0, 0x0,
    0x0, 0x0, 0xbf, 0x10, 0x7, 0x77, 0xaf, 0x87,
    0x7f, 0xd7, 0x77, 0x20, 0x0, 0x0, 0xbf, 0x10,
    0xe, 0xee, 0xef, 0xee, 0xef, 0xfe, 0xee, 0x40,
    0x0, 0x0, 0xbf, 0x10, 0x0, 0x0, 0x6f, 0x30,
    0xf, 0xb0, 0x0, 0x0, 0x5, 0x66, 0xdf, 0x76,
    0x50, 0x0, 0x25, 0x10, 0x6, 0x50, 0x0, 0x0,
    0xb, 0xff, 0xff, 0xff, 0xb0, 0xbf, 0xff, 0xff,
    0xff, 0xff, 0xf5, 0x0, 0x0, 0x0, 0xef, 0x10,
    0x0, 0xaf, 0x55, 0x55, 0x55, 0x58, 0xf4, 0x0,
    0x0, 0x3, 0xff, 0x10, 0x0, 0xaf, 0x0, 0x0,
    0x0, 0x3, 0xf4, 0x0, 0x0, 0x8, 0xff, 0x34,
    0x0, 0xaf, 0xff, 0xff, 0xff, 0xff, 0xf4, 0x0,
    0x0, 0xe, 0xff, 0xde, 0x10, 0xaf, 0x55, 0x55,
    0x55, 0x58, 0xf4, 0x0, 0x0, 0x5f, 0xff, 0x5f,
    0xb0, 0xaf, 0x0, 0x0, 0x0, 0x3, 0xf4, 0x0,
    0x0, 0xde, 0xbf, 0x1a, 0xf3, 0xbf, 0xff, 0xff,
    0xff, 0xff, 0xf5, 0x0, 0x8, 0xf6, 0xbf, 0x12,
    0x40, 0x45, 0x55, 0x9f, 0x95, 0x55, 0x52, 0x0,
    0x3f, 0xe0, 0xbf, 0x10, 0x0, 0x0, 0x0, 0x6f,
    0x40, 0x0, 0x0, 0x0, 0x8, 0x60, 0xbf, 0x10,
    0x6, 0x65, 0x55, 0xaf, 0x75, 0x55, 0x56, 0x30,
    0x0, 0x0, 0xbf, 0x10, 0x1f, 0xff, 0xff, 0xff,
    0xff, 0xff, 0xff, 0x70, 0x0, 0x0, 0xbf, 0x10,
    0x0, 0x0, 0x3, 0xf7, 0x8e, 0x20, 0x0, 0x0,
    0x0, 0x0, 0xbf, 0x10, 0x0, 0x0, 0x3e, 0xc0,
    0xd, 0xe3, 0x0, 0x0, 0x0, 0x0, 0xbf, 0x10,
    0x0, 0x29, 0xfc, 0x10, 0x2, 0xef, 0x70, 0x0,
    0x0, 0x0, 0xbf, 0x10, 0x8c, 0xff, 0x90, 0x0,
    0x0, 0x2d, 0xfe, 0x80, 0x0, 0x0, 0xcf, 0x20,
    0x6f, 0xb3, 0x0, 0x0, 0x0, 0x0, 0x8f, 0x60,
    0x0, 0x0, 0x0, 0x0, 0x1, 0x0, 0x0, 0x0,
    0x0, 0x0, 0x1, 0x0,

    /* U+6B62 "止" */
    0x0, 0x0, 0x0, 0x0, 0x0, 0xc, 0xc0, 0x0,
    0x0, 0x0, 0x0, 0x0, 0x0, 0x0, 0x0, 0x0,
    0xf, 0xf0, 0x0, 0x0, 0x0, 0x0, 0x0, 0x0,
    0x0, 0x0, 0x0, 0xf, 0xe0, 0x0, 0x0, 0x0,
    0x0, 0x0, 0x0, 0x0, 0x0, 0x0, 0xf, 0xe0,
    0x0, 0x0, 0x0, 0x0, 0x0, 0x0, 0x0, 0x0,
    0x0, 0xf, 0xe0, 0x0, 0x0, 0x0, 0x0, 0x0,
    0x1, 0xee, 0x0, 0x0, 0xf, 0xe0, 0x0, 0x0,
    0x0, 0x0, 0x0, 0x1, 0xff, 0x0, 0x0, 0xf,
    0xe0, 0x0, 0x0, 0x11, 0x0, 0x0, 0x0, 0xff,
    0x0, 0x0, 0xf, 0xff, 0xff, 0xff, 0xff, 0x30,
    0x0, 0x0, 0xff, 0x0, 0x0, 0xf, 0xfa, 0xaa,
    0xaa, 0xab, 0x20, 0x0, 0x0, 0xff, 0x0, 0x0,
    0xf, 0xe0, 0x0, 0x0, 0x0, 0x0, 0x0, 0x0,
    0xff, 0x0, 0x0, 0xf, 0xe0, 0x0, 0x0, 0x0,
    0x0, 0x0, 0x0, 0xff, 0x0, 0x0, 0xf, 0xe0,
    0x0, 0x0, 0x0, 0x0, 0x0, 0x0, 0xff, 0x0,
    0x0, 0xf, 0xe0, 0x0, 0x0, 0x0, 0x0, 0x0,
    0x0, 0xff, 0x0, 0x0, 0xf, 0xe0, 0x0, 0x0,
    0x0, 0x0, 0x0, 0x0, 0xff, 0x0, 0x0, 0xf,
    0xe0, 0x0, 0x0, 0x0, 0x0, 0x0, 0x0, 0xff,
    0x0, 0x0, 0xf, 0xe0, 0x0, 0x0, 0x0, 0x0,
    0x0, 0x0, 0xff, 0x0, 0x0, 0xf, 0xe0, 0x0,
    0x0, 0x0, 0x0, 0x0, 0x0, 0xff, 0x0, 0x0,
    0xf, 0xe0, 0x0, 0x0, 0x0, 0x0, 0xcf, 0xff,
    0xff, 0xff, 0xff, 0xff, 0xff, 0xff, 0xff, 0xff,
    0xfe, 0xac, 0xcc, 0xbb, 0xbb, 0xbb, 0xbb, 0xbb,
    0xbb, 0xbb, 0xbc, 0xcb,

    /* U+6B63 "正" */
    0x0, 0x32, 0x22, 0x22, 0x22, 0x22, 0x22, 0x22,
    0x22, 0x23, 0x0, 0xf, 0xff, 0xff, 0xff, 0xff,
    0xff, 0xff, 0xff, 0xff, 0xf1, 0x0, 0xa9, 0x99,
    0x99, 0x99, 0xdf, 0xa9, 0x99, 0x99, 0x9a, 0x0,
    0x0, 0x0, 0x0, 0x0, 0xb, 0xf3, 0x0, 0x0,
    0x0, 0x0, 0x0, 0x0, 0x0, 0x0, 0x0, 0xbf,
    0x30, 0x0, 0x0, 0x0, 0x0, 0x0, 0x0, 0x0,
    0x0, 0xb, 0xf3, 0x0, 0x0, 0x0, 0x0, 0x0,
    0x1, 0xee, 0x0, 0x0, 0xbf, 0x30, 0x0, 0x0,
    0x0, 0x0, 0x0, 0xf, 0xf0, 0x0, 0xb, 0xf3,
    0x0, 0x0, 0x0, 0x0, 0x0, 0x0, 0xff, 0x0,
    0x0, 0xbf, 0xba, 0xaa, 0xaa, 0xa6, 0x0, 0x0,
    0xf, 0xf0, 0x0, 0xb, 0xff, 0xff, 0xff, 0xff,
    0x90, 0x0, 0x0, 0xff, 0x0, 0x0, 0xbf, 0x30,
    0x0, 0x0, 0x0, 0x0, 0x0, 0xf, 0xf0, 0x0,
    0xb, 0xf3, 0x0, 0x0, 0x0, 0x0, 0x0, 0x0,
    0xff, 0x0, 0x0, 0xbf, 0x30, 0x0, 0x0, 0x0,
    0x0, 0x0, 0xf, 0xf0, 0x0, 0xb, 0xf3, 0x0,
    0x0, 0x0, 0x0, 0x0, 0x0, 0xff, 0x0, 0x0,
    0xbf, 0x30, 0x0, 0x0, 0x0, 0x0, 0x0, 0xf,
    0xf0, 0x0, 0xb, 0xf3, 0x0, 0x0, 0x0, 0x0,
    0x0, 0x0, 0xff, 0x0, 0x0, 0xbf, 0x30, 0x0,
    0x0, 0x0, 0x7, 0xcb, 0xbf, 0xfb, 0xbb, 0xbe,
    0xfc, 0xbb, 0xbb, 0xbc, 0xcb, 0x9f, 0xff, 0xff,
    0xff, 0xff, 0xff, 0xff, 0xff, 0xff, 0xff, 0xe0,
    0x0, 0x0, 0x0, 0x0, 0x0, 0x0, 0x0, 0x0,
    0x0, 0x0,

    /* U+6D4B "测" */
    0x0, 0x0, 0x0, 0x0, 0x0, 0x0, 0x0, 0x0,
    0x0, 0x0, 0x0, 0x0, 0x7, 0x70, 0x0, 0x0,
    0x0, 0x0, 0x0, 0x0, 0x0, 0xd, 0xf0, 0x1,
    0xef, 0xc1, 0xa, 0xbb, 0xbb, 0xbb, 0xb0, 0x0,
    0x0, 0xdf, 0x0, 0x1, 0xbf, 0xe0, 0xdf, 0xcc,
    0xcc, 0xff, 0x0, 0x0, 0xc, 0xf0, 0x0, 0x0,
    0x96, 0xd, 0xc0, 0x0, 0xb, 0xf0, 0x2f, 0xa0,
    0xcf, 0x0, 0x0, 0x0, 0x0, 0xdc, 0x2, 0x10,
    0xbf, 0x1, 0xf9, 0xc, 0xf0, 0x0, 0x0, 0x0,
    0xd, 0xc0, 0xcf, 0x2b, 0xf0, 0x1f, 0x90, 0xcf,
    0x0, 0x5e, 0x30, 0x0, 0xdc, 0xb, 0xf1, 0xbf,
    0x1, 0xf9, 0xc, 0xf0, 0x7, 0xff, 0x50, 0xd,
    0xc0, 0xbf, 0xb, 0xf0, 0x1f, 0x90, 0xcf, 0x0,
    0x5, 0xff, 0x40, 0xdc, 0xa, 0xf0, 0xbf, 0x1,
    0xf9, 0xc, 0xf0, 0x0, 0x5, 0xb0, 0xd, 0xc0,
    0xbf, 0xb, 0xf0, 0x1f, 0x90, 0xcf, 0x0, 0x0,
    0x0, 0x0, 0xdc, 0xc, 0xe0, 0xbf, 0x1, 0xf9,
    0xc, 0xf0, 0x0, 0x0, 0x20, 0xd, 0xc0, 0xde,
    0xb, 0xf0, 0x1f, 0x90, 0xcf, 0x0, 0x0, 0xb,
    0xd1, 0xec, 0xf, 0xc0, 0xbf, 0x1, 0xf9, 0xc,
    0xf0, 0x0, 0x2, 0xfe, 0xe, 0xc3, 0xfa, 0xb,
    0xf0, 0x1f, 0x90, 0xcf, 0x0, 0x0, 0x9f, 0x70,
    0x0, 0x8f, 0x60, 0x0, 0x1, 0xfa, 0xc, 0xf0,
    0x0, 0x1f, 0xe0, 0x0, 0xd, 0xf3, 0xb2, 0x0,
    0x2d, 0x80, 0xcf, 0x0, 0x9, 0xf7, 0x0, 0x4,
    0xfc, 0x6f, 0xe1, 0x0, 0x0, 0xc, 0xf0, 0x2,
    0xfe, 0x0, 0x0, 0xdf, 0x40, 0xaf, 0xc0, 0x0,
    0x0, 0xcf, 0x0, 0xdf, 0x80, 0x0, 0x8f, 0xb0,
    0x0, 0xdf, 0x80, 0x0, 0xe, 0xf0, 0x9, 0xf1,
    0x0, 0x5f, 0xf2, 0x0, 0x4, 0xfd, 0x0, 0xae,
    0xfe, 0x0, 0x3, 0x0, 0x7, 0xf5, 0x0, 0x0,
    0x6, 0x0, 0x6, 0xfd, 0x40, 0x0, 0x0, 0x0,
    0x1, 0x0, 0x0, 0x0, 0x0, 0x0, 0x1, 0x0,
    0x0,

    /* U+6E29 "温" */
    0x0, 0x0, 0x0, 0x0, 0x0, 0x0, 0x0, 0x0,
    0x0, 0x0, 0x0, 0x0, 0x7, 0xc1, 0x0, 0x8,
    0xbb, 0xbb, 0xbb, 0xbb, 0xbb, 0x80, 0x0, 0x0,
    0x9f, 0xe4, 0x0, 0xbf, 0xff, 0xff, 0xff, 0xff,
    0xfc, 0x0, 0x0, 0x0, 0x6f, 0xf5, 0xb, 0xf2,
    0x11, 0x11, 0x11, 0x1e, 0xc0, 0x0, 0x0, 0x0,
    0x4e, 0x10, 0xbf, 0x10, 0x0, 0x0, 0x0, 0xec,
    0x0, 0x0, 0x0, 0x0, 0x10, 0xa, 0xfa, 0xaa,
    0xaa, 0xaa, 0xaf, 0xc0, 0x0, 0x1, 0x20, 0x0,
    0x0, 0xaf, 0xff, 0xff, 0xff, 0xff, 0xfc, 0x0,
    0x0, 0xbf, 0x80, 0x0, 0xa, 0xf1, 0x0, 0x0,
    0x0, 0xe, 0xc0, 0x0, 0x1, 0xcf, 0xb1, 0x0,
    0xbf, 0x10, 0x0, 0x0, 0x0, 0xec, 0x0, 0x0,
    0x0, 0x9f, 0x30, 0xb, 0xff, 0xff, 0xff, 0xff,
    0xff, 0xc0, 0x0, 0x0, 0x0, 0x20, 0x0, 0x68,
    0x88, 0x88, 0x88, 0x88, 0x86, 0x0, 0x0, 0x0,
    0x0, 0x0, 0x0, 0x0, 0x0, 0x0, 0x0, 0x0,
    0x0, 0x0, 0x0, 0x1, 0x30, 0x0, 0x0, 0x0,
    0x0, 0x0, 0x0, 0x0, 0x0, 0x0, 0x0, 0x4f,
    0x50, 0xcf, 0xff, 0xff, 0xff, 0xff, 0xff, 0xfe,
    0x0, 0x0, 0x8, 0xf4, 0xc, 0xf9, 0x8c, 0xf8,
    0x8f, 0xe8, 0x8f, 0xe0, 0x0, 0x0, 0xde, 0x0,
    0xbf, 0x10, 0x9e, 0x0, 0xec, 0x0, 0xee, 0x0,
    0x0, 0x2f, 0xa0, 0xb, 0xf1, 0x9, 0xe0, 0xe,
    0xc0, 0xe, 0xd0, 0x0, 0x8, 0xf5, 0x0, 0xbf,
    0x10, 0x9e, 0x0, 0xec, 0x0, 0xed, 0x0, 0x0,
    0xef, 0x0, 0xb, 0xf1, 0x9, 0xe0, 0xe, 0xc0,
    0xe, 0xd0, 0x0, 0x6f, 0xb0, 0x0, 0xbf, 0x10,
    0x9e, 0x0, 0xec, 0x0, 0xed, 0x0, 0xd, 0xf6,
    0xa, 0xae, 0xfa, 0x9d, 0xf9, 0x9f, 0xe9, 0x9f,
    0xf9, 0xa0, 0x6e, 0x10, 0xff, 0xee, 0xee, 0xee,
    0xee, 0xee, 0xee, 0xee, 0xff, 0x0, 0x10, 0x0,
    0x0, 0x0, 0x0, 0x0, 0x0, 0x0, 0x0, 0x0,
    0x0,

    /* U+6E7F "湿" */
    0x0, 0x0, 0x0, 0x0, 0x0, 0x0, 0x0, 0x0,
    0x0, 0x0, 0x0, 0x0, 0xb, 0x40, 0x0, 0x6,
    0x99, 0x99, 0x99, 0x99, 0x99, 0x98, 0x0, 0x3,
    0xff, 0x60, 0x0, 0xaf, 0xff, 0xff, 0xff, 0xff,
    0xff, 0xf0, 0x0, 0x2, 0xdf, 0x90, 0x9, 0xf1,
    0x0, 0x0, 0x0, 0x0, 0xcf, 0x0, 0x0, 0x1,
    0xdf, 0x50, 0x9f, 0x10, 0x0, 0x0, 0x0, 0xc,
    0xe0, 0x0, 0x0, 0x1, 0x60, 0x9, 0xfa, 0xaa,
    0xaa, 0xaa, 0xaa, 0xee, 0x0, 0x0, 0x0, 0x0,
    0x0, 0x9f, 0xff, 0xff, 0xff, 0xff, 0xff, 0xe0,
    0x0, 0x92, 0x0, 0x0, 0x9, 0xf1, 0x0, 0x0,
    0x0, 0x0, 0xce, 0x0, 0x5f, 0xf7, 0x0, 0x0,
    0x9f, 0x10, 0x0, 0x0, 0x0, 0xc, 0xf0, 0x0,
    0x5e, 0xfc, 0x20, 0xa, 0xfa, 0x99, 0x99, 0x99,
    0x99, 0xef, 0x0, 0x0, 0x2c, 0xf2, 0x0, 0xaf,
    0xff, 0xff, 0xff, 0xff, 0xff, 0xf0, 0x0, 0x0,
    0x4, 0x0, 0x0, 0x0, 0x0, 0x0, 0x0, 0x0,
    0x0, 0x0, 0x0, 0x0, 0x0, 0x0, 0x0, 0x9,
    0xc1, 0x0, 0xdb, 0x0, 0x0, 0x0, 0x0, 0x25,
    0x1, 0xba, 0x0, 0xcf, 0x10, 0xf, 0xd0, 0x1,
    0xe6, 0x0, 0x7, 0xf5, 0xe, 0xf2, 0xb, 0xf1,
    0x0, 0xfd, 0x0, 0x7f, 0x90, 0x0, 0xcf, 0x10,
    0x7f, 0x80, 0xbf, 0x10, 0xf, 0xd0, 0xe, 0xf1,
    0x0, 0x1f, 0xa0, 0x0, 0xfe, 0xb, 0xf1, 0x0,
    0xfc, 0x8, 0xf7, 0x0, 0x8, 0xf4, 0x0, 0x9,
    0xf4, 0xbf, 0x10, 0xf, 0xc3, 0xfd, 0x0, 0x0,
    0xee, 0x0, 0x0, 0x3d, 0x3b, 0xf1, 0x0, 0xfc,
    0x6f, 0x30, 0x0, 0x5f, 0x80, 0x0, 0x0, 0x0,
    0xbf, 0x10, 0xf, 0xc0, 0x10, 0x0, 0xd, 0xf2,
    0x0, 0x68, 0x88, 0x8d, 0xf8, 0x88, 0xfe, 0x88,
    0x88, 0x62, 0xdd, 0x0, 0xa, 0xfe, 0xee, 0xee,
    0xee, 0xee, 0xee, 0xef, 0xfa, 0x0, 0x30, 0x0,
    0x0, 0x0, 0x0, 0x0, 0x0, 0x0, 0x0, 0x0,
    0x0,

    /* U+70B9 "点" */
    0x0, 0x0, 0x0, 0x0, 0xb, 0xb1, 0x0, 0x0,
    0x0, 0x0, 0x0, 0x0, 0x0, 0x0, 0x0, 0xe,
    0xf1, 0x0, 0x0, 0x0, 0x0, 0x0, 0x0, 0x0,
    0x0, 0x0, 0xe, 0xf1, 0x0, 0x0, 0x0, 0x0,
    0x0, 0x0, 0x0, 0x0, 0x0, 0xe, 0xfa, 0xaa,
    0xaa, 0xaa, 0xab, 0x10, 0x0, 0x0, 0x0, 0x0,
    0xe, 0xff, 0xff, 0xff, 0xff, 0xff, 0x20, 0x0,
    0x0, 0x0, 0x0, 0xe, 0xf1, 0x0, 0x0, 0x0,
    0x0, 0x0, 0x0, 0x0, 0x0, 0x0, 0xe, 0xf1,
    0x0, 0x0, 0x0, 0x0, 0x0, 0x0, 0x0, 0x0,
    0x0, 0xe, 0xf1, 0x0, 0x0, 0x0, 0x0, 0x0,
    0x0, 0xc, 0xff, 0xff, 0xff, 0xff, 0xff, 0xff,
    0xff, 0x20, 0x0, 0x0, 0xc, 0xfa, 0x88, 0x88,
    0x88, 0x88, 0x88, 0xef, 0x20, 0x0, 0x0, 0xc,
    0xf4, 0x0, 0x0, 0x0, 0x0, 0x0, 0xcf, 0x10,
    0x0, 0x0, 0xb, 0xf4, 0x0, 0x0, 0x0, 0x0,
    0x0, 0xcf, 0x10, 0x0, 0x0, 0xb, 0xf4, 0x0,
    0x0, 0x0, 0x0, 0x0, 0xcf, 0x10, 0x0, 0x0,
    0xb, 0xf4, 0x0, 0x0, 0x0, 0x0, 0x0, 0xcf,
    0x10, 0x0, 0x0, 0xc, 0xff, 0xff, 0xff, 0xff,
    0xff, 0xff, 0xff, 0x20, 0x0, 0x0, 0x7, 0x99,
    0x99, 0x99, 0x99, 0x99, 0x99, 0x99, 0x10, 0x0,
    0x0, 0x40, 0x0, 0x0, 0x0, 0x0, 0x0, 0x0,
    0x0, 0x0, 0x0, 0x0, 0xff, 0x30, 0x3a, 0x0,
    0x2, 0xc5, 0x0, 0x7, 0xe1, 0x0, 0x6, 0xfc,
    0x0, 0x9f, 0x60, 0x3, 0xfd, 0x0, 0x9, 0xfa,
    0x0, 0xd, 0xf4, 0x0, 0x3f, 0xd0, 0x0, 0xbf,
    0x60, 0x1, 0xef, 0x50, 0x6f, 0xc0, 0x0, 0xd,
    0xf4, 0x0, 0x3f, 0xe0, 0x0, 0x6f, 0xe1, 0x8f,
    0x40, 0x0, 0x8, 0xc3, 0x0, 0xb, 0xa1, 0x0,
    0xd, 0xd2, 0x2, 0x0, 0x0, 0x0, 0x0, 0x0,
    0x0, 0x0, 0x0, 0x2, 0x0,

    /* U+7259 "牙" */
    0x0, 0x21, 0x11, 0x11, 0x11, 0x11, 0x11, 0x11,
    0x11, 0x11, 0x0, 0x0, 0xff, 0xff, 0xff, 0xff,
    0xff, 0xff, 0xff, 0xff, 0xf7, 0x0, 0x0, 0x88,
    0x88, 0x88, 0x88, 0x88, 0x8e, 0xf9, 0x88, 0x94,
    0x0, 0x0, 0x0, 0x2, 0x0, 0x0, 0x0, 0xc,
    0xf1, 0x0, 0x0, 0x0, 0x0, 0x0, 0xf, 0xe3,
    0x0, 0x0, 0xc, 0xf1, 0x0, 0x0, 0x0, 0x0,
    0x0, 0x7f, 0xb0, 0x0, 0x0, 0xc, 0xf1, 0x0,
    0x0, 0x0, 0x0, 0x0, 0xef, 0x10, 0x0, 0x0,
    0xc, 0xf1, 0x0, 0x0, 0x0, 0x0, 0x9, 0xf7,
    0x0, 0x0, 0x0, 0xc, 0xf1, 0x0, 0x0, 0x0,
    0x0, 0x7f, 0xf9, 0x88, 0x88, 0x88, 0x8e, 0xf9,
    0x88, 0x88, 0x94, 0x0, 0x5f, 0xff, 0xff, 0xff,
    0xff, 0xff, 0xff, 0xff, 0xff, 0xf7, 0x0, 0x5,
    0x10, 0x0, 0x0, 0x4f, 0xcc, 0xf1, 0x0, 0x0,
    0x0, 0x0, 0x0, 0x0, 0x0, 0x0, 0xdf, 0x4c,
    0xf1, 0x0, 0x0, 0x0, 0x0, 0x0, 0x0, 0x0,
    0x9, 0xfa, 0xc, 0xf1, 0x0, 0x0, 0x0, 0x0,
    0x0, 0x0, 0x0, 0x6f, 0xe1, 0xc, 0xf1, 0x0,
    0x0, 0x0, 0x0, 0x0, 0x0, 0x6, 0xff, 0x30,
    0xc, 0xf1, 0x0, 0x0, 0x0, 0x0, 0x0, 0x0,
    0x8f, 0xf4, 0x0, 0xc, 0xf1, 0x0, 0x0, 0x0,
    0x0, 0x0, 0x2c, 0xfe, 0x30, 0x0, 0xc, 0xf1,
    0x0, 0x0, 0x0, 0x0, 0x19, 0xff, 0xb1, 0x0,
    0x0, 0xc, 0xf1, 0x0, 0x0, 0x0, 0x29, 0xff,
    0xf6, 0x0, 0x0, 0x0, 0xe, 0xf1, 0x0, 0x0,
    0x0, 0x2d, 0xfa, 0x10, 0x0, 0x0, 0x5b, 0xef,
    0xf0, 0x0, 0x0, 0x0, 0x2, 0x30, 0x0, 0x0,
    0x0, 0x2f, 0xff, 0x70, 0x0, 0x0, 0x0, 0x0,
    0x0, 0x0, 0x0, 0x0, 0x5, 0x20, 0x0, 0x0,
    0x0, 0x0,

    /* U+72B6 "状" */
    0x0, 0x0, 0x0, 0xbd, 0x20, 0x0, 0x0, 0x33,
    0x10, 0x0, 0x0, 0x0, 0x0, 0x0, 0xd, 0xf1,
    0x0, 0x0, 0xf, 0xf5, 0x0, 0x0, 0x0, 0x0,
    0x0, 0x0, 0xdf, 0x10, 0x0, 0x0, 0xef, 0x31,
    0xb4, 0x0, 0x0, 0x1, 0x0, 0xc, 0xf1, 0x0,
    0x0, 0xe, 0xf1, 0x2e, 0xf4, 0x0, 0xd, 0xd1,
    0x0, 0xcf, 0x10, 0x0, 0x0, 0xdf, 0x10, 0x2e,
    0xf4, 0x0, 0x8f, 0xb0, 0xc, 0xf1, 0x0, 0x0,
    0xd, 0xf0, 0x0, 0x3d, 0x20, 0x0, 0xaf, 0x70,
    0xcf, 0x10, 0x0, 0x0, 0xdf, 0x0, 0x0, 0x0,
    0x0, 0x0, 0xd9, 0xc, 0xf1, 0x79, 0x88, 0x8e,
    0xf9, 0x88, 0x88, 0x92, 0x0, 0x1, 0x0, 0xcf,
    0x1c, 0xff, 0xff, 0xff, 0xff, 0xff, 0xff, 0x30,
    0x0, 0x0, 0xc, 0xf1, 0x11, 0x10, 0xf, 0xf6,
    0x0, 0x0, 0x10, 0x0, 0x0, 0x3, 0xff, 0x10,
    0x0, 0x1, 0xff, 0x90, 0x0, 0x0, 0x0, 0x0,
    0x1, 0xef, 0xf1, 0x0, 0x0, 0x4f, 0xfd, 0x0,
    0x0, 0x0, 0x0, 0x1, 0xdf, 0xef, 0x10, 0x0,
    0x8, 0xfd, 0xf1, 0x0, 0x0, 0x0, 0x1, 0xdf,
    0x5c, 0xf1, 0x0, 0x0, 0xcf, 0x6f, 0x60, 0x0,
    0x0, 0x2, 0xdf, 0x70, 0xcf, 0x10, 0x0, 0x2f,
    0xb1, 0xfc, 0x0, 0x0, 0x0, 0xcf, 0xa0, 0xc,
    0xf1, 0x0, 0x9, 0xf5, 0xa, 0xf4, 0x0, 0x0,
    0x1, 0x90, 0x0, 0xcf, 0x10, 0x2, 0xfe, 0x0,
    0x3f, 0xd0, 0x0, 0x0, 0x0, 0x0, 0xc, 0xf1,
    0x0, 0xbf, 0x60, 0x0, 0xaf, 0xa0, 0x0, 0x0,
    0x0, 0x0, 0xdf, 0x10, 0x7f, 0xd0, 0x0, 0x1,
    0xef, 0xa0, 0x0, 0x0, 0x0, 0xd, 0xf2, 0x6f,
    0xf3, 0x0, 0x0, 0x4, 0xff, 0xd3, 0x0, 0x0,
    0x0, 0xdf, 0x9f, 0xf6, 0x0, 0x0, 0x0, 0x5,
    0xfc, 0x20, 0x0, 0x0, 0xe, 0xf2, 0x78, 0x0,
    0x0, 0x0, 0x0, 0x4, 0x10,

    /* U+73AF "环" */
    0x1, 0x10, 0x0, 0x1, 0x1, 0x11, 0x0, 0x0,
    0x0, 0x0, 0x11, 0x6, 0xff, 0xff, 0xff, 0xf6,
    0xef, 0xff, 0xff, 0xff, 0xff, 0xff, 0xb0, 0x38,
    0x78, 0xfc, 0x77, 0x39, 0x99, 0x88, 0xaf, 0xd8,
    0x89, 0x97, 0x0, 0x0, 0x1f, 0x90, 0x0, 0x0,
    0x0, 0x6, 0xf7, 0x0, 0x0, 0x0, 0x0, 0x1,
    0xf9, 0x0, 0x0, 0x0, 0x0, 0xaf, 0x30, 0x0,
    0x0, 0x0, 0x0, 0x1f, 0x90, 0x0, 0x0, 0x0,
    0xf, 0xe0, 0x0, 0x0, 0x0, 0x1, 0x12, 0xf9,
    0x1, 0x10, 0x0, 0x4, 0xfb, 0x0, 0x0, 0x0,
    0x1, 0xff, 0xff, 0xff, 0xf8, 0x0, 0x0, 0xaf,
    0xa0, 0x41, 0x0, 0x0, 0x9, 0x88, 0xfc, 0x78,
    0x40, 0x0, 0x1f, 0xfa, 0x5f, 0xb0, 0x0, 0x0,
    0x0, 0x1f, 0x90, 0x0, 0x0, 0x9, 0xff, 0xa0,
    0xdf, 0x70, 0x0, 0x0, 0x1, 0xf9, 0x0, 0x0,
    0x3, 0xfe, 0xfa, 0x2, 0xff, 0x30, 0x0, 0x0,
    0x1f, 0x90, 0x0, 0x0, 0xcf, 0x6f, 0xa0, 0x6,
    0xfd, 0x0, 0x0, 0x1, 0xf9, 0x1, 0x20, 0x8f,
    0xa2, 0xfa, 0x0, 0xc, 0xf9, 0x0, 0x0, 0x1f,
    0xca, 0xf7, 0x5f, 0xe1, 0x2f, 0xa0, 0x0, 0x3f,
    0xf1, 0x14, 0x8c, 0xff, 0xe9, 0x7f, 0xf3, 0x2,
    0xfa, 0x0, 0x0, 0x61, 0x9, 0xff, 0xe9, 0x40,
    0x3f, 0xf5, 0x0, 0x2f, 0xa0, 0x0, 0x0, 0x0,
    0x1a, 0x40, 0x0, 0x0, 0x45, 0x0, 0x2, 0xfa,
    0x0, 0x0, 0x0, 0x0, 0x0, 0x0, 0x0, 0x0,
    0x0, 0x0, 0x2f, 0xa0, 0x0, 0x0, 0x0, 0x0,
    0x0, 0x0, 0x0, 0x0, 0x0, 0x2, 0xfa, 0x0,
    0x0, 0x0, 0x0, 0x0, 0x0, 0x0, 0x0, 0x0,
    0x0, 0x2f, 0xa0, 0x0, 0x0, 0x0, 0x0, 0x0,
    0x0, 0x0, 0x0, 0x0, 0x3, 0xfb, 0x0, 0x0,
    0x0, 0x0,

    /* U+7532 "甲" */
    0x9, 0x99, 0x99, 0x99, 0x99, 0x99, 0x99, 0x99,
    0x99, 0x91, 0xf, 0xff, 0xff, 0xff, 0xff, 0xff,
    0xff, 0xff, 0xff, 0xf2, 0xf, 0xe0, 0x0, 0x0,
    0xb, 0xf1, 0x0, 0x0, 0xc, 0xf1, 0xf, 0xe0,
    0x0, 0x0, 0xb, 0xf1, 0x0, 0x0, 0xc, 0xf1,
    0xf, 0xe0, 0x0, 0x0, 0xb, 0xf1, 0x0, 0x0,
    0xc, 0xf1, 0xf, 0xe0, 0x0, 0x0, 0xb, 0xf1,
    0x0, 0x0, 0xc, 0xf1, 0xf, 0xfa, 0xaa, 0xaa,
    0xae, 0xfa, 0xaa, 0xaa, 0xae, 0xf1, 0xf, 0xff,
    0xff, 0xff, 0xff, 0xff, 0xff, 0xff, 0xff, 0xf1,
    0xf, 0xe0, 0x0, 0x0, 0xb, 0xf1, 0x0, 0x0,
    0xc, 0xf1, 0xf, 0xe0, 0x0, 0x0, 0xb, 0xf1,
    0x0, 0x0, 0xc, 0xf1, 0xf, 0xe0, 0x0, 0x0,
    0xb, 0xf1, 0x0, 0x0, 0xc, 0xf1, 0xf, 0xe0,
    0x0, 0x0, 0xb, 0xf1, 0x0, 0x0, 0xc, 0xf1,
    0xf, 0xfa, 0xaa, 0xaa, 0xae, 0xfa, 0xaa, 0xaa,
    0xae, 0xf1, 0xf, 0xff, 0xff, 0xff, 0xff, 0xff,
    0xff, 0xff, 0xff, 0xf2, 0x1f, 0xe0, 0x0, 0x0,
    0xb, 0xf1, 0x0, 0x0, 0xc, 0xf2, 0x2, 0x20,
    0x0, 0x0, 0xb, 0xf1, 0x0, 0x0, 0x1, 0x20,
    0x0, 0x0, 0x0, 0x0, 0xb, 0xf1, 0x0, 0x0,
    0x0, 0x0, 0x0, 0x0, 0x0, 0x0, 0xb, 0xf1,
    0x0, 0x0, 0x0, 0x0, 0x0, 0x0, 0x0, 0x0,
    0xb, 0xf1, 0x0, 0x0, 0x0, 0x0, 0x0, 0x0,
    0x0, 0x0, 0xb, 0xf1, 0x0, 0x0, 0x0, 0x0,
    0x0, 0x0, 0x0, 0x0, 0xc, 0xf2, 0x0, 0x0,
    0x0, 0x0,

    /* U+76D1 "监" */
    0x0, 0x0, 0x0, 0x0, 0x9a, 0x0, 0x0, 0x78,
    0x30, 0x0, 0x0, 0x0, 0x0, 0x6, 0x82, 0x0,
    0xdf, 0x0, 0x0, 0xdf, 0xb0, 0x0, 0x0, 0x0,
    0x0, 0xc, 0xf2, 0x0, 0xdf, 0x0, 0x2, 0xff,
    0x20, 0x0, 0x0, 0x0, 0x0, 0xb, 0xf1, 0x0,
    0xdf, 0x0, 0x7, 0xfa, 0x0, 0x0, 0x0, 0x0,
    0x0, 0xb, 0xf1, 0x0, 0xdf, 0x0, 0xc, 0xfc,
    0xaa, 0xaa, 0xab, 0xb1, 0x0, 0xb, 0xf1, 0x0,
    0xdf, 0x0, 0x2f, 0xfd, 0xdd, 0xdd, 0xee, 0xf1,
    0x0, 0xb, 0xf1, 0x0, 0xdf, 0x0, 0x8f, 0x80,
    0x0, 0x0, 0x0, 0x0, 0x0, 0xb, 0xf1, 0x0,
    0xdf, 0x1, 0xff, 0x11, 0xcd, 0x10, 0x0, 0x0,
    0x0, 0xb, 0xf1, 0x0, 0xdf, 0x8, 0xf8, 0x1,
    0xcf, 0xe3, 0x0, 0x0, 0x0, 0xb, 0xf1, 0x0,
    0xdf, 0x1f, 0xe1, 0x0, 0xb, 0xfe, 0x20, 0x0,
    0x0, 0xc, 0xf2, 0x0, 0xdf, 0x3, 0x50, 0x0,
    0x0, 0xbf, 0xd0, 0x0, 0x0, 0x1, 0x10, 0x0,
    0xef, 0x0, 0x0, 0x0, 0x0, 0x9, 0x20, 0x0,
    0x0, 0x0, 0x0, 0x0, 0x0, 0x0, 0x0, 0x0,
    0x0, 0x0, 0x0, 0x0, 0x0, 0x8, 0xaa, 0xaa,
    0xaa, 0xaa, 0xaa, 0xaa, 0xaa, 0xaa, 0x70, 0x0,
    0x0, 0xc, 0xff, 0xff, 0xff, 0xff, 0xff, 0xff,
    0xff, 0xff, 0xb0, 0x0, 0x0, 0xb, 0xf1, 0x0,
    0x8f, 0x30, 0xb, 0xf1, 0x0, 0x2f, 0xb0, 0x0,
    0x0, 0xb, 0xf1, 0x0, 0x8f, 0x30, 0xb, 0xf1,
    0x0, 0x1f, 0xa0, 0x0, 0x0, 0xb, 0xf1, 0x0,
    0x8f, 0x30, 0xb, 0xf1, 0x0, 0x1f, 0xa0, 0x0,
    0x0, 0xb, 0xf1, 0x0, 0x8f, 0x30, 0xb, 0xf1,
    0x0, 0x1f, 0xa0, 0x0, 0x0, 0xb, 0xf1, 0x0,
    0x8f, 0x30, 0xb, 0xf1, 0x0, 0x1f, 0xa0, 0x0,
    0x4b, 0xae, 0xf8, 0x88, 0xcf, 0x98, 0x8d, 0xf8,
    0x88, 0x8f, 0xda, 0xb2, 0x5f, 0xff, 0xff, 0xff,
    0xff, 0xff, 0xff, 0xff, 0xff, 0xff, 0xff, 0xf3,
    0x2, 0x10, 0x0, 0x0, 0x0, 0x0, 0x0, 0x0,
    0x0, 0x0, 0x1, 0x20,

    /* U+7B3C "笼" */
    0x0, 0x0, 0x0, 0x0, 0x0, 0x0, 0x0, 0x0,
    0x0, 0x0, 0x0, 0x0, 0x0, 0x0, 0x99, 0x20,
    0x0, 0x0, 0x0, 0x5b, 0x40, 0x0, 0x0, 0x0,
    0x0, 0x1, 0xff, 0x70, 0x0, 0x0, 0x0, 0xbf,
    0x80, 0x0, 0x0, 0x0, 0x0, 0x8, 0xff, 0x88,
    0x88, 0x99, 0x1, 0xff, 0x98, 0x88, 0x89, 0x70,
    0x0, 0x2f, 0xff, 0xff, 0xff, 0xff, 0x18, 0xff,
    0xff, 0xff, 0xff, 0xc0, 0x0, 0xcf, 0x80, 0xe,
    0xd0, 0x0, 0x2f, 0xf1, 0x1, 0xfb, 0x0, 0x0,
    0x8, 0xfd, 0x0, 0x9, 0xf4, 0x0, 0xbf, 0x80,
    0x0, 0xcf, 0x20, 0x0, 0xc, 0xf3, 0x0, 0x4,
    0xfb, 0x7, 0xfe, 0x10, 0x0, 0x8f, 0x90, 0x0,
    0x0, 0x40, 0x0, 0x0, 0x96, 0x2, 0x96, 0x5e,
    0x40, 0x37, 0x10, 0x0, 0x0, 0x0, 0x0, 0x0,
    0x2f, 0xf1, 0x0, 0xaf, 0xf5, 0x0, 0x0, 0x0,
    0x0, 0x0, 0x0, 0x0, 0x4f, 0xa0, 0x0, 0x8,
    0xf7, 0x0, 0x0, 0x0, 0x0, 0xbc, 0xcb, 0xbb,
    0xdf, 0xdb, 0xbb, 0xbb, 0xdb, 0xbc, 0xdb, 0x0,
    0x0, 0xce, 0xed, 0xdd, 0xff, 0xed, 0xef, 0xed,
    0xdd, 0xde, 0xec, 0x0, 0x0, 0x0, 0x0, 0x0,
    0xdf, 0x20, 0x8f, 0x30, 0x0, 0x0, 0x0, 0x0,
    0x0, 0x0, 0x0, 0x1, 0xfd, 0x0, 0x8f, 0x30,
    0x4, 0x80, 0x0, 0x0, 0x0, 0x0, 0x0, 0x6,
    0xf8, 0x0, 0x8f, 0x30, 0x4f, 0xfa, 0x0, 0x0,
    0x0, 0x0, 0x0, 0xd, 0xf2, 0x0, 0x8f, 0x36,
    0xff, 0x80, 0x0, 0x0, 0x0, 0x0, 0x0, 0x6f,
    0xa0, 0x0, 0x8f, 0xdf, 0xe4, 0x0, 0x0, 0x0,
    0x0, 0x0, 0x2, 0xff, 0x20, 0x0, 0xaf, 0xfb,
    0x10, 0x0, 0x0, 0x0, 0x0, 0x0, 0x2d, 0xf6,
    0x2, 0x7e, 0xff, 0x90, 0x0, 0x0, 0x38, 0x20,
    0x0, 0x5, 0xef, 0x90, 0x7f, 0xfe, 0xdf, 0x50,
    0x0, 0x0, 0x5f, 0xe0, 0x5, 0xcf, 0xf9, 0x0,
    0x9, 0x80, 0x9f, 0xd8, 0x88, 0x88, 0xef, 0x90,
    0x9, 0xff, 0x50, 0x0, 0x0, 0x0, 0x1c, 0xff,
    0xff, 0xff, 0xfd, 0x10, 0x0, 0x81, 0x0, 0x0,
    0x0, 0x0, 0x0, 0x0, 0x0, 0x0, 0x0, 0x0,

    /* U+7B49 "等" */
    0x0, 0x0, 0x0, 0x0, 0x0, 0x0, 0x0, 0x0,
    0x0, 0x0, 0x0, 0x0, 0x0, 0x0, 0x9c, 0x50,
    0x0, 0x0, 0x0, 0x2c, 0x60, 0x0, 0x0, 0x0,
    0x0, 0x1, 0xfe, 0x10, 0x0, 0x0, 0x0, 0x9f,
    0xa0, 0x0, 0x0, 0x0, 0x0, 0x9, 0xff, 0xff,
    0xff, 0xff, 0x42, 0xff, 0xed, 0xdd, 0xde, 0xe2,
    0x0, 0x3f, 0xd6, 0x8f, 0xc6, 0x66, 0x2c, 0xf9,
    0x77, 0xfd, 0x78, 0x81, 0x2, 0xef, 0x40, 0xe,
    0xf2, 0x0, 0x8f, 0xa0, 0x0, 0xbf, 0x20, 0x0,
    0x7, 0xf9, 0x0, 0x9, 0xe5, 0x1d, 0xc3, 0x0,
    0x0, 0x5f, 0xc0, 0x0, 0x0, 0x10, 0x0, 0x0,
    0x0, 0xf, 0xd0, 0x0, 0x0, 0x17, 0x20, 0x0,
    0x0, 0x1, 0xff, 0xff, 0xff, 0xff, 0xff, 0xff,
    0xff, 0xff, 0x10, 0x0, 0x0, 0x0, 0x87, 0x77,
    0x77, 0x7f, 0xe7, 0x77, 0x77, 0x78, 0x0, 0x0,
    0x0, 0x0, 0x0, 0x0, 0x0, 0xf, 0xd0, 0x0,
    0x0, 0x0, 0x0, 0x0, 0x1, 0x0, 0x0, 0x0,
    0x0, 0xf, 0xd0, 0x0, 0x0, 0x0, 0x0, 0x10,
    0x4f, 0xff, 0xff, 0xff, 0xff, 0xff, 0xff, 0xff,
    0xff, 0xff, 0xff, 0xf3, 0x29, 0x88, 0x88, 0x88,
    0x88, 0x88, 0x88, 0x89, 0xfe, 0x88, 0x88, 0x91,
    0x0, 0x0, 0x0, 0x0, 0x0, 0x0, 0x0, 0x2,
    0xfd, 0x0, 0x0, 0x0, 0x0, 0x1, 0x11, 0x0,
    0x0, 0x0, 0x0, 0x2, 0xfd, 0x1, 0x11, 0x0,
    0x0, 0x2f, 0xff, 0xff, 0xff, 0xff, 0xff, 0xff,
    0xff, 0xff, 0xfc, 0x0, 0x0, 0x18, 0x77, 0x79,
    0x77, 0x77, 0x77, 0x78, 0xfe, 0x77, 0x86, 0x0,
    0x0, 0x0, 0x1, 0xdd, 0x10, 0x0, 0x0, 0x2,
    0xfd, 0x0, 0x0, 0x0, 0x0, 0x0, 0x0, 0x9f,
    0xc0, 0x0, 0x0, 0x2, 0xfd, 0x0, 0x0, 0x0,
    0x0, 0x0, 0x0, 0xc, 0xf6, 0x0, 0x0, 0x3,
    0xfd, 0x0, 0x0, 0x0, 0x0, 0x0, 0x0, 0x3,
    0x70, 0x0, 0x2a, 0xae, 0xfb, 0x0, 0x0, 0x0,
    0x0, 0x0, 0x0, 0x0, 0x0, 0x0, 0xe, 0xff,
    0xb2, 0x0, 0x0, 0x0, 0x0, 0x0, 0x0, 0x0,
    0x0, 0x0, 0x3, 0x30, 0x0, 0x0, 0x0, 0x0,

    /* U+7EBF "线" */
    0x0, 0x0, 0x1, 0x0, 0x0, 0x0, 0x11, 0x0,
    0x0, 0x0, 0x0, 0x0, 0x0, 0x0, 0x2f, 0x91,
    0x0, 0x0, 0x4f, 0xf0, 0x1, 0x0, 0x0, 0x0,
    0x0, 0x0, 0x9f, 0x90, 0x0, 0x0, 0x2f, 0xd0,
    0x4f, 0x80, 0x0, 0x0, 0x0, 0x1, 0xfd, 0x0,
    0x0, 0x0, 0x1f, 0xc0, 0xc, 0xf6, 0x0, 0x0,
    0x0, 0x9, 0xf4, 0x1, 0x0, 0x0, 0x1f, 0xc0,
    0x2, 0xa2, 0x0, 0x0, 0x0, 0x2f, 0xa0, 0xa,
    0xc4, 0x0, 0x1f, 0xc0, 0x0, 0x37, 0xb4, 0x0,
    0x0, 0xce, 0x10, 0x2f, 0xf2, 0x0, 0x1f, 0xe9,
    0xcf, 0xff, 0xf6, 0x0, 0xb, 0xf7, 0x22, 0xaf,
    0x56, 0xad, 0xff, 0xfe, 0xb7, 0x52, 0x0, 0x0,
    0xe, 0xff, 0xff, 0xfb, 0x7, 0xfb, 0x8e, 0xe0,
    0x0, 0x0, 0x0, 0x0, 0x8, 0xa6, 0x4c, 0xf1,
    0x1, 0x0, 0xd, 0xf0, 0x0, 0x3, 0x7c, 0x50,
    0x0, 0x0, 0x3f, 0x70, 0x0, 0x0, 0xb, 0xf7,
    0xac, 0xff, 0xff, 0x70, 0x0, 0x0, 0xdc, 0x0,
    0x4, 0x9c, 0xef, 0xff, 0xeb, 0x96, 0x30, 0x0,
    0x0, 0xa, 0xf3, 0x0, 0x5, 0xfd, 0x99, 0xf7,
    0x0, 0x8, 0x10, 0x0, 0x2, 0xbf, 0xb5, 0x78,
    0x80, 0x0, 0x1, 0xf9, 0x0, 0x9f, 0xe2, 0x0,
    0x3, 0xff, 0xff, 0xff, 0xa0, 0x0, 0x0, 0xde,
    0x7, 0xff, 0x50, 0x0, 0x0, 0xa7, 0x53, 0x10,
    0x0, 0x0, 0x0, 0x9f, 0xbf, 0xe3, 0x0, 0x0,
    0x0, 0x0, 0x0, 0x0, 0x2, 0x0, 0x0, 0x3f,
    0xfe, 0x20, 0x0, 0x0, 0x0, 0x1, 0x36, 0x9c,
    0xf9, 0x0, 0x2, 0xdf, 0xf9, 0x0, 0x1, 0x0,
    0xb, 0xff, 0xff, 0xfc, 0x83, 0x0, 0x6f, 0xf9,
    0xef, 0x40, 0xe, 0xa1, 0x5, 0xfc, 0x83, 0x0,
    0x0, 0x5d, 0xfe, 0x50, 0x4f, 0xf6, 0x6f, 0xe0,
    0x0, 0x10, 0x0, 0x0, 0xd, 0xff, 0xb1, 0x0,
    0x5, 0xff, 0xff, 0x60, 0x0, 0x0, 0x0, 0x0,
    0x4, 0xd5, 0x0, 0x0, 0x0, 0x3d, 0xf9, 0x0,
    0x0, 0x0, 0x0, 0x0, 0x0, 0x0, 0x0, 0x0,
    0x0, 0x0, 0x10, 0x0,

    /* U+7EDC "络" */
    0x0, 0x0, 0x0, 0x0, 0x0, 0x0, 0x2, 0x0,
    0x0, 0x0, 0x0, 0x0, 0x0, 0x0, 0x32, 0x0,
    0x0, 0x0, 0x5f, 0xd0, 0x0, 0x0, 0x0, 0x0,
    0x0, 0x0, 0x9f, 0x70, 0x0, 0x0, 0xaf, 0x70,
    0x0, 0x0, 0x0, 0x0, 0x0, 0x0, 0xef, 0x20,
    0x0, 0x0, 0xff, 0x98, 0x88, 0x88, 0x85, 0x0,
    0x0, 0x5, 0xf8, 0x0, 0x0, 0x7, 0xff, 0xff,
    0xff, 0xff, 0xf2, 0x0, 0x0, 0xc, 0xf1, 0x7,
    0x10, 0x1f, 0xfe, 0x0, 0x0, 0x6f, 0xa0, 0x0,
    0x0, 0x4f, 0x70, 0x1f, 0xf1, 0x9f, 0xdf, 0x70,
    0x1, 0xef, 0x10, 0x0, 0x1, 0xee, 0x0, 0x8f,
    0x85, 0xfc, 0xe, 0xf2, 0xb, 0xf6, 0x0, 0x0,
    0xc, 0xfb, 0x77, 0xfe, 0xa, 0xf2, 0x6, 0xfc,
    0x9f, 0xa0, 0x0, 0x0, 0xe, 0xff, 0xef, 0xf5,
    0x0, 0x20, 0x0, 0xbf, 0xfc, 0x0, 0x0, 0x0,
    0x4, 0x30, 0x1f, 0xc0, 0x0, 0x0, 0x4, 0xef,
    0xfd, 0x40, 0x0, 0x0, 0x0, 0x0, 0x9f, 0x30,
    0x0, 0x6, 0xdf, 0xe6, 0x8f, 0xfd, 0x83, 0x0,
    0x0, 0x3, 0xf9, 0x0, 0x1b, 0xff, 0xf9, 0x10,
    0x1, 0x9f, 0xff, 0xf2, 0x0, 0x1d, 0xe1, 0x14,
    0x3a, 0xfd, 0x87, 0x77, 0x77, 0x78, 0xdd, 0xc0,
    0x2, 0xdf, 0xef, 0xff, 0x81, 0xa, 0xff, 0xff,
    0xff, 0xff, 0xb0, 0x10, 0x0, 0xff, 0xfc, 0x97,
    0x30, 0x9, 0xf1, 0x0, 0x0, 0x1f, 0xa0, 0x0,
    0x0, 0x42, 0x0, 0x0, 0x0, 0x9, 0xf1, 0x0,
    0x0, 0x1f, 0x90, 0x0, 0x0, 0x0, 0x0, 0x4,
    0x80, 0x9, 0xf1, 0x0, 0x0, 0x1f, 0x90, 0x0,
    0x0, 0x4, 0x7b, 0xff, 0xf0, 0x9, 0xf1, 0x0,
    0x0, 0x1f, 0x90, 0x0, 0x4, 0xff, 0xfe, 0xa5,
    0x10, 0x9, 0xff, 0xff, 0xff, 0xff, 0x90, 0x0,
    0x0, 0xda, 0x50, 0x0, 0x0, 0xa, 0xf9, 0x88,
    0x88, 0x9f, 0xa0, 0x0, 0x0, 0x0, 0x0, 0x0,
    0x0, 0xa, 0xf1, 0x0, 0x0, 0x1f, 0xa0, 0x0,
    0x0, 0x0, 0x0, 0x0, 0x0, 0x2, 0x30, 0x0,
    0x0, 0x0, 0x0, 0x0,

    /* U+7F51 "网" */
    0x88, 0x88, 0x88, 0x88, 0x88, 0x88, 0x88, 0x88,
    0x88, 0x88, 0xef, 0xff, 0xff, 0xff, 0xff, 0xff,
    0xff, 0xff, 0xff, 0xfe, 0xdf, 0x10, 0x0, 0x0,
    0x0, 0x0, 0x0, 0x0, 0x1, 0xfd, 0xcf, 0x10,
    0x0, 0x0, 0x30, 0x0, 0x0, 0x2, 0x1, 0xfc,
    0xcf, 0x11, 0x30, 0x0, 0xfe, 0x20, 0x0, 0x2f,
    0x91, 0xfc, 0xcf, 0x3f, 0xe0, 0x3, 0xfc, 0x3,
    0x0, 0x6f, 0xa1, 0xfc, 0xcf, 0x17, 0xf7, 0x7,
    0xf5, 0xbf, 0x30, 0xaf, 0x31, 0xfc, 0xcf, 0x10,
    0xdf, 0x2c, 0xf0, 0x5f, 0xb0, 0xed, 0x1, 0xfc,
    0xcf, 0x10, 0x3f, 0xbf, 0xa0, 0xb, 0xf8, 0xf8,
    0x1, 0xfc, 0xcf, 0x10, 0xa, 0xff, 0x40, 0x2,
    0xff, 0xf2, 0x1, 0xfc, 0xcf, 0x10, 0x2, 0xff,
    0x0, 0x0, 0x9f, 0xc0, 0x1, 0xfc, 0xcf, 0x10,
    0x6, 0xff, 0x70, 0x0, 0x9f, 0xe0, 0x1, 0xfc,
    0xcf, 0x10, 0xe, 0xee, 0xf2, 0x2, 0xff, 0xf7,
    0x1, 0xfc, 0xcf, 0x10, 0x8f, 0x67, 0xfb, 0xc,
    0xf6, 0xff, 0x11, 0xfc, 0xcf, 0x12, 0xfd, 0x0,
    0xc3, 0x7f, 0xb0, 0x9f, 0x91, 0xfc, 0xcf, 0x1b,
    0xf4, 0x0, 0x5, 0xff, 0x10, 0x1f, 0xc1, 0xfc,
    0xcf, 0x6f, 0xb0, 0x0, 0x1e, 0xf5, 0x0, 0x1,
    0x1, 0xfc, 0xcf, 0x13, 0x10, 0x0, 0x0, 0x60,
    0x0, 0x0, 0x1, 0xfc, 0xdf, 0x10, 0x0, 0x0,
    0x0, 0x0, 0x0, 0x0, 0x5, 0xfc, 0xdf, 0x10,
    0x0, 0x0, 0x0, 0x0, 0x0, 0xc, 0xff, 0xfa,
    0xff, 0x10, 0x0, 0x0, 0x0, 0x0, 0x0, 0x4,
    0xeb, 0x81,

    /* U+7F6E "置" */
    0x0, 0x45, 0x55, 0x55, 0x55, 0x55, 0x55, 0x55,
    0x55, 0x53, 0x0, 0x0, 0xcf, 0xee, 0xee, 0xfe,
    0xee, 0xef, 0xee, 0xee, 0xfa, 0x0, 0x0, 0xbf,
    0x0, 0x6, 0xe0, 0x0, 0x5f, 0x20, 0x2, 0xfa,
    0x0, 0x0, 0xcf, 0x44, 0x48, 0xf4, 0x44, 0x8f,
    0x64, 0x46, 0xf9, 0x0, 0x0, 0xcf, 0xff, 0xff,
    0xff, 0xff, 0xff, 0xff, 0xff, 0xfa, 0x0, 0x0,
    0x0, 0x0, 0x0, 0x0, 0xcb, 0x10, 0x0, 0x0,
    0x0, 0x0, 0x6, 0x88, 0x77, 0x77, 0x77, 0xff,
    0x77, 0x77, 0x77, 0x88, 0x0, 0xc, 0xff, 0xff,
    0xff, 0xff, 0xff, 0xff, 0xff, 0xff, 0xff, 0x10,
    0x0, 0x0, 0x0, 0x0, 0x5, 0xf7, 0x0, 0x0,
    0x0, 0x0, 0x0, 0x0, 0x0, 0xcf, 0xff, 0xff,
    0xff, 0xff, 0xff, 0xf8, 0x0, 0x0, 0x0, 0x0,
    0xdd, 0x55, 0x55, 0x55, 0x55, 0x56, 0xf7, 0x0,
    0x0, 0x0, 0x0, 0xcc, 0x22, 0x22, 0x22, 0x22,
    0x22, 0xf7, 0x0, 0x0, 0x0, 0x0, 0xcf, 0xff,
    0xff, 0xff, 0xff, 0xff, 0xf7, 0x0, 0x0, 0x0,
    0x0, 0xcc, 0x11, 0x11, 0x11, 0x11, 0x12, 0xf7,
    0x0, 0x0, 0x0, 0x0, 0xce, 0xbb, 0xbb, 0xbb,
    0xbb, 0xbb, 0xf7, 0x0, 0x0, 0x0, 0x0, 0xce,
    0xbb, 0xbb, 0xbb, 0xbb, 0xbb, 0xf7, 0x0, 0x0,
    0x0, 0x0, 0xcd, 0x55, 0x55, 0x55, 0x55, 0x55,
    0xf7, 0x0, 0x0, 0x0, 0x0, 0xcf, 0xff, 0xff,
    0xff, 0xff, 0xff, 0xf7, 0x0, 0x0, 0x0, 0x0,
    0xcb, 0x0, 0x0, 0x0, 0x0, 0x0, 0xf7, 0x0,
    0x0, 0x8f, 0xff, 0xff, 0xff, 0xff, 0xff, 0xff,
    0xff, 0xff, 0xff, 0xf9, 0x25, 0x54, 0x44, 0x44,
    0x44, 0x44, 0x44, 0x44, 0x44, 0x44, 0x53,

    /* U+80FD "能" */
    0x0, 0x0, 0x2, 0x0, 0x0, 0x0, 0x3, 0x20,
    0x0, 0x0, 0x0, 0x0, 0x0, 0x6f, 0xb1, 0x0,
    0x0, 0x2f, 0xa0, 0x0, 0x0, 0x0, 0x0, 0x1,
    0xef, 0x60, 0x0, 0x0, 0x1f, 0x90, 0x0, 0x6e,
    0x20, 0x0, 0xa, 0xf8, 0x0, 0x85, 0x0, 0x1f,
    0x90, 0x5d, 0xfe, 0x60, 0x0, 0x6f, 0xb0, 0x3,
    0xff, 0x20, 0x1f, 0xde, 0xfd, 0x60, 0x0, 0x5,
    0xfc, 0x0, 0x0, 0x5f, 0xd1, 0x1f, 0xf9, 0x30,
    0x0, 0x0, 0x1f, 0xfc, 0xcd, 0xde, 0xff, 0xfc,
    0x1f, 0x90, 0x0, 0x3, 0xb3, 0xb, 0xdb, 0x98,
    0x76, 0x44, 0xe9, 0x1f, 0xa0, 0x0, 0x7, 0xf8,
    0x0, 0x0, 0x0, 0x0, 0x0, 0x10, 0xf, 0xf9,
    0x88, 0x8e, 0xf2, 0x0, 0x77, 0x77, 0x77, 0x77,
    0x50, 0x5, 0xde, 0xee, 0xee, 0x60, 0x0, 0xff,
    0xff, 0xff, 0xff, 0xa0, 0x0, 0x0, 0x0, 0x0,
    0x0, 0x0, 0xfb, 0x0, 0x0, 0x1f, 0xa0, 0x16,
    0x40, 0x0, 0x0, 0x0, 0x0, 0xfb, 0x0, 0x0,
    0x1f, 0x90, 0x1f, 0xa0, 0x0, 0x6, 0x0, 0x0,
    0xff, 0xff, 0xff, 0xff, 0x90, 0x1f, 0x90, 0x5,
    0xdf, 0x90, 0x0, 0xfd, 0x77, 0x77, 0x8f, 0x90,
    0x1f, 0xb7, 0xdf, 0xe8, 0x10, 0x0, 0xfb, 0x0,
    0x0, 0x1f, 0x90, 0x1f, 0xff, 0xc6, 0x0, 0x0,
    0x0, 0xfd, 0x88, 0x88, 0x9f, 0x90, 0x1f, 0xc2,
    0x0, 0x0, 0x0, 0x0, 0xff, 0xff, 0xff, 0xff,
    0x90, 0x1f, 0x90, 0x0, 0x0, 0x0, 0x0, 0xfb,
    0x0, 0x0, 0x1f, 0x90, 0x1f, 0x90, 0x0, 0x0,
    0xe6, 0x0, 0xfb, 0x0, 0x0, 0x1f, 0x90, 0x1f,
    0xa0, 0x0, 0x4, 0xfb, 0x0, 0xfb, 0x0, 0x0,
    0x6f, 0x90, 0xf, 0xe7, 0x66, 0x6c, 0xf5, 0x0,
    0xfb, 0x0, 0xc, 0xfd, 0x40, 0x9, 0xff, 0xff,
    0xff, 0xa0, 0x0, 0x0, 0x0, 0x0, 0x0, 0x0,
    0x0, 0x0, 0x0, 0x0, 0x0,

    /* U+81EA "自" */
    0x0, 0x0, 0x0, 0x57, 0x30, 0x0, 0x0, 0x0,
    0x0, 0x0, 0x0, 0x0, 0x9f, 0xa0, 0x0, 0x0,
    0x0, 0x0, 0x0, 0x0, 0x0, 0xbf, 0x40, 0x0,
    0x0, 0x0, 0x0, 0x0, 0x0, 0x0, 0xdf, 0x0,
    0x0, 0x0, 0x0, 0x0, 0xf, 0xff, 0xff, 0xff,
    0xff, 0xff, 0xff, 0xff, 0xf2, 0xf, 0xea, 0xaa,
    0xaa, 0xaa, 0xaa, 0xaa, 0xae, 0xf1, 0xf, 0xd0,
    0x0, 0x0, 0x0, 0x0, 0x0, 0xb, 0xf1, 0xf,
    0xd0, 0x0, 0x0, 0x0, 0x0, 0x0, 0xb, 0xf1,
    0xf, 0xd0, 0x0, 0x0, 0x0, 0x0, 0x0, 0xb,
    0xf1, 0xf, 0xff, 0xff, 0xff, 0xff, 0xff, 0xff,
    0xff, 0xf1, 0xf, 0xe7, 0x77, 0x77, 0x77, 0x77,
    0x77, 0x7d, 0xf1, 0xf, 0xd0, 0x0, 0x0, 0x0,
    0x0, 0x0, 0xb, 0xf1, 0xf, 0xd0, 0x0, 0x0,
    0x0, 0x0, 0x0, 0xb, 0xf1, 0xf, 0xe8, 0x88,
    0x88, 0x88, 0x88, 0x88, 0x8d, 0xf1, 0xf, 0xff,
    0xff, 0xff, 0xff, 0xff, 0xff, 0xff, 0xf1, 0xf,
    0xd0, 0x0, 0x0, 0x0, 0x0, 0x0, 0xb, 0xf1,
    0xf, 0xd0, 0x0, 0x0, 0x0, 0x0, 0x0, 0xb,
    0xf1, 0xf, 0xd0, 0x0, 0x0, 0x0, 0x0, 0x0,
    0xb, 0xf1, 0xf, 0xff, 0xff, 0xff, 0xff, 0xff,
    0xff, 0xff, 0xf1, 0xf, 0xe8, 0x88, 0x88, 0x88,
    0x88, 0x88, 0x8d, 0xf1, 0xf, 0xd0, 0x0, 0x0,
    0x0, 0x0, 0x0, 0xb, 0xf2, 0xf, 0xd0, 0x0,
    0x0, 0x0, 0x0, 0x0, 0xb, 0xf2,

    /* U+8282 "节" */
    0x0, 0x0, 0x0, 0x68, 0x20, 0x0, 0x7, 0x82,
    0x0, 0x0, 0x0, 0x0, 0x0, 0x0, 0xaf, 0x40,
    0x0, 0xd, 0xf3, 0x0, 0x0, 0x0, 0x0, 0x0,
    0x0, 0xaf, 0x30, 0x0, 0xd, 0xf2, 0x0, 0x0,
    0x0, 0x79, 0x88, 0x88, 0xdf, 0xa8, 0x88, 0x8e,
    0xfa, 0x88, 0x89, 0x95, 0xbf, 0xff, 0xff, 0xff,
    0xff, 0xff, 0xff, 0xff, 0xff, 0xff, 0xf9, 0x21,
    0x10, 0x0, 0xaf, 0x40, 0x0, 0xd, 0xf3, 0x0,
    0x1, 0x11, 0x0, 0x0, 0x0, 0xbf, 0x40, 0x0,
    0xd, 0xf3, 0x0, 0x0, 0x0, 0x0, 0x0, 0x0,
    0xbf, 0x40, 0x0, 0xe, 0xf3, 0x0, 0x0, 0x0,
    0x0, 0x0, 0x0, 0x1, 0x0, 0x0, 0x0, 0x10,
    0x0, 0x0, 0x0, 0xf, 0xff, 0xff, 0xff, 0xff,
    0xff, 0xff, 0xff, 0xff, 0xff, 0x20, 0xa, 0xaa,
    0xaa, 0xaa, 0xff, 0xaa, 0xaa, 0xaa, 0xaa, 0xff,
    0x10, 0x0, 0x0, 0x0, 0x0, 0xfe, 0x0, 0x0,
    0x0, 0x0, 0xff, 0x0, 0x0, 0x0, 0x0, 0x0,
    0xfe, 0x0, 0x0, 0x0, 0x0, 0xff, 0x0, 0x0,
    0x0, 0x0, 0x0, 0xfe, 0x0, 0x0, 0x0, 0x1,
    0xfe, 0x0, 0x0, 0x0, 0x0, 0x0, 0xfe, 0x0,
    0x0, 0x0, 0x2, 0xfd, 0x0, 0x0, 0x0, 0x0,
    0x0, 0xfe, 0x0, 0x0, 0x0, 0x3, 0xfc, 0x0,
    0x0, 0x0, 0x0, 0x0, 0xfe, 0x0, 0x0, 0x23,
    0x4c, 0xf9, 0x0, 0x0, 0x0, 0x0, 0x0, 0xfe,
    0x0, 0x0, 0xdf, 0xff, 0xf3, 0x0, 0x0, 0x0,
    0x0, 0x0, 0xfe, 0x0, 0x0, 0x7f, 0xc8, 0x20,
    0x0, 0x0, 0x0, 0x0, 0x0, 0xff, 0x0, 0x0,
    0x0, 0x0, 0x0, 0x0, 0x0, 0x0, 0x0, 0x0,
    0xff, 0x0, 0x0, 0x0, 0x0, 0x0, 0x0, 0x0,
    0x0, 0x0, 0x1, 0xff, 0x0, 0x0, 0x0, 0x0,
    0x0, 0x0,

    /* U+84DD "蓝" */
    0x0, 0x0, 0x0, 0x0, 0xb9, 0x0, 0x0, 0x6c,
    0x50, 0x0, 0x0, 0x0, 0x0, 0x0, 0x0, 0x0,
    0xfb, 0x0, 0x0, 0x7f, 0x40, 0x0, 0x0, 0x0,
    0x5, 0x98, 0x88, 0x88, 0xfd, 0x88, 0x88, 0xbf,
    0xa8, 0x88, 0x89, 0x94, 0x9, 0xff, 0xff, 0xff,
    0xff, 0xff, 0xff, 0xff, 0xff, 0xff, 0xff, 0xf6,
    0x0, 0x0, 0x0, 0x0, 0xfb, 0x0, 0x0, 0x6f,
    0x40, 0x0, 0x0, 0x10, 0x0, 0x0, 0x0, 0x0,
    0x97, 0x0, 0x0, 0x5b, 0x40, 0x0, 0x0, 0x0,
    0x0, 0x0, 0x0, 0x0, 0x68, 0x10, 0x0, 0x97,
    0x20, 0x0, 0x0, 0x0, 0x0, 0x2, 0xf9, 0x0,
    0xcf, 0x10, 0x0, 0xff, 0x40, 0x0, 0x0, 0x0,
    0x0, 0x2, 0xf9, 0x0, 0xbf, 0x10, 0x6, 0xfe,
    0x88, 0x89, 0x99, 0x20, 0x0, 0x2, 0xf9, 0x0,
    0xbf, 0x10, 0xe, 0xff, 0xff, 0xff, 0xff, 0x30,
    0x0, 0x2, 0xf9, 0x0, 0xbf, 0x10, 0x9f, 0x90,
    0x18, 0x0, 0x0, 0x0, 0x0, 0x2, 0xf9, 0x0,
    0xbf, 0x15, 0xfe, 0x10, 0xaf, 0x90, 0x0, 0x0,
    0x0, 0x2, 0xf9, 0x0, 0xbf, 0x1a, 0xf5, 0x0,
    0xd, 0xf6, 0x0, 0x0, 0x0, 0x2, 0xb7, 0x0,
    0xbe, 0x20, 0x40, 0x0, 0x3, 0xf6, 0x0, 0x0,
    0x0, 0x0, 0x0, 0x0, 0x0, 0x0, 0x0, 0x0,
    0x0, 0x10, 0x0, 0x0, 0x0, 0x0, 0xff, 0xff,
    0xff, 0xff, 0xff, 0xff, 0xff, 0xff, 0xc0, 0x0,
    0x0, 0x0, 0xfe, 0x77, 0x7f, 0xd7, 0x77, 0xfc,
    0x77, 0x8f, 0xb0, 0x0, 0x0, 0x0, 0xfd, 0x0,
    0xf, 0xc0, 0x1, 0xf9, 0x0, 0x1f, 0xb0, 0x0,
    0x0, 0x0, 0xfd, 0x0, 0xf, 0xc0, 0x1, 0xf9,
    0x0, 0x1f, 0xb0, 0x0, 0x0, 0x0, 0xfd, 0x0,
    0xf, 0xc0, 0x1, 0xf9, 0x0, 0x1f, 0xb0, 0x0,
    0xa, 0xa9, 0xfe, 0x99, 0x9f, 0xe9, 0x9a, 0xfd,
    0x99, 0xaf, 0xd9, 0xa6, 0x1f, 0xff, 0xee, 0xee,
    0xee, 0xee, 0xee, 0xee, 0xee, 0xee, 0xee, 0xf9,

    /* U+884C "行" */
    0x0, 0x0, 0x7, 0x40, 0x0, 0x0, 0x0, 0x0,
    0x0, 0x0, 0x0, 0x0, 0x0, 0x0, 0x2f, 0xf4,
    0x0, 0x1, 0x0, 0x0, 0x0, 0x0, 0x10, 0x0,
    0x0, 0x0, 0xbf, 0x70, 0x0, 0xf, 0xff, 0xff,
    0xff, 0xff, 0xf7, 0x0, 0x0, 0x7, 0xfb, 0x0,
    0x0, 0xa, 0x99, 0x99, 0x99, 0x9a, 0xa4, 0x0,
    0x0, 0x3f, 0xe1, 0x0, 0x0, 0x0, 0x0, 0x0,
    0x0, 0x0, 0x0, 0x0, 0x2, 0xef, 0x40, 0x0,
    0x0, 0x0, 0x0, 0x0, 0x0, 0x0, 0x0, 0x0,
    0xa, 0xf6, 0x0, 0xc6, 0x0, 0x0, 0x0, 0x0,
    0x0, 0x0, 0x0, 0x0, 0x0, 0x60, 0x8, 0xfe,
    0x30, 0x0, 0x0, 0x0, 0x0, 0x0, 0x0, 0x0,
    0x0, 0x0, 0x3f, 0xf3, 0x4, 0xcc, 0xbb, 0xbb,
    0xbb, 0xbb, 0xbc, 0xc2, 0x0, 0x0, 0xcf, 0x90,
    0x5, 0xff, 0xff, 0xff, 0xff, 0xff, 0xff, 0xf2,
    0x0, 0x9, 0xff, 0x10, 0x0, 0x0, 0x0, 0x0,
    0x5f, 0x80, 0x0, 0x0, 0x0, 0x6f, 0xff, 0x10,
    0x0, 0x0, 0x0, 0x0, 0x5f, 0x80, 0x0, 0x0,
    0x6, 0xfe, 0xcf, 0x10, 0x0, 0x0, 0x0, 0x0,
    0x5f, 0x80, 0x0, 0x0, 0xe, 0xf4, 0xbf, 0x10,
    0x0, 0x0, 0x0, 0x0, 0x5f, 0x80, 0x0, 0x0,
    0x3, 0x50, 0xbf, 0x10, 0x0, 0x0, 0x0, 0x0,
    0x5f, 0x80, 0x0, 0x0, 0x0, 0x0, 0xbf, 0x10,
    0x0, 0x0, 0x0, 0x0, 0x5f, 0x80, 0x0, 0x0,
    0x0, 0x0, 0xbf, 0x10, 0x0, 0x0, 0x0, 0x0,
    0x5f, 0x80, 0x0, 0x0, 0x0, 0x0, 0xbf, 0x10,
    0x0, 0x0, 0x0, 0x0, 0x5f, 0x80, 0x0, 0x0,
    0x0, 0x0, 0xbf, 0x10, 0x0, 0x0, 0x0, 0x0,
    0x5f, 0x80, 0x0, 0x0, 0x0, 0x0, 0xbf, 0x10,
    0x0, 0x0, 0x0, 0x10, 0x8f, 0x80, 0x0, 0x0,
    0x0, 0x0, 0xcf, 0x10, 0x0, 0x0, 0x0, 0xdf,
    0xff, 0x60, 0x0, 0x0, 0x0, 0x0, 0xcf, 0x20,
    0x0, 0x0, 0x0, 0x7e, 0xb7, 0x0, 0x0, 0x0,

    /* U+89C4 "规" */
    0x0, 0x0, 0x5, 0x84, 0x0, 0x0, 0x0, 0x0,
    0x0, 0x0, 0x0, 0x0, 0x0, 0x0, 0x8, 0xf6,
    0x0, 0x0, 0x11, 0x11, 0x11, 0x11, 0x10, 0x0,
    0x0, 0x0, 0x7, 0xf4, 0x0, 0xb, 0xff, 0xff,
    0xff, 0xff, 0xf2, 0x0, 0x0, 0x0, 0x7, 0xf3,
    0x0, 0xb, 0xf8, 0x88, 0x88, 0x8d, 0xf1, 0x0,
    0x0, 0x48, 0x7b, 0xf9, 0x78, 0x1a, 0xf0, 0x0,
    0x0, 0x9, 0xf1, 0x0, 0x0, 0x9f, 0xff, 0xff,
    0xff, 0x2a, 0xf0, 0x2, 0x0, 0x9, 0xf1, 0x0,
    0x0, 0x11, 0x7, 0xf3, 0x1, 0xa, 0xf0, 0xc,
    0xf6, 0x9, 0xf1, 0x0, 0x0, 0x0, 0x7, 0xf3,
    0x0, 0xa, 0xf0, 0xc, 0xf4, 0x9, 0xf1, 0x0,
    0x0, 0x0, 0x7, 0xf3, 0x0, 0xa, 0xf0, 0xd,
    0xf2, 0x9, 0xf1, 0x0, 0x0, 0x0, 0x7, 0xf3,
    0x0, 0xa, 0xf0, 0xe, 0xf0, 0x9, 0xf1, 0x0,
    0x8, 0xff, 0xff, 0xff, 0xff, 0x9a, 0xf0, 0xe,
    0xf0, 0x9, 0xf1, 0x0, 0x5, 0x99, 0x9d, 0xf9,
    0x99, 0x6a, 0xf0, 0xf, 0xd0, 0x9, 0xf1, 0x0,
    0x0, 0x0, 0xb, 0xf1, 0x0, 0xb, 0xf0, 0x2f,
    0xb0, 0x9, 0xf1, 0x0, 0x0, 0x0, 0xd, 0xf3,
    0x0, 0xb, 0xf0, 0x5f, 0xc5, 0x9, 0xf2, 0x0,
    0x0, 0x0, 0x2f, 0xff, 0x50, 0x4, 0x60, 0xaf,
    0xff, 0x13, 0x50, 0x0, 0x0, 0x0, 0x8f, 0xcf,
    0xf7, 0x0, 0x2, 0xff, 0xaf, 0x10, 0x0, 0x0,
    0x0, 0x0, 0xef, 0x14, 0xff, 0x90, 0xc, 0xf9,
    0x9f, 0x10, 0x0, 0x0, 0x0, 0x8, 0xf8, 0x0,
    0x3f, 0xc0, 0xaf, 0xe1, 0x9f, 0x10, 0x2, 0x0,
    0x0, 0x3f, 0xe0, 0x0, 0x4, 0x2b, 0xfe, 0x20,
    0x9f, 0x10, 0xf, 0xa0, 0x2, 0xef, 0x50, 0x0,
    0x4, 0xdf, 0xe3, 0x0, 0x9f, 0x20, 0x2f, 0xb0,
    0xd, 0xfa, 0x0, 0x3, 0xbf, 0xfb, 0x10, 0x0,
    0x8f, 0xc8, 0xcf, 0x50, 0x0, 0xa0, 0x0, 0x1,
    0xce, 0x50, 0x0, 0x0, 0x1c, 0xff, 0xfa, 0x0,
    0x0, 0x0, 0x0, 0x0, 0x0, 0x0, 0x0, 0x0,
    0x0, 0x0, 0x0, 0x0,

    /* U+8BBE "设" */
    0x0, 0x20, 0x0, 0x0, 0x0, 0x0, 0x0, 0x0,
    0x0, 0x0, 0x0, 0x1, 0xec, 0x0, 0x0, 0x4,
    0x77, 0x77, 0x77, 0x71, 0x0, 0x0, 0x0, 0xbf,
    0xc0, 0x0, 0x8, 0xff, 0xff, 0xff, 0xf1, 0x0,
    0x0, 0x0, 0xb, 0xfa, 0x0, 0x9, 0xf3, 0x0,
    0xc, 0xf1, 0x0, 0x0, 0x0, 0x1, 0xdf, 0x30,
    0xa, 0xf2, 0x0, 0xc, 0xf1, 0x0, 0x0, 0x0,
    0x0, 0x23, 0x0, 0xd, 0xf0, 0x0, 0xc, 0xf1,
    0x0, 0x0, 0x0, 0x0, 0x0, 0x0, 0x2f, 0xd0,
    0x0, 0xc, 0xf1, 0x0, 0x0, 0x32, 0x22, 0x20,
    0x0, 0xbf, 0x60, 0x0, 0xc, 0xf7, 0x33, 0x40,
    0xff, 0xff, 0xf2, 0xa, 0xfb, 0x0, 0x0, 0xb,
    0xff, 0xff, 0xf2, 0x87, 0x7d, 0xf1, 0x1a, 0xc0,
    0x0, 0x0, 0x1, 0x78, 0x88, 0x81, 0x0, 0xb,
    0xf1, 0x4, 0x87, 0x77, 0x77, 0x77, 0x77, 0x70,
    0x0, 0x0, 0xb, 0xf1, 0x8, 0xff, 0xff, 0xff,
    0xff, 0xff, 0xc0, 0x0, 0x0, 0xb, 0xf1, 0x0,
    0xd, 0xf1, 0x0, 0x0, 0xaf, 0x60, 0x0, 0x0,
    0xb, 0xf1, 0x0, 0x7, 0xf5, 0x0, 0x1, 0xfe,
    0x0, 0x0, 0x0, 0xb, 0xf1, 0x0, 0x1, 0xfc,
    0x0, 0x9, 0xf7, 0x0, 0x0, 0x0, 0xb, 0xf1,
    0x44, 0x0, 0x8f, 0x60, 0x3f, 0xd0, 0x0, 0x0,
    0x0, 0xb, 0xf4, 0xec, 0x0, 0xe, 0xf6, 0xef,
    0x40, 0x0, 0x0, 0x0, 0xb, 0xff, 0xf8, 0x0,
    0x3, 0xff, 0xf7, 0x0, 0x0, 0x0, 0x0, 0xd,
    0xff, 0x80, 0x0, 0x4, 0xef, 0xf7, 0x0, 0x0,
    0x0, 0x0, 0x3f, 0xf8, 0x0, 0x2, 0xaf, 0xe8,
    0xdf, 0xe8, 0x30, 0x0, 0x0, 0xb, 0xb0, 0x26,
    0xcf, 0xf9, 0x10, 0x7, 0xef, 0xff, 0xd7, 0x0,
    0x1, 0x0, 0xaf, 0xf9, 0x10, 0x0, 0x0, 0x5,
    0xaf, 0xf1, 0x0, 0x0, 0x0, 0x4, 0x0, 0x0,
    0x0, 0x0, 0x0, 0x0, 0x20,

    /* U+8FD0 "运" */
    0x0, 0x65, 0x0, 0x0, 0x0, 0x0, 0x0, 0x0,
    0x0, 0x0, 0x0, 0x1, 0xef, 0x40, 0x0, 0x8c,
    0xbb, 0xbb, 0xbb, 0xbc, 0xc1, 0x0, 0x0, 0x3f,
    0xf2, 0x0, 0xae, 0xee, 0xee, 0xee, 0xee, 0xf1,
    0x0, 0x0, 0x6, 0xfc, 0x0, 0x0, 0x0, 0x0,
    0x0, 0x0, 0x0, 0x0, 0x0, 0x0, 0x82, 0x0,
    0x0, 0x0, 0x0, 0x0, 0x0, 0x0, 0x0, 0x0,
    0x0, 0x0, 0x0, 0x0, 0x0, 0x0, 0x0, 0x0,
    0x0, 0x0, 0x0, 0x0, 0x0, 0x5c, 0xcb, 0xbb,
    0xbb, 0xbb, 0xbb, 0xbc, 0x80, 0x2a, 0x99, 0x97,
    0x6d, 0xdd, 0xdf, 0xfe, 0xdd, 0xdd, 0xdd, 0x90,
    0x3f, 0xff, 0xfc, 0x0, 0x0, 0xe, 0xf2, 0x0,
    0x0, 0x0, 0x0, 0x1, 0x10, 0xfc, 0x0, 0x0,
    0x2f, 0xc0, 0x0, 0x10, 0x0, 0x0, 0x0, 0x0,
    0xfc, 0x0, 0x0, 0x7f, 0x50, 0x6, 0xe2, 0x0,
    0x0, 0x0, 0x0, 0xfc, 0x0, 0x0, 0xed, 0x0,
    0x5, 0xfc, 0x0, 0x0, 0x0, 0x0, 0xfc, 0x0,
    0x6, 0xf5, 0x0, 0x0, 0xaf, 0x70, 0x0, 0x0,
    0x0, 0xfc, 0x0, 0x2f, 0xc0, 0x0, 0x13, 0x6f,
    0xf2, 0x0, 0x0, 0x0, 0xfc, 0x1, 0xef, 0xdd,
    0xef, 0xff, 0xff, 0xfb, 0x0, 0x0, 0x0, 0xfc,
    0x0, 0xcf, 0xfd, 0xb9, 0x75, 0x32, 0xef, 0x20,
    0x0, 0x0, 0xfd, 0x0, 0x33, 0x0, 0x0, 0x0,
    0x0, 0x53, 0x0, 0x0, 0x3c, 0xff, 0xb1, 0x0,
    0x0, 0x0, 0x0, 0x0, 0x0, 0x0, 0x8, 0xff,
    0xbb, 0xff, 0x94, 0x0, 0x0, 0x0, 0x0, 0x0,
    0x21, 0x8f, 0xf5, 0x0, 0x6e, 0xff, 0xff, 0xdd,
    0xdd, 0xde, 0xff, 0xf2, 0xb, 0x40, 0x0, 0x0,
    0x48, 0xbd, 0xff, 0xff, 0xff, 0xff, 0xc0, 0x0,
    0x0, 0x0, 0x0, 0x0, 0x0, 0x0, 0x0, 0x0,
    0x0, 0x0,

    /* U+8FDE "连" */
    0x0, 0x0, 0x0, 0x0, 0x0, 0x0, 0x50, 0x0,
    0x0, 0x0, 0x0, 0x0, 0x6, 0x0, 0x0, 0x0,
    0x0, 0x4f, 0xd0, 0x0, 0x0, 0x0, 0x0, 0xa,
    0xf6, 0x0, 0x0, 0x0, 0xa, 0xf5, 0x0, 0x0,
    0x0, 0x0, 0x0, 0x3f, 0xf2, 0x4, 0x66, 0x55,
    0xff, 0x55, 0x55, 0x55, 0x66, 0x0, 0x0, 0x7f,
    0xb0, 0x9f, 0xff, 0xff, 0xff, 0xff, 0xff, 0xff,
    0xf0, 0x0, 0x0, 0xcf, 0x62, 0x22, 0x3f, 0xd2,
    0x22, 0x22, 0x22, 0x23, 0x0, 0x0, 0x4, 0x70,
    0x0, 0x8, 0xf4, 0x8, 0xf4, 0x0, 0x0, 0x0,
    0x0, 0x0, 0x0, 0x0, 0x3, 0xfb, 0x0, 0x7f,
    0x30, 0x0, 0x0, 0x0, 0x0, 0x0, 0x0, 0x2,
    0xef, 0x20, 0x7, 0xf3, 0x0, 0x0, 0x0, 0x8,
    0xff, 0xff, 0x10, 0x9f, 0xff, 0xff, 0xff, 0xff,
    0xff, 0xf3, 0x0, 0x49, 0x8f, 0xf0, 0x3, 0xb9,
    0x88, 0x8c, 0xfa, 0x88, 0x9a, 0x20, 0x0, 0x0,
    0xef, 0x0, 0x0, 0x0, 0x0, 0x7f, 0x30, 0x0,
    0x0, 0x0, 0x0, 0xe, 0xf0, 0x0, 0x0, 0x0,
    0x7, 0xf3, 0x0, 0x0, 0x0, 0x0, 0x0, 0xef,
    0x5, 0x87, 0x77, 0x77, 0xbf, 0x97, 0x77, 0x77,
    0x20, 0x0, 0xe, 0xf0, 0x9f, 0xff, 0xff, 0xff,
    0xff, 0xff, 0xff, 0xf5, 0x0, 0x0, 0xef, 0x1,
    0x11, 0x10, 0x0, 0x8f, 0x40, 0x0, 0x11, 0x0,
    0x0, 0xe, 0xf0, 0x0, 0x0, 0x0, 0x7, 0xf3,
    0x0, 0x0, 0x0, 0x0, 0x0, 0xef, 0x0, 0x0,
    0x0, 0x0, 0x7f, 0x30, 0x0, 0x0, 0x0, 0x0,
    0x6f, 0xfc, 0x20, 0x0, 0x0, 0x8, 0xf4, 0x0,
    0x0, 0x0, 0x0, 0x9f, 0xea, 0xff, 0xb6, 0x20,
    0x0, 0x5a, 0x30, 0x0, 0x0, 0x0, 0xaf, 0xd1,
    0x1, 0x9f, 0xff, 0xfe, 0xdc, 0xcc, 0xcd, 0xde,
    0xfd, 0x1, 0xb1, 0x0, 0x0, 0x4, 0x8a, 0xcd,
    0xef, 0xff, 0xff, 0xff, 0x80,

    /* U+901A "通" */
    0x0, 0x0, 0x0, 0x0, 0x0, 0x0, 0x0, 0x0,
    0x0, 0x0, 0x0, 0x0, 0x1, 0x90, 0x0, 0xf,
    0xff, 0xff, 0xff, 0xff, 0xff, 0xf9, 0x0, 0x0,
    0xaf, 0x90, 0x0, 0x99, 0x88, 0x88, 0x88, 0xaf,
    0xfa, 0x0, 0x0, 0x1, 0xff, 0x50, 0x0, 0x0,
    0x1b, 0x10, 0x1c, 0xfa, 0x0, 0x0, 0x0, 0x6,
    0xfe, 0x10, 0x0, 0x7, 0xfd, 0x2c, 0xfa, 0x0,
    0x0, 0x0, 0x0, 0xc, 0x50, 0x0, 0x0, 0xa,
    0xff, 0xf9, 0x0, 0x0, 0x0, 0x0, 0x0, 0x0,
    0x0, 0x77, 0x77, 0x8f, 0xfe, 0x77, 0x77, 0x71,
    0x0, 0x0, 0x0, 0x0, 0x1f, 0xff, 0xff, 0xff,
    0xff, 0xff, 0xff, 0x20, 0x1, 0x11, 0x10, 0x0,
    0xf9, 0x0, 0x9, 0xf1, 0x0, 0x8, 0xf2, 0x0,
    0xdf, 0xff, 0x20, 0xf, 0xa0, 0x0, 0xaf, 0x10,
    0x0, 0x8f, 0x10, 0x8, 0x8c, 0xf1, 0x0, 0xff,
    0xff, 0xff, 0xff, 0xff, 0xff, 0xf1, 0x0, 0x0,
    0x8f, 0x10, 0xf, 0xc7, 0x77, 0xcf, 0x77, 0x77,
    0xbf, 0x10, 0x0, 0x8, 0xf1, 0x0, 0xf9, 0x0,
    0x9, 0xf1, 0x0, 0x8, 0xf1, 0x0, 0x0, 0x8f,
    0x10, 0xf, 0xc7, 0x77, 0xcf, 0x87, 0x77, 0xbf,
    0x10, 0x0, 0x8, 0xf1, 0x0, 0xff, 0xff, 0xff,
    0xff, 0xff, 0xff, 0xf1, 0x0, 0x0, 0x8f, 0x10,
    0xf, 0x90, 0x0, 0x9f, 0x10, 0x0, 0x8f, 0x10,
    0x0, 0x8, 0xf1, 0x0, 0xf9, 0x0, 0x9, 0xf1,
    0x0, 0xb, 0xf1, 0x0, 0x0, 0x8f, 0x10, 0xf,
    0x90, 0x0, 0x9f, 0x10, 0x9f, 0xff, 0x0, 0x0,
    0xa, 0xfd, 0x31, 0xf9, 0x0, 0x9, 0xf1, 0x2,
    0xfe, 0x60, 0x0, 0xa, 0xfe, 0xff, 0xc8, 0x41,
    0x0, 0x1, 0x0, 0x2, 0x1, 0x23, 0x1d, 0xf9,
    0x1, 0x7d, 0xff, 0xff, 0xee, 0xee, 0xee, 0xff,
    0xff, 0x80, 0xad, 0x0, 0x0, 0x3, 0x69, 0xbc,
    0xde, 0xee, 0xee, 0xee, 0xe4, 0x0, 0x20, 0x0,
    0x0, 0x0, 0x0, 0x0, 0x0, 0x0, 0x0, 0x0,
    0x0,

    /* U+914D "配" */
    0x2c, 0xcb, 0xbb, 0xbb, 0xbc, 0xcc, 0x2e, 0xdd,
    0xdd, 0xdd, 0xd2, 0x2, 0xee, 0xde, 0xfd, 0xff,
    0xde, 0xe2, 0xdc, 0xcc, 0xcc, 0xef, 0x20, 0x0,
    0x0, 0x8e, 0x9, 0xe0, 0x0, 0x0, 0x0, 0x0,
    0xa, 0xf2, 0x0, 0x0, 0x8, 0xe0, 0x9e, 0x0,
    0x0, 0x0, 0x0, 0x0, 0xaf, 0x20, 0x3, 0x55,
    0xae, 0x5b, 0xf5, 0x55, 0x0, 0x0, 0x0, 0xa,
    0xf2, 0x0, 0x9f, 0xff, 0xff, 0xff, 0xff, 0xf0,
    0x0, 0x0, 0x0, 0xaf, 0x20, 0x9, 0xf2, 0x9e,
    0x19, 0xd1, 0xcf, 0x0, 0x0, 0x0, 0xa, 0xf2,
    0x0, 0x8f, 0x19, 0xd0, 0x9d, 0xc, 0xe0, 0x0,
    0x0, 0x0, 0xaf, 0x20, 0x8, 0xf1, 0xac, 0x9,
    0xd0, 0xce, 0x1, 0xff, 0xff, 0xff, 0xf3, 0x0,
    0x8f, 0x1d, 0xb0, 0x9d, 0xc, 0xe0, 0xf, 0xd8,
    0x88, 0x88, 0x10, 0x8, 0xf3, 0xf8, 0x9, 0xf5,
    0xde, 0x0, 0xfa, 0x0, 0x0, 0x0, 0x0, 0x8f,
    0xaf, 0x40, 0x6f, 0xff, 0xe0, 0xf, 0xa0, 0x0,
    0x0, 0x0, 0x8, 0xfa, 0xd0, 0x0, 0x34, 0xde,
    0x0, 0xfa, 0x0, 0x0, 0x0, 0x0, 0x8f, 0x10,
    0x0, 0x0, 0xc, 0xe0, 0xf, 0xa0, 0x0, 0x0,
    0x0, 0x8, 0xf6, 0x66, 0x66, 0x66, 0xde, 0x0,
    0xfa, 0x0, 0x0, 0x0, 0x0, 0x8f, 0xff, 0xff,
    0xff, 0xff, 0xe0, 0xf, 0xa0, 0x0, 0x0, 0x0,
    0x8, 0xf1, 0x0, 0x0, 0x0, 0xce, 0x0, 0xfa,
    0x0, 0x0, 0x22, 0x0, 0x8f, 0x77, 0x77, 0x77,
    0x7e, 0xe0, 0xf, 0xa0, 0x0, 0x6, 0xf8, 0x8,
    0xff, 0xff, 0xff, 0xff, 0xfe, 0x0, 0xfb, 0x0,
    0x0, 0x8f, 0x60, 0x9f, 0x10, 0x0, 0x0, 0xc,
    0xf0, 0xf, 0xf9, 0x88, 0x8f, 0xf1, 0x9, 0xf1,
    0x0, 0x0, 0x0, 0xcf, 0x0, 0x8f, 0xff, 0xff,
    0xf8, 0x0, 0x0, 0x0, 0x0, 0x0, 0x0, 0x0,
    0x0, 0x1, 0x11, 0x10, 0x0,

    /* U+919B "醛" */
    0x0, 0x0, 0x0, 0x0, 0x0, 0x0, 0x7, 0xa0,
    0x5, 0xc0, 0x0, 0x4, 0x87, 0x77, 0x77, 0x77,
    0x85, 0x0, 0x9f, 0x0, 0x7f, 0x0, 0x0, 0x9f,
    0xff, 0xff, 0xff, 0xff, 0x90, 0x9, 0xf0, 0x6,
    0xf0, 0x0, 0x0, 0x0, 0x5f, 0xe, 0x70, 0x0,
    0xdf, 0xff, 0xff, 0xff, 0xff, 0xa0, 0x0, 0x5,
    0xf0, 0xe7, 0x0, 0x5, 0x5b, 0xf5, 0x59, 0xf5,
    0x53, 0x0, 0x0, 0x5f, 0xe, 0x70, 0x0, 0x0,
    0x9e, 0x0, 0x6f, 0x0, 0x0, 0x1f, 0xff, 0xff,
    0xff, 0xff, 0x80, 0x4, 0x79, 0xa4, 0x50, 0x0,
    0x0, 0xfb, 0x8f, 0x4f, 0x95, 0xf8, 0x0, 0x1,
    0xff, 0x40, 0x0, 0x0, 0xf, 0x95, 0xf0, 0xe7,
    0x1f, 0x80, 0x0, 0xbf, 0xad, 0x0, 0x0, 0x0,
    0xf9, 0x5f, 0xe, 0x71, 0xf8, 0x0, 0x8f, 0x60,
    0xdb, 0x0, 0x0, 0xf, 0x96, 0xe0, 0xe7, 0x1f,
    0x80, 0x8f, 0xa0, 0x2, 0xec, 0x20, 0x0, 0xf9,
    0x8c, 0xe, 0x71, 0xfa, 0xcf, 0xf8, 0x77, 0x7a,
    0xff, 0x90, 0xf, 0x9c, 0x90, 0xea, 0x1f, 0xbf,
    0x98, 0xde, 0xfd, 0xd2, 0xc7, 0x0, 0xfb, 0xf4,
    0xb, 0xff, 0xf8, 0x10, 0x0, 0x5f, 0x0, 0x0,
    0x0, 0xf, 0x95, 0x0, 0x5, 0x6f, 0x80, 0x0,
    0x5, 0xf0, 0x0, 0x0, 0x0, 0xf9, 0x0, 0x0,
    0x1, 0xf8, 0x6, 0x65, 0x9f, 0x65, 0x61, 0x0,
    0xf, 0xff, 0xff, 0xff, 0xff, 0x80, 0xff, 0xff,
    0xff, 0xff, 0x40, 0x0, 0xfb, 0x55, 0x55, 0x56,
    0xf8, 0x0, 0x0, 0x5f, 0x0, 0x0, 0x0, 0xf,
    0x90, 0x0, 0x0, 0x1f, 0x80, 0x0, 0x5, 0xf0,
    0x0, 0x0, 0x0, 0xfd, 0xbb, 0xbb, 0xbb, 0xf8,
    0x0, 0x0, 0x5f, 0x0, 0x0, 0x0, 0xf, 0xd9,
    0x99, 0x99, 0xaf, 0x9b, 0xff, 0xff, 0xff, 0xff,
    0xf3, 0x0, 0xf9, 0x0, 0x0, 0x1, 0xf9, 0x56,
    0x65, 0x55, 0x55, 0x66, 0x10, 0x3, 0x10, 0x0,
    0x0, 0x0, 0x0, 0x0, 0x0, 0x0, 0x0, 0x0,
    0x0,

    /* U+95ED "闭" */
    0x0, 0x5c, 0x10, 0x0, 0x0, 0x0, 0x0, 0x0,
    0x0, 0x0, 0x0, 0xcf, 0xc0, 0x0, 0x9b, 0xbb,
    0xbb, 0xbb, 0xbb, 0xba, 0x0, 0x1e, 0xf8, 0x0,
    0xcf, 0xff, 0xff, 0xff, 0xff, 0xfe, 0x0, 0x5,
    0xfb, 0x0, 0x10, 0x0, 0x0, 0x0, 0x0, 0xfe,
    0x0, 0x0, 0x50, 0x0, 0x0, 0x14, 0x40, 0x0,
    0x0, 0xfd, 0xab, 0x20, 0x0, 0x0, 0x0, 0x3f,
    0xd0, 0x0, 0x0, 0xfd, 0xef, 0x10, 0x0, 0x0,
    0x0, 0x2f, 0xc0, 0x0, 0x0, 0xfd, 0xdf, 0x0,
    0x0, 0x0, 0x0, 0x2f, 0xb0, 0x0, 0x0, 0xfd,
    0xdf, 0x7, 0xcc, 0xbb, 0xbb, 0xcf, 0xeb, 0xcc,
    0x30, 0xfd, 0xdf, 0x9, 0xff, 0xff, 0xff, 0xff,
    0xff, 0xff, 0x40, 0xfd, 0xdf, 0x0, 0x0, 0x0,
    0xd, 0xff, 0xb0, 0x0, 0x0, 0xfd, 0xdf, 0x0,
    0x0, 0x0, 0x6f, 0xcf, 0xb0, 0x0, 0x0, 0xfd,
    0xdf, 0x0, 0x0, 0x2, 0xef, 0x4f, 0xb0, 0x0,
    0x0, 0xfd, 0xdf, 0x0, 0x0, 0xd, 0xf7, 0x2f,
    0xb0, 0x0, 0x0, 0xfd, 0xdf, 0x0, 0x1, 0xcf,
    0xc0, 0x2f, 0xb0, 0x0, 0x0, 0xfd, 0xdf, 0x0,
    0x2d, 0xfd, 0x10, 0x2f, 0xb0, 0x0, 0x0, 0xfd,
    0xdf, 0x7, 0xff, 0xd1, 0x0, 0x2f, 0xb0, 0x0,
    0x0, 0xfd, 0xdf, 0x2e, 0xfa, 0x10, 0x0, 0x2f,
    0xb0, 0x0, 0x0, 0xfd, 0xdf, 0x1, 0x50, 0x0,
    0x24, 0xaf, 0xb0, 0x0, 0x0, 0xfd, 0xdf, 0x0,
    0x0, 0x0, 0xaf, 0xff, 0x70, 0x0, 0x3, 0xfc,
    0xef, 0x0, 0x0, 0x0, 0x5c, 0x84, 0x0, 0xc,
    0xff, 0xfa, 0xef, 0x0, 0x0, 0x0, 0x0, 0x0,
    0x0, 0x6, 0xfd, 0x91, 0x0, 0x0, 0x0, 0x0,
    0x0, 0x0, 0x0, 0x0, 0x0, 0x0,

    /* U+95F4 "间" */
    0x0, 0x17, 0x0, 0x0, 0x0, 0x0, 0x0, 0x0,
    0x0, 0x0, 0x0, 0xcf, 0x80, 0x0, 0x21, 0x11,
    0x11, 0x11, 0x11, 0x10, 0x0, 0x2f, 0xf4, 0x0,
    0xef, 0xff, 0xff, 0xff, 0xff, 0xfd, 0x0, 0x7,
    0xfe, 0x10, 0x89, 0x88, 0x88, 0x88, 0x89, 0xfd,
    0x1, 0x0, 0x93, 0x0, 0x0, 0x0, 0x0, 0x0,
    0x1, 0xfd, 0xef, 0x20, 0x0, 0x0, 0x0, 0x0,
    0x0, 0x0, 0x1, 0xfc, 0xdf, 0x10, 0x5, 0x77,
    0x77, 0x77, 0x77, 0x50, 0x1, 0xfc, 0xdf, 0x10,
    0xc, 0xff, 0xff, 0xff, 0xff, 0xc0, 0x1, 0xfc,
    0xcf, 0x10, 0xc, 0xf1, 0x0, 0x0, 0x1f, 0xb0,
    0x1, 0xfc, 0xcf, 0x10, 0xb, 0xf0, 0x0, 0x0,
    0x1f, 0xb0, 0x1, 0xfc, 0xcf, 0x10, 0xb, 0xf0,
    0x0, 0x0, 0x1f, 0xb0, 0x1, 0xfc, 0xcf, 0x10,
    0xb, 0xff, 0xff, 0xff, 0xff, 0xb0, 0x1, 0xfc,
    0xcf, 0x10, 0xb, 0xf9, 0x88, 0x88, 0x9f, 0xb0,
    0x1, 0xfc, 0xcf, 0x10, 0xb, 0xf0, 0x0, 0x0,
    0x1f, 0xb0, 0x1, 0xfc, 0xcf, 0x10, 0xb, 0xf0,
    0x0, 0x0, 0x1f, 0xb0, 0x1, 0xfc, 0xcf, 0x10,
    0xc, 0xf0, 0x0, 0x0, 0x1f, 0xb0, 0x1, 0xfc,
    0xcf, 0x10, 0xc, 0xff, 0xff, 0xff, 0xff, 0xb0,
    0x1, 0xfc, 0xcf, 0x10, 0x7, 0x88, 0x88, 0x88,
    0x88, 0x60, 0x1, 0xfc, 0xdf, 0x10, 0x0, 0x0,
    0x0, 0x0, 0x0, 0x0, 0x1, 0xfc, 0xdf, 0x10,
    0x0, 0x0, 0x0, 0x0, 0x0, 0x0, 0x5, 0xfc,
    0xef, 0x20, 0x0, 0x0, 0x0, 0x0, 0x0, 0xa,
    0xff, 0xfa, 0xff, 0x20, 0x0, 0x0, 0x0, 0x0,
    0x0, 0x5, 0xff, 0xb2, 0x0, 0x0, 0x0, 0x0,
    0x0, 0x0, 0x0, 0x1, 0x41, 0x0,

    /* U+98CE "风" */
    0x0, 0x9, 0xaa, 0xaa, 0xaa, 0xaa, 0xaa, 0xaa,
    0xaa, 0x20, 0x0, 0x0, 0x0, 0xff, 0xff, 0xff,
    0xff, 0xff, 0xff, 0xff, 0xf4, 0x0, 0x0, 0x0,
    0xe, 0xc0, 0x0, 0x0, 0x0, 0x0, 0x0, 0x9f,
    0x30, 0x0, 0x0, 0x0, 0xec, 0x0, 0x0, 0x0,
    0x0, 0x0, 0x9, 0xf2, 0x0, 0x0, 0x0, 0xe,
    0xc0, 0x0, 0x0, 0x0, 0x8, 0x10, 0x9f, 0x20,
    0x0, 0x0, 0x0, 0xec, 0x5, 0xd1, 0x0, 0x3,
    0xfc, 0x9, 0xf2, 0x0, 0x0, 0x0, 0xe, 0xc0,
    0x7f, 0xc0, 0x0, 0x8f, 0x50, 0x9f, 0x20, 0x0,
    0x0, 0x0, 0xec, 0x0, 0x9f, 0x90, 0xe, 0xd0,
    0x9, 0xf2, 0x0, 0x0, 0x0, 0xf, 0xb0, 0x0,
    0xbf, 0x54, 0xf6, 0x0, 0x8f, 0x20, 0x0, 0x0,
    0x0, 0xfb, 0x0, 0x1, 0xee, 0xde, 0x0, 0x8,
    0xf3, 0x0, 0x0, 0x0, 0xf, 0xa0, 0x0, 0x5,
    0xff, 0x70, 0x0, 0x8f, 0x30, 0x0, 0x0, 0x1,
    0xf9, 0x0, 0x0, 0xe, 0xf7, 0x0, 0x7, 0xf3,
    0x0, 0x0, 0x0, 0x3f, 0x70, 0x0, 0x9, 0xff,
    0xf1, 0x0, 0x7f, 0x40, 0x0, 0x0, 0x5, 0xf5,
    0x0, 0x6, 0xfb, 0x5f, 0xa0, 0x5, 0xf6, 0x0,
    0x0, 0x0, 0x8f, 0x30, 0x5, 0xfd, 0x0, 0xcf,
    0x30, 0x4f, 0x80, 0x0, 0x0, 0xc, 0xf0, 0x6,
    0xfe, 0x20, 0x4, 0xfb, 0x1, 0xfb, 0x0, 0x0,
    0x1, 0xfb, 0x8, 0xfe, 0x20, 0x0, 0xc, 0xf3,
    0xe, 0xf0, 0x64, 0x0, 0x7f, 0x60, 0x1b, 0x20,
    0x0, 0x0, 0x48, 0x0, 0xaf, 0x4b, 0xf4, 0xd,
    0xf1, 0x0, 0x0, 0x0, 0x0, 0x0, 0x0, 0x5,
    0xfd, 0xff, 0x8, 0xf9, 0x0, 0x0, 0x0, 0x0,
    0x0, 0x0, 0x0, 0xd, 0xff, 0xa0, 0x5f, 0x10,
    0x0, 0x0, 0x0, 0x0, 0x0, 0x0, 0x0, 0x2e,
    0xe2, 0x0, 0x20, 0x0, 0x0, 0x0, 0x0, 0x0,
    0x0, 0x0, 0x0, 0x0, 0x0,

    /* U+9AD8 "高" */
    0x0, 0x0, 0x0, 0x0, 0x0, 0x24, 0x0, 0x0,
    0x0, 0x0, 0x0, 0x0, 0x0, 0x0, 0x0, 0x4,
    0xff, 0x0, 0x0, 0x0, 0x0, 0x0, 0x1, 0x10,
    0x0, 0x0, 0x0, 0xff, 0x50, 0x0, 0x0, 0x1,
    0x11, 0x3f, 0xff, 0xff, 0xff, 0xff, 0xff, 0xff,
    0xff, 0xff, 0xff, 0xfa, 0x18, 0x77, 0x77, 0x77,
    0x77, 0x77, 0x77, 0x77, 0x77, 0x77, 0x75, 0x0,
    0x0, 0x24, 0x44, 0x44, 0x44, 0x44, 0x44, 0x42,
    0x0, 0x0, 0x0, 0x0, 0x7f, 0xff, 0xff, 0xff,
    0xff, 0xff, 0xfa, 0x0, 0x0, 0x0, 0x0, 0x7f,
    0x72, 0x22, 0x22, 0x22, 0x23, 0xf9, 0x0, 0x0,
    0x0, 0x0, 0x7f, 0x72, 0x22, 0x22, 0x22, 0x23,
    0xf9, 0x0, 0x0, 0x0, 0x0, 0x7f, 0xff, 0xff,
    0xff, 0xff, 0xff, 0xfa, 0x0, 0x0, 0x0, 0x0,
    0x24, 0x44, 0x44, 0x44, 0x44, 0x44, 0x42, 0x0,
    0x0, 0x2, 0x44, 0x44, 0x44, 0x44, 0x44, 0x44,
    0x44, 0x44, 0x44, 0x40, 0x7, 0xff, 0xff, 0xff,
    0xff, 0xff, 0xff, 0xff, 0xff, 0xff, 0xf1, 0x7,
    0xf7, 0x22, 0x22, 0x22, 0x22, 0x22, 0x22, 0x22,
    0x2c, 0xf1, 0x7, 0xf5, 0x0, 0x14, 0x44, 0x44,
    0x44, 0x44, 0x0, 0xb, 0xf1, 0x7, 0xf5, 0x0,
    0x6f, 0xff, 0xff, 0xff, 0xff, 0x0, 0xb, 0xf1,
    0x7, 0xf5, 0x0, 0x5f, 0x41, 0x11, 0x11, 0xbf,
    0x0, 0xb, 0xf1, 0x7, 0xf5, 0x0, 0x5f, 0x41,
    0x11, 0x11, 0xbf, 0x0, 0xb, 0xf1, 0x7, 0xf5,
    0x0, 0x6f, 0xff, 0xff, 0xff, 0xff, 0x0, 0xb,
    0xf1, 0x7, 0xf5, 0x0, 0x14, 0x44, 0x44, 0x44,
    0x44, 0x0, 0xc, 0xf0, 0x7, 0xf5, 0x0, 0x0,
    0x0, 0x0, 0x0, 0x0, 0x9, 0xbf, 0xf0, 0x8,
    0xf5, 0x0, 0x0, 0x0, 0x0, 0x0, 0x0, 0x6,
    0xfe, 0x60, 0x0, 0x0, 0x0, 0x0, 0x0, 0x0,
    0x0, 0x0, 0x0, 0x10, 0x0
};


/*---------------------
 *  GLYPH DESCRIPTION
 *--------------------*/

static const lv_font_fmt_txt_glyph_dsc_t glyph_dsc[] = {
    {.bitmap_index = 0, .adv_w = 0, .box_w = 0, .box_h = 0, .ofs_x = 0, .ofs_y = 0} /* id = 0 reserved */,
    {.bitmap_index = 0, .adv_w = 192, .box_w = 0, .box_h = 0, .ofs_x = 0, .ofs_y = 0},
    {.bitmap_index = 0, .adv_w = 192, .box_w = 4, .box_h = 17, .ofs_x = 4, .ofs_y = 0},
    {.bitmap_index = 34, .adv_w = 192, .box_w = 6, .box_h = 5, .ofs_x = 3, .ofs_y = 11},
    {.bitmap_index = 49, .adv_w = 192, .box_w = 12, .box_h = 16, .ofs_x = 0, .ofs_y = 0},
    {.bitmap_index = 145, .adv_w = 192, .box_w = 10, .box_h = 21, .ofs_x = 1, .ofs_y = -3},
    {.bitmap_index = 250, .adv_w = 192, .box_w = 12, .box_h = 17, .ofs_x = 0, .ofs_y = 0},
    {.bitmap_index = 352, .adv_w = 192, .box_w = 12, .box_h = 16, .ofs_x = 0, .ofs_y = 0},
    {.bitmap_index = 448, .adv_w = 192, .box_w = 3, .box_h = 5, .ofs_x = 4, .ofs_y = 11},
    {.bitmap_index = 456, .adv_w = 192, .box_w = 7, .box_h = 21, .ofs_x = 5, .ofs_y = -2},
    {.bitmap_index = 530, .adv_w = 192, .box_w = 7, .box_h = 21, .ofs_x = 0, .ofs_y = -2},
    {.bitmap_index = 604, .adv_w = 192, .box_w = 12, .box_h = 12, .ofs_x = 0, .ofs_y = 4},
    {.bitmap_index = 676, .adv_w = 192, .box_w = 12, .box_h = 11, .ofs_x = 0, .ofs_y = 3},
    {.bitmap_index = 742, .adv_w = 192, .box_w = 4, .box_h = 6, .ofs_x = 1, .ofs_y = -3},
    {.bitmap_index = 754, .adv_w = 192, .box_w = 12, .box_h = 3, .ofs_x = 0, .ofs_y = 7},
    {.bitmap_index = 772, .adv_w = 192, .box_w = 4, .box_h = 3, .ofs_x = 1, .ofs_y = 0},
    {.bitmap_index = 778, .adv_w = 192, .box_w = 12, .box_h = 19, .ofs_x = 0, .ofs_y = -1},
    {.bitmap_index = 892, .adv_w = 192, .box_w = 11, .box_h = 17, .ofs_x = 0, .ofs_y = -1},
    {.bitmap_index = 986, .adv_w = 192, .box_w = 6, .box_h = 16, .ofs_x = 2, .ofs_y = 0},
    {.bitmap_index = 1034, .adv_w = 192, .box_w = 11, .box_h = 17, .ofs_x = 0, .ofs_y = 0},
    {.bitmap_index = 1128, .adv_w = 192, .box_w = 11, .box_h = 17, .ofs_x = 0, .ofs_y = 0},
    {.bitmap_index = 1222, .adv_w = 192, .box_w = 12, .box_h = 16, .ofs_x = 0, .ofs_y = 0},
    {.bitmap_index = 1318, .adv_w = 192, .box_w = 11, .box_h = 16, .ofs_x = 0, .ofs_y = 0},
    {.bitmap_index = 1406, .adv_w = 192, .box_w = 12, .box_h = 16, .ofs_x = 0, .ofs_y = 0},
    {.bitmap_index = 1502, .adv_w = 192, .box_w = 11, .box_h = 16, .ofs_x = 1, .ofs_y = 0},
    {.bitmap_index = 1590, .adv_w = 192, .box_w = 11, .box_h = 16, .ofs_x = 0, .ofs_y = 0},
    {.bitmap_index = 1678, .adv_w = 192, .box_w = 11, .box_h = 16, .ofs_x = 0, .ofs_y = 0},
    {.bitmap_index = 1766, .adv_w = 192, .box_w = 3, .box_h = 11, .ofs_x = 4, .ofs_y = 0},
    {.bitmap_index = 1783, .adv_w = 192, .box_w = 3, .box_h = 14, .ofs_x = 4, .ofs_y = -3},
    {.bitmap_index = 1804, .adv_w = 192, .box_w = 12, .box_h = 18, .ofs_x = 0, .ofs_y = -1},
    {.bitmap_index = 1912, .adv_w = 192, .box_w = 12, .box_h = 9, .ofs_x = 0, .ofs_y = 4},
    {.bitmap_index = 1966, .adv_w = 192, .box_w = 12, .box_h = 18, .ofs_x = 0, .ofs_y = -1},
    {.bitmap_index = 2074, .adv_w = 192, .box_w = 10, .box_h = 16, .ofs_x = 1, .ofs_y = 0},
    {.bitmap_index = 2154, .adv_w = 192, .box_w = 12, .box_h = 16, .ofs_x = 0, .ofs_y = 0},
    {.bitmap_index = 2250, .adv_w = 192, .box_w = 12, .box_h = 16, .ofs_x = 0, .ofs_y = 0},
    {.bitmap_index = 2346, .adv_w = 192, .box_w = 11, .box_h = 16, .ofs_x = 1, .ofs_y = 0},
    {.bitmap_index = 2434, .adv_w = 192, .box_w = 12, .box_h = 16, .ofs_x = 0, .ofs_y = 0},
    {.bitmap_index = 2530, .adv_w = 192, .box_w = 10, .box_h = 16, .ofs_x = 1, .ofs_y = 0},
    {.bitmap_index = 2610, .adv_w = 192, .box_w = 10, .box_h = 16, .ofs_x = 1, .ofs_y = 0},
    {.bitmap_index = 2690, .adv_w = 192, .box_w = 10, .box_h = 16, .ofs_x = 1, .ofs_y = 0},
    {.bitmap_index = 2770, .adv_w = 192, .box_w = 11, .box_h = 16, .ofs_x = 0, .ofs_y = 0},
    {.bitmap_index = 2858, .adv_w = 192, .box_w = 10, .box_h = 16, .ofs_x = 1, .ofs_y = 0},
    {.bitmap_index = 2938, .adv_w = 192, .box_w = 3, .box_h = 16, .ofs_x = 4, .ofs_y = 0},
    {.bitmap_index = 2962, .adv_w = 192, .box_w = 10, .box_h = 16, .ofs_x = 1, .ofs_y = 0},
    {.bitmap_index = 3042, .adv_w = 192, .box_w = 11, .box_h = 16, .ofs_x = 1, .ofs_y = 0},
    {.bitmap_index = 3130, .adv_w = 192, .box_w = 10, .box_h = 16, .ofs_x = 1, .ofs_y = 0},
    {.bitmap_index = 3210, .adv_w = 192, .box_w = 11, .box_h = 16, .ofs_x = 0, .ofs_y = 0},
    {.bitmap_index = 3298, .adv_w = 192, .box_w = 11, .box_h = 16, .ofs_x = 0, .ofs_y = 0},
    {.bitmap_index = 3386, .adv_w = 192, .box_w = 12, .box_h = 16, .ofs_x = 0, .ofs_y = 0},
    {.bitmap_index = 3482, .adv_w = 192, .box_w = 11, .box_h = 16, .ofs_x = 1, .ofs_y = 0},
    {.bitmap_index = 3570, .adv_w = 192, .box_w = 12, .box_h = 18, .ofs_x = 0, .ofs_y = -2},
    {.bitmap_index = 3678, .adv_w = 192, .box_w = 11, .box_h = 16, .ofs_x = 1, .ofs_y = 0},
    {.bitmap_index = 3766, .adv_w = 192, .box_w = 11, .box_h = 16, .ofs_x = 0, .ofs_y = 0},
    {.bitmap_index = 3854, .adv_w = 192, .box_w = 10, .box_h = 16, .ofs_x = 1, .ofs_y = 0},
    {.bitmap_index = 3934, .adv_w = 192, .box_w = 10, .box_h = 16, .ofs_x = 1, .ofs_y = 0},
    {.bitmap_index = 4014, .adv_w = 192, .box_w = 12, .box_h = 16, .ofs_x = 0, .ofs_y = 0},
    {.bitmap_index = 4110, .adv_w = 192, .box_w = 12, .box_h = 16, .ofs_x = 0, .ofs_y = 0},
    {.bitmap_index = 4206, .adv_w = 192, .box_w = 12, .box_h = 16, .ofs_x = 0, .ofs_y = 0},
    {.bitmap_index = 4302, .adv_w = 192, .box_w = 12, .box_h = 16, .ofs_x = 0, .ofs_y = 0},
    {.bitmap_index = 4398, .adv_w = 192, .box_w = 11, .box_h = 16, .ofs_x = 0, .ofs_y = 0},
    {.bitmap_index = 4486, .adv_w = 192, .box_w = 7, .box_h = 22, .ofs_x = 4, .ofs_y = -3},
    {.bitmap_index = 4563, .adv_w = 192, .box_w = 10, .box_h = 19, .ofs_x = 1, .ofs_y = -2},
    {.bitmap_index = 4658, .adv_w = 192, .box_w = 7, .box_h = 22, .ofs_x = 1, .ofs_y = -3},
    {.bitmap_index = 4735, .adv_w = 192, .box_w = 10, .box_h = 4, .ofs_x = 1, .ofs_y = 15},
    {.bitmap_index = 4755, .adv_w = 192, .box_w = 12, .box_h = 2, .ofs_x = 0, .ofs_y = -4},
    {.bitmap_index = 4767, .adv_w = 192, .box_w = 6, .box_h = 5, .ofs_x = 3, .ofs_y = 15},
    {.bitmap_index = 4782, .adv_w = 192, .box_w = 10, .box_h = 11, .ofs_x = 1, .ofs_y = 0},
    {.bitmap_index = 4837, .adv_w = 192, .box_w = 10, .box_h = 16, .ofs_x = 1, .ofs_y = 0},
    {.bitmap_index = 4917, .adv_w = 192, .box_w = 11, .box_h = 11, .ofs_x = 0, .ofs_y = 0},
    {.bitmap_index = 4978, .adv_w = 192, .box_w = 11, .box_h = 16, .ofs_x = 0, .ofs_y = 0},
    {.bitmap_index = 5066, .adv_w = 192, .box_w = 11, .box_h = 11, .ofs_x = 0, .ofs_y = 0},
    {.bitmap_index = 5127, .adv_w = 192, .box_w = 10, .box_h = 16, .ofs_x = 1, .ofs_y = 0},
    {.bitmap_index = 5207, .adv_w = 192, .box_w = 12, .box_h = 15, .ofs_x = 0, .ofs_y = -3},
    {.bitmap_index = 5297, .adv_w = 192, .box_w = 10, .box_h = 16, .ofs_x = 1, .ofs_y = 0},
    {.bitmap_index = 5377, .adv_w = 192, .box_w = 3, .box_h = 16, .ofs_x = 4, .ofs_y = 0},
    {.bitmap_index = 5401, .adv_w = 192, .box_w = 7, .box_h = 19, .ofs_x = 2, .ofs_y = -3},
    {.bitmap_index = 5468, .adv_w = 192, .box_w = 10, .box_h = 16, .ofs_x = 1, .ofs_y = 0},
    {.bitmap_index = 5548, .adv_w = 192, .box_w = 3, .box_h = 16, .ofs_x = 4, .ofs_y = 0},
    {.bitmap_index = 5572, .adv_w = 192, .box_w = 12, .box_h = 11, .ofs_x = 0, .ofs_y = 0},
    {.bitmap_index = 5638, .adv_w = 192, .box_w = 10, .box_h = 11, .ofs_x = 1, .ofs_y = 0},
    {.bitmap_index = 5693, .adv_w = 192, .box_w = 11, .box_h = 11, .ofs_x = 0, .ofs_y = 0},
    {.bitmap_index = 5754, .adv_w = 192, .box_w = 10, .box_h = 14, .ofs_x = 1, .ofs_y = -3},
    {.bitmap_index = 5824, .adv_w = 192, .box_w = 11, .box_h = 14, .ofs_x = 0, .ofs_y = -3},
    {.bitmap_index = 5901, .adv_w = 192, .box_w = 8, .box_h = 11, .ofs_x = 2, .ofs_y = 0},
    {.bitmap_index = 5945, .adv_w = 192, .box_w = 10, .box_h = 11, .ofs_x = 1, .ofs_y = 0},
    {.bitmap_index = 6000, .adv_w = 192, .box_w = 11, .box_h = 14, .ofs_x = 0, .ofs_y = 0},
    {.bitmap_index = 6077, .adv_w = 192, .box_w = 10, .box_h = 11, .ofs_x = 1, .ofs_y = 0},
    {.bitmap_index = 6132, .adv_w = 192, .box_w = 11, .box_h = 11, .ofs_x = 0, .ofs_y = 0},
    {.bitmap_index = 6193, .adv_w = 192, .box_w = 12, .box_h = 11, .ofs_x = 0, .ofs_y = 0},
    {.bitmap_index = 6259, .adv_w = 192, .box_w = 11, .box_h = 11, .ofs_x = 0, .ofs_y = 0},
    {.bitmap_index = 6320, .adv_w = 192, .box_w = 11, .box_h = 14, .ofs_x = 0, .ofs_y = -3},
    {.bitmap_index = 6397, .adv_w = 192, .box_w = 10, .box_h = 11, .ofs_x = 1, .ofs_y = 0},
    {.bitmap_index = 6452, .adv_w = 192, .box_w = 6, .box_h = 22, .ofs_x = 5, .ofs_y = -3},
    {.bitmap_index = 6518, .adv_w = 192, .box_w = 3, .box_h = 24, .ofs_x = 4, .ofs_y = -3},
    {.bitmap_index = 6554, .adv_w = 192, .box_w = 6, .box_h = 22, .ofs_x = 1, .ofs_y = -3},
    {.bitmap_index = 6620, .adv_w = 192, .box_w = 10, .box_h = 4, .ofs_x = 1, .ofs_y = 16},
    {.bitmap_index = 6640, .adv_w = 384, .box_w = 6, .box_h = 7, .ofs_x = 3, .ofs_y = 11},
    {.bitmap_index = 6661, .adv_w = 384, .box_w = 4, .box_h = 4, .ofs_x = 10, .ofs_y = 7},
    {.bitmap_index = 6669, .adv_w = 384, .box_w = 22, .box_h = 4, .ofs_x = 1, .ofs_y = 7},
    {.bitmap_index = 6713, .adv_w = 384, .box_w = 22, .box_h = 19, .ofs_x = 1, .ofs_y = -1},
    {.bitmap_index = 6922, .adv_w = 384, .box_w = 20, .box_h = 22, .ofs_x = 2, .ofs_y = -2},
    {.bitmap_index = 7142, .adv_w = 384, .box_w = 22, .box_h = 16, .ofs_x = 1, .ofs_y = 0},
    {.bitmap_index = 7318, .adv_w = 384, .box_w = 22, .box_h = 19, .ofs_x = 1, .ofs_y = -1},
    {.bitmap_index = 7527, .adv_w = 384, .box_w = 23, .box_h = 23, .ofs_x = 0, .ofs_y = -3},
    {.bitmap_index = 7792, .adv_w = 384, .box_w = 24, .box_h = 23, .ofs_x = 0, .ofs_y = -3},
    {.bitmap_index = 8068, .adv_w = 384, .box_w = 23, .box_h = 23, .ofs_x = 0, .ofs_y = -3},
    {.bitmap_index = 8333, .adv_w = 384, .box_w = 22, .box_h = 22, .ofs_x = 1, .ofs_y = -2},
    {.bitmap_index = 8575, .adv_w = 384, .box_w = 22, .box_h = 23, .ofs_x = 1, .ofs_y = -3},
    {.bitmap_index = 8828, .adv_w = 384, .box_w = 24, .box_h = 21, .ofs_x = 0, .ofs_y = -2},
    {.bitmap_index = 9080, .adv_w = 384, .box_w = 22, .box_h = 23, .ofs_x = 0, .ofs_y = -3},
    {.bitmap_index = 9333, .adv_w = 384, .box_w = 23, .box_h = 23, .ofs_x = 0, .ofs_y = -3},
    {.bitmap_index = 9598, .adv_w = 384, .box_w = 22, .box_h = 23, .ofs_x = 1, .ofs_y = -3},
    {.bitmap_index = 9851, .adv_w = 384, .box_w = 21, .box_h = 22, .ofs_x = 0, .ofs_y = -2},
    {.bitmap_index = 10082, .adv_w = 384, .box_w = 21, .box_h = 22, .ofs_x = 1, .ofs_y = -3},
    {.bitmap_index = 10313, .adv_w = 384, .box_w = 20, .box_h = 21, .ofs_x = 2, .ofs_y = -3},
    {.bitmap_index = 10523, .adv_w = 384, .box_w = 23, .box_h = 22, .ofs_x = 0, .ofs_y = -2},
    {.bitmap_index = 10776, .adv_w = 384, .box_w = 24, .box_h = 23, .ofs_x = 0, .ofs_y = -3},
    {.bitmap_index = 11052, .adv_w = 384, .box_w = 23, .box_h = 22, .ofs_x = 0, .ofs_y = -2},
    {.bitmap_index = 11305, .adv_w = 384, .box_w = 22, .box_h = 22, .ofs_x = 1, .ofs_y = -3},
    {.bitmap_index = 11547, .adv_w = 384, .box_w = 21, .box_h = 23, .ofs_x = 1, .ofs_y = -3},
    {.bitmap_index = 11789, .adv_w = 384, .box_w = 21, .box_h = 20, .ofs_x = 2, .ofs_y = -2},
    {.bitmap_index = 11999, .adv_w = 384, .box_w = 22, .box_h = 22, .ofs_x = 1, .ofs_y = -2},
    {.bitmap_index = 12241, .adv_w = 384, .box_w = 23, .box_h = 23, .ofs_x = 0, .ofs_y = -3},
    {.bitmap_index = 12506, .adv_w = 384, .box_w = 23, .box_h = 22, .ofs_x = 0, .ofs_y = -2},
    {.bitmap_index = 12759, .adv_w = 384, .box_w = 22, .box_h = 21, .ofs_x = 1, .ofs_y = -2},
    {.bitmap_index = 12990, .adv_w = 384, .box_w = 22, .box_h = 23, .ofs_x = 1, .ofs_y = -3},
    {.bitmap_index = 13243, .adv_w = 384, .box_w = 22, .box_h = 22, .ofs_x = 1, .ofs_y = -2},
    {.bitmap_index = 13485, .adv_w = 384, .box_w = 24, .box_h = 22, .ofs_x = 0, .ofs_y = -2},
    {.bitmap_index = 13749, .adv_w = 384, .box_w = 22, .box_h = 22, .ofs_x = 1, .ofs_y = -2},
    {.bitmap_index = 13991, .adv_w = 384, .box_w = 23, .box_h = 23, .ofs_x = 0, .ofs_y = -3},
    {.bitmap_index = 14256, .adv_w = 384, .box_w = 22, .box_h = 22, .ofs_x = 1, .ofs_y = -3},
    {.bitmap_index = 14498, .adv_w = 384, .box_w = 22, .box_h = 23, .ofs_x = 1, .ofs_y = -3},
    {.bitmap_index = 14751, .adv_w = 384, .box_w = 24, .box_h = 23, .ofs_x = 0, .ofs_y = -3},
    {.bitmap_index = 15027, .adv_w = 384, .box_w = 24, .box_h = 23, .ofs_x = 0, .ofs_y = -3},
    {.bitmap_index = 15303, .adv_w = 384, .box_w = 17, .box_h = 21, .ofs_x = 4, .ofs_y = -2},
    {.bitmap_index = 15482, .adv_w = 384, .box_w = 23, .box_h = 23, .ofs_x = 1, .ofs_y = -3},
    {.bitmap_index = 15747, .adv_w = 384, .box_w = 21, .box_h = 22, .ofs_x = 1, .ofs_y = -2},
    {.bitmap_index = 15978, .adv_w = 384, .box_w = 23, .box_h = 23, .ofs_x = 0, .ofs_y = -3},
    {.bitmap_index = 16243, .adv_w = 384, .box_w = 24, .box_h = 22, .ofs_x = 0, .ofs_y = -2},
    {.bitmap_index = 16507, .adv_w = 384, .box_w = 24, .box_h = 23, .ofs_x = 0, .ofs_y = -3},
    {.bitmap_index = 16783, .adv_w = 384, .box_w = 22, .box_h = 20, .ofs_x = 1, .ofs_y = -1},
    {.bitmap_index = 17003, .adv_w = 384, .box_w = 21, .box_h = 20, .ofs_x = 1, .ofs_y = -2},
    {.bitmap_index = 17213, .adv_w = 384, .box_w = 23, .box_h = 23, .ofs_x = 0, .ofs_y = -3},
    {.bitmap_index = 17478, .adv_w = 384, .box_w = 23, .box_h = 23, .ofs_x = 0, .ofs_y = -3},
    {.bitmap_index = 17743, .adv_w = 384, .box_w = 23, .box_h = 23, .ofs_x = 0, .ofs_y = -3},
    {.bitmap_index = 18008, .adv_w = 384, .box_w = 22, .box_h = 23, .ofs_x = 1, .ofs_y = -3},
    {.bitmap_index = 18261, .adv_w = 384, .box_w = 22, .box_h = 22, .ofs_x = 1, .ofs_y = -3},
    {.bitmap_index = 18503, .adv_w = 384, .box_w = 23, .box_h = 22, .ofs_x = 0, .ofs_y = -2},
    {.bitmap_index = 18756, .adv_w = 384, .box_w = 23, .box_h = 21, .ofs_x = 1, .ofs_y = -2},
    {.bitmap_index = 18998, .adv_w = 384, .box_w = 20, .box_h = 21, .ofs_x = 2, .ofs_y = -2},
    {.bitmap_index = 19208, .adv_w = 384, .box_w = 24, .box_h = 23, .ofs_x = 0, .ofs_y = -3},
    {.bitmap_index = 19484, .adv_w = 384, .box_w = 24, .box_h = 24, .ofs_x = 0, .ofs_y = -3},
    {.bitmap_index = 19772, .adv_w = 384, .box_w = 24, .box_h = 24, .ofs_x = 0, .ofs_y = -3},
    {.bitmap_index = 20060, .adv_w = 384, .box_w = 24, .box_h = 23, .ofs_x = 0, .ofs_y = -3},
    {.bitmap_index = 20336, .adv_w = 384, .box_w = 24, .box_h = 23, .ofs_x = 0, .ofs_y = -3},
    {.bitmap_index = 20612, .adv_w = 384, .box_w = 20, .box_h = 21, .ofs_x = 2, .ofs_y = -2},
    {.bitmap_index = 20822, .adv_w = 384, .box_w = 22, .box_h = 21, .ofs_x = 1, .ofs_y = -2},
    {.bitmap_index = 21053, .adv_w = 384, .box_w = 22, .box_h = 23, .ofs_x = 1, .ofs_y = -3},
    {.bitmap_index = 21306, .adv_w = 384, .box_w = 18, .box_h = 22, .ofs_x = 3, .ofs_y = -2},
    {.bitmap_index = 21504, .adv_w = 384, .box_w = 22, .box_h = 22, .ofs_x = 1, .ofs_y = -2},
    {.bitmap_index = 21746, .adv_w = 384, .box_w = 24, .box_h = 22, .ofs_x = 0, .ofs_y = -2},
    {.bitmap_index = 22010, .adv_w = 384, .box_w = 24, .box_h = 22, .ofs_x = 0, .ofs_y = -2},
    {.bitmap_index = 22274, .adv_w = 384, .box_w = 24, .box_h = 23, .ofs_x = 0, .ofs_y = -3},
    {.bitmap_index = 22550, .adv_w = 384, .box_w = 22, .box_h = 23, .ofs_x = 1, .ofs_y = -3},
    {.bitmap_index = 22803, .adv_w = 384, .box_w = 22, .box_h = 22, .ofs_x = 1, .ofs_y = -3},
    {.bitmap_index = 23045, .adv_w = 384, .box_w = 23, .box_h = 22, .ofs_x = 1, .ofs_y = -2},
    {.bitmap_index = 23298, .adv_w = 384, .box_w = 23, .box_h = 23, .ofs_x = 0, .ofs_y = -3},
    {.bitmap_index = 23563, .adv_w = 384, .box_w = 23, .box_h = 22, .ofs_x = 0, .ofs_y = -3},
    {.bitmap_index = 23816, .adv_w = 384, .box_w = 23, .box_h = 23, .ofs_x = 1, .ofs_y = -3},
    {.bitmap_index = 24081, .adv_w = 384, .box_w = 20, .box_h = 23, .ofs_x = 2, .ofs_y = -3},
    {.bitmap_index = 24311, .adv_w = 384, .box_w = 20, .box_h = 23, .ofs_x = 2, .ofs_y = -3},
    {.bitmap_index = 24541, .adv_w = 384, .box_w = 23, .box_h = 22, .ofs_x = 1, .ofs_y = -3},
    {.bitmap_index = 24794, .adv_w = 384, .box_w = 22, .box_h = 23, .ofs_x = 1, .ofs_y = -3}
};

/*---------------------
 *  CHARACTER MAPPING
 *--------------------*/

static const uint16_t unicode_list_1[] = {
    0x0, 0x7, 0x4d50, 0x4d59, 0x4d7d, 0x4ddc, 0x4de4, 0x4f9f,
    0x4fac, 0x4fb5, 0x50bd, 0x50c3, 0x514b, 0x5169, 0x5186, 0x51f8,
    0x537f, 0x53b8, 0x562b, 0x5678, 0x57d3, 0x5857, 0x5aa0, 0x5ad8,
    0x5d42, 0x5d88, 0x5df6, 0x5e07, 0x5e50, 0x5e5f, 0x5ed5, 0x5f3b,
    0x5f51, 0x6197, 0x619b, 0x61f4, 0x62f5, 0x62f7, 0x6535, 0x6546,
    0x65ca, 0x666f, 0x667a, 0x6971, 0x6ab2, 0x6ab3, 0x6c9b, 0x6d79,
    0x6dcf, 0x7009, 0x71a9, 0x7206, 0x72ff, 0x7482, 0x7621, 0x7a8c,
    0x7a99, 0x7e0f, 0x7e2c, 0x7ea1, 0x7ebe, 0x804d, 0x813a, 0x81d2,
    0x842d, 0x879c, 0x8914, 0x8b0e, 0x8f20, 0x8f2e, 0x8f6a, 0x909d,
    0x90eb, 0x953d, 0x9544, 0x981e, 0x9a28
};

/*Collect the unicode lists and glyph_id offsets*/
static const lv_font_fmt_txt_cmap_t cmaps[] =
{
    {
        .range_start = 32, .range_length = 95, .glyph_id_start = 1,
        .unicode_list = NULL, .glyph_id_ofs_list = NULL, .list_length = 0, .type = LV_FONT_FMT_TXT_CMAP_FORMAT0_TINY
    },
    {
        .range_start = 176, .range_length = 39465, .glyph_id_start = 96,
        .unicode_list = unicode_list_1, .glyph_id_ofs_list = NULL, .list_length = 77, .type = LV_FONT_FMT_TXT_CMAP_SPARSE_TINY
    }
};



/*--------------------
 *  ALL CUSTOM DATA
 *--------------------*/

#if LVGL_VERSION_MAJOR == 8
/*Store all the custom data of the font*/
static  lv_font_fmt_txt_glyph_cache_t cache;
#endif

#if LVGL_VERSION_MAJOR >= 8
static const lv_font_fmt_txt_dsc_t font_dsc = {
#else
static lv_font_fmt_txt_dsc_t font_dsc = {
#endif
    .glyph_bitmap = glyph_bitmap,
    .glyph_dsc = glyph_dsc,
    .cmaps = cmaps,
    .kern_dsc = NULL,
    .kern_scale = 0,
    .cmap_num = 2,
    .bpp = 4,
    .kern_classes = 0,
    .bitmap_format = 0,
#if LVGL_VERSION_MAJOR == 8
    .cache = &cache
#endif
};



/*-----------------
 *  PUBLIC FONT
 *----------------*/

/*Initialize a public general font descriptor*/
#if LVGL_VERSION_MAJOR >= 8
const lv_font_t lv_font_zh24 = {
#else
lv_font_t lv_font_zh24 = {
#endif
    .get_glyph_dsc = lv_font_get_glyph_dsc_fmt_txt,    /*Function pointer to get glyph's data*/
    .get_glyph_bitmap = lv_font_get_bitmap_fmt_txt,    /*Function pointer to get glyph's bitmap*/
    .line_height = 25,          /*The maximum line height required by the font*/
    .base_line = 4,             /*Baseline measured from the bottom of the line*/
#if !(LVGL_VERSION_MAJOR == 6 && LVGL_VERSION_MINOR == 0)
    .subpx = LV_FONT_SUBPX_NONE,
#endif
#if LV_VERSION_CHECK(7, 4, 0) || LVGL_VERSION_MAJOR >= 8
    .underline_position = -2,
    .underline_thickness = 1,
#endif
    .dsc = &font_dsc,          /*The custom font data. Will be accessed by `get_glyph_bitmap/dsc` */
#if LV_VERSION_CHECK(8, 2, 0) || LVGL_VERSION_MAJOR >= 9
    .fallback = NULL,
#endif
    .user_data = NULL,
};



#endif /*#if LV_FONT_ZH24*/

