/*******************************************************************************
 * Size: 16 px
 * Bpp: 4
 * Opts: --font C:\Windows\Fonts\simhei.ttf --size 16 --bpp 4 --format lvgl --lv-font-name lv_font_zh16 --lv-include lvgl.h --no-compress -r 0x20-0x7F -r 0xB0 --symbols 仪表盘自动化规则设置温度湿度气压风扇功率时长启用新增删除保存返回手动自动开关高低确定取消编辑页甲醛空气质量二氧化碳刷新连接信号节点触发条件持续解除迟滞运行停止异常上报主页当前模式已禁用环境检测设备中等大小暂无待未状态数据请稍后触摸校准离线监控制 -o fonts/lv_font_zh16.c
 ******************************************************************************/

#ifdef LV_LVGL_H_INCLUDE_SIMPLE
#include "lvgl.h"
#else
#include "lvgl.h"
#endif

#ifndef LV_FONT_ZH16
#define LV_FONT_ZH16 1
#endif

#if LV_FONT_ZH16

/*-----------------
 *    BITMAPS
 *----------------*/

/*Store the image of the glyphs*/
static LV_ATTRIBUTE_LARGE_CONST const uint8_t glyph_bitmap[] = {
    /* U+0020 " " */

    /* U+0021 "!" */
    0xfb, 0xea, 0xea, 0xd9, 0xc8, 0xb7, 0xa6, 0xa6,
    0x85, 0x0, 0xfb, 0xfc,

    /* U+0022 "\"" */
    0xf6, 0x7e, 0xe4, 0x6c, 0xd3, 0x5b, 0x61, 0x25,

    /* U+0023 "#" */
    0x0, 0x78, 0x6, 0x90, 0x0, 0x96, 0x8, 0x70,
    0x0, 0xa5, 0x9, 0x60, 0x0, 0xc4, 0xb, 0x50,
    0xbf, 0xff, 0xff, 0xf8, 0x23, 0xf3, 0x3f, 0x41,
    0x1, 0xe0, 0xf, 0x0, 0x4, 0xc0, 0x3d, 0x0,
    0xbf, 0xff, 0xff, 0xf8, 0x29, 0x93, 0x8a, 0x31,
    0x9, 0x60, 0x87, 0x0, 0xb, 0x40, 0xa5, 0x0,

    /* U+0024 "$" */
    0x0, 0x9, 0x50, 0x0, 0xa, 0xff, 0x80, 0x9,
    0xdb, 0xaf, 0x40, 0xd6, 0x95, 0xc9, 0xd, 0x89,
    0x52, 0x20, 0x8f, 0xd5, 0x0, 0x0, 0x9f, 0xb1,
    0x0, 0x0, 0x9f, 0xe1, 0x0, 0x9, 0x7e, 0x92,
    0xe3, 0x95, 0x9c, 0xf, 0x69, 0x5a, 0xb0, 0xbd,
    0xb9, 0xf6, 0x1, 0xbf, 0xf8, 0x0, 0x0, 0x95,
    0x0, 0x0, 0x4, 0x20, 0x0,

    /* U+0025 "%" */
    0x1d, 0xc0, 0x1, 0x40, 0x78, 0xa5, 0x7, 0x20,
    0x96, 0x87, 0x9, 0x0, 0x96, 0x87, 0x44, 0x0,
    0x78, 0xa5, 0x90, 0x0, 0x1d, 0xc3, 0x70, 0x0,
    0x0, 0x8, 0x3d, 0xb0, 0x0, 0x8, 0x87, 0xb4,
    0x0, 0x63, 0xa5, 0x96, 0x0, 0x90, 0xa5, 0x96,
    0x3, 0x50, 0x87, 0xb4, 0x7, 0x0, 0x2d, 0xb0,

    /* U+0026 "&" */
    0x0, 0x8e, 0xc1, 0x0, 0x4, 0xf5, 0xc8, 0x0,
    0x7, 0xb0, 0x8a, 0x0, 0x6, 0xc0, 0xc7, 0x0,
    0x2, 0xfa, 0xc0, 0x0, 0x0, 0xec, 0x0, 0x0,
    0xb, 0xdf, 0x10, 0x50, 0x6e, 0xc, 0xa2, 0xf0,
    0x9b, 0x3, 0xfb, 0xe0, 0x7d, 0x0, 0x6f, 0xa0,
    0x2f, 0x94, 0xaf, 0xf6, 0x4, 0xdf, 0xc2, 0x73,

    /* U+0027 "'" */
    0x3f, 0x22, 0xf0, 0x1f, 0x0, 0x70,

    /* U+0028 "(" */
    0x0, 0x2, 0x0, 0x1, 0xe3, 0x0, 0xb6, 0x0,
    0x5c, 0x0, 0xc, 0x40, 0x1, 0xe0, 0x0, 0x3b,
    0x0, 0x5, 0x90, 0x0, 0x59, 0x0, 0x3, 0xb0,
    0x0, 0xe, 0x0, 0x0, 0xb4, 0x0, 0x4, 0xd0,
    0x0, 0xa, 0x80, 0x0, 0xd, 0x30, 0x0, 0x10,

    /* U+0029 ")" */
    0x11, 0x0, 0x6, 0xc0, 0x0, 0x9, 0x90, 0x0,
    0xe, 0x20, 0x0, 0x79, 0x0, 0x1, 0xd0, 0x0,
    0xe, 0x0, 0x0, 0xc2, 0x0, 0xc, 0x20, 0x0,
    0xe0, 0x0, 0x2d, 0x0, 0x7, 0x80, 0x1, 0xe1,
    0x0, 0xb7, 0x0, 0x6b, 0x0, 0x0, 0x0, 0x0,

    /* U+002A "*" */
    0x0, 0x9, 0x90, 0x0, 0x12, 0x9, 0x90, 0x21,
    0x7f, 0x78, 0x87, 0xf7, 0x5, 0xdf, 0xfd, 0x50,
    0x1, 0x9f, 0xf9, 0x10, 0x5e, 0xca, 0xac, 0xe5,
    0x37, 0x8, 0x80, 0x73, 0x0, 0x9, 0x90, 0x0,
    0x0, 0x5, 0x50, 0x0,

    /* U+002B "+" */
    0x0, 0x6, 0x40, 0x0, 0x0, 0xa, 0x70, 0x0,
    0x0, 0xa, 0x70, 0x0, 0x0, 0xa, 0x70, 0x0,
    0xaf, 0xff, 0xff, 0xf7, 0x12, 0x2a, 0x82, 0x21,
    0x0, 0xa, 0x70, 0x0, 0x0, 0xa, 0x70, 0x0,

    /* U+002C "," */
    0x55, 0xbc, 0x38, 0x82,

    /* U+002D "-" */
    0xaf, 0xff, 0xff, 0xf6, 0x12, 0x22, 0x22, 0x20,

    /* U+002E "." */
    0x55, 0xcb,

    /* U+002F "/" */
    0x0, 0x0, 0x0, 0x22, 0x0, 0x0, 0x0, 0xb2,
    0x0, 0x0, 0x3, 0x90, 0x0, 0x0, 0xb, 0x10,
    0x0, 0x0, 0x48, 0x0, 0x0, 0x0, 0xc1, 0x0,
    0x0, 0x5, 0x80, 0x0, 0x0, 0xc, 0x0, 0x0,
    0x0, 0x57, 0x0, 0x0, 0x0, 0xc0, 0x0, 0x0,
    0x6, 0x60, 0x0, 0x0, 0xc, 0x0, 0x0, 0x0,
    0x76, 0x0, 0x0, 0x0, 0x30, 0x0, 0x0, 0x0,

    /* U+0030 "0" */
    0x0, 0x8e, 0xe6, 0x0, 0x7, 0xf7, 0x7f, 0x40,
    0xf, 0x70, 0x9, 0xb0, 0x3f, 0x10, 0x4, 0xf0,
    0x6e, 0x0, 0x2, 0xf1, 0x6d, 0x0, 0x1, 0xf2,
    0x6d, 0x0, 0x1, 0xf2, 0x5e, 0x0, 0x2, 0xf1,
    0x2f, 0x20, 0x5, 0xf0, 0xd, 0x80, 0xb, 0xa0,
    0x5, 0xfa, 0xbf, 0x30, 0x0, 0x4c, 0xb3, 0x0,
    0x0, 0x0, 0x0, 0x0,

    /* U+0031 "1" */
    0x0, 0x6c, 0x3, 0xfc, 0x4f, 0xcc, 0x74, 0x8c,
    0x0, 0x8c, 0x0, 0x8c, 0x0, 0x8c, 0x0, 0x8c,
    0x0, 0x8c, 0x0, 0x8c, 0x0, 0x8c, 0x0, 0x8c,

    /* U+0032 "2" */
    0x0, 0x0, 0x0, 0x0, 0x1, 0xbf, 0xfa, 0x0,
    0xc, 0xe7, 0x7f, 0x80, 0x4f, 0x20, 0x8, 0xd0,
    0x2, 0x0, 0x7, 0xd0, 0x0, 0x0, 0xb, 0xa0,
    0x0, 0x0, 0x3f, 0x30, 0x0, 0x0, 0xda, 0x0,
    0x0, 0x8, 0xe1, 0x0, 0x0, 0x4f, 0x40, 0x0,
    0x2, 0xe8, 0x0, 0x0, 0xd, 0xe3, 0x33, 0x30,
    0x2f, 0xff, 0xff, 0xf1,

    /* U+0033 "3" */
    0x0, 0x5b, 0xb6, 0x0, 0x6, 0xe7, 0x8f, 0x70,
    0xe, 0x40, 0x8, 0xd0, 0x4, 0x0, 0x6, 0xd0,
    0x0, 0x0, 0x1d, 0x80, 0x0, 0x9, 0xfb, 0x0,
    0x0, 0x4, 0x9f, 0x50, 0x0, 0x0, 0x8, 0xe0,
    0x3, 0x0, 0x4, 0xf0, 0x3f, 0x20, 0x7, 0xe0,
    0xc, 0xd6, 0x6f, 0x70, 0x1, 0xaf, 0xe7, 0x0,

    /* U+0034 "4" */
    0x0, 0x0, 0x1f, 0x30, 0x0, 0x0, 0xbf, 0x30,
    0x0, 0x5, 0xff, 0x30, 0x0, 0xe, 0x6f, 0x30,
    0x0, 0x9c, 0xf, 0x30, 0x3, 0xf2, 0xf, 0x30,
    0xd, 0x70, 0xf, 0x30, 0x7d, 0x0, 0xf, 0x30,
    0xcf, 0xff, 0xff, 0xfa, 0x22, 0x22, 0x2f, 0x51,
    0x0, 0x0, 0xf, 0x30, 0x0, 0x0, 0xf, 0x30,

    /* U+0035 "5" */
    0x5, 0xff, 0xff, 0xb0, 0x8, 0xb3, 0x33, 0x20,
    0xb, 0x70, 0x0, 0x0, 0xe, 0x40, 0x0, 0x0,
    0x1f, 0xcf, 0xe8, 0x0, 0x4f, 0x84, 0x7f, 0x70,
    0x12, 0x0, 0x8, 0xe0, 0x0, 0x0, 0x4, 0xf0,
    0x22, 0x0, 0x4, 0xf0, 0x9b, 0x0, 0xa, 0xc0,
    0x3f, 0x95, 0xaf, 0x50, 0x5, 0xdf, 0xc4, 0x0,

    /* U+0036 "6" */
    0x0, 0x0, 0xe8, 0x0, 0x0, 0x8, 0xe0, 0x0,
    0x0, 0x1f, 0x50, 0x0, 0x0, 0xac, 0x0, 0x0,
    0x4, 0xfb, 0xa7, 0x0, 0xc, 0xfc, 0xcf, 0xc0,
    0x2f, 0x80, 0x4, 0xf5, 0x5f, 0x10, 0x0, 0xd8,
    0x5f, 0x0, 0x0, 0xc8, 0x2f, 0x30, 0x1, 0xf5,
    0xb, 0xd5, 0x4c, 0xd0, 0x0, 0x9e, 0xfc, 0x20,

    /* U+0037 "7" */
    0x5f, 0xff, 0xff, 0xf6, 0x13, 0x33, 0x35, 0xf3,
    0x0, 0x0, 0x9, 0xb0, 0x0, 0x0, 0x1f, 0x30,
    0x0, 0x0, 0x7c, 0x0, 0x0, 0x0, 0xe5, 0x0,
    0x0, 0x4, 0xf0, 0x0, 0x0, 0xa, 0xa0, 0x0,
    0x0, 0xe, 0x50, 0x0, 0x0, 0x4f, 0x0, 0x0,
    0x0, 0x8d, 0x0, 0x0, 0x0, 0xc9, 0x0, 0x0,

    /* U+0038 "8" */
    0x1, 0xbf, 0xe8, 0x0, 0xc, 0xa4, 0x6f, 0x70,
    0x1f, 0x0, 0x8, 0xc0, 0x2f, 0x0, 0x7, 0xc0,
    0xe, 0x80, 0x1d, 0x70, 0x4, 0xff, 0xfa, 0x0,
    0xd, 0xb5, 0x7e, 0x70, 0x6e, 0x0, 0x4, 0xf0,
    0x8b, 0x0, 0x1, 0xf2, 0x7e, 0x0, 0x6, 0xf1,
    0x2f, 0xc8, 0xaf, 0xa0, 0x4, 0xcf, 0xfa, 0x10,

    /* U+0039 "9" */
    0x2, 0xbf, 0xe7, 0x0, 0x1e, 0xc6, 0x8f, 0x70,
    0x7e, 0x10, 0x9, 0xe0, 0xab, 0x0, 0x5, 0xf0,
    0xab, 0x0, 0x7, 0xe0, 0x6f, 0x30, 0x1e, 0xa0,
    0xc, 0xfc, 0xff, 0x30, 0x0, 0x47, 0xeb, 0x0,
    0x0, 0x4, 0xf3, 0x0, 0x0, 0xb, 0xb0, 0x0,
    0x0, 0x3f, 0x20, 0x0, 0x0, 0xba, 0x0, 0x0,

    /* U+003A ":" */
    0xe9, 0x64, 0x0, 0x0, 0x0, 0x0, 0x64, 0xe9,

    /* U+003B ";" */
    0xe9, 0x64, 0x0, 0x0, 0x0, 0x0, 0x64, 0xe9,
    0x65, 0xa0,

    /* U+003C "<" */
    0x0, 0x0, 0x0, 0x0, 0x0, 0x0, 0x1, 0xd2,
    0x0, 0x0, 0x2d, 0x50, 0x0, 0x2, 0xd4, 0x0,
    0x0, 0x2d, 0x40, 0x0, 0x2, 0xd4, 0x0, 0x0,
    0x2d, 0x40, 0x0, 0x0, 0x1d, 0x50, 0x0, 0x0,
    0x1, 0xc6, 0x0, 0x0, 0x0, 0x1c, 0x60, 0x0,
    0x0, 0x0, 0xc7, 0x0, 0x0, 0x0, 0xc, 0x80,
    0x0, 0x0, 0x0, 0xb2, 0x0, 0x0, 0x0, 0x0,

    /* U+003D "=" */
    0xaf, 0xff, 0xff, 0xf6, 0x12, 0x22, 0x22, 0x20,
    0x0, 0x0, 0x0, 0x0, 0x0, 0x0, 0x0, 0x0,
    0xaf, 0xff, 0xff, 0xf6, 0x12, 0x22, 0x22, 0x20,

    /* U+003E ">" */
    0x0, 0x0, 0x0, 0x0, 0x4c, 0x10, 0x0, 0x0,
    0x6, 0xc1, 0x0, 0x0, 0x0, 0x6c, 0x10, 0x0,
    0x0, 0x6, 0xc1, 0x0, 0x0, 0x0, 0x5c, 0x10,
    0x0, 0x0, 0x5, 0xd1, 0x0, 0x0, 0x7, 0xc0,
    0x0, 0x0, 0x7b, 0x0, 0x0, 0x8, 0xb0, 0x0,
    0x0, 0x9a, 0x0, 0x0, 0x9, 0xa0, 0x0, 0x0,
    0x4a, 0x0, 0x0, 0x0, 0x0, 0x0, 0x0, 0x0,

    /* U+003F "?" */
    0x0, 0x9e, 0xe8, 0x0, 0x9e, 0x67, 0xf6, 0xf,
    0x70, 0xc, 0xb1, 0xd3, 0x0, 0xcc, 0x0, 0x0,
    0x2f, 0x70, 0x0, 0xd, 0xc0, 0x0, 0x8, 0xe1,
    0x0, 0x0, 0xc6, 0x0, 0x0, 0x4, 0x10, 0x0,
    0x0, 0x0, 0x0, 0x0, 0x9, 0x40, 0x0, 0x0,
    0xf7, 0x0,

    /* U+0040 "@" */
    0x0, 0x69, 0x89, 0x10, 0x6, 0x50, 0x1, 0x90,
    0x9, 0x7, 0xbb, 0x82, 0x54, 0x5a, 0x2d, 0x45,
    0x81, 0xc2, 0x4a, 0x27, 0x91, 0xe0, 0x67, 0x27,
    0x93, 0xc0, 0x95, 0x45, 0x92, 0xe1, 0xd4, 0x91,
    0x72, 0x9d, 0x7e, 0x60, 0x37, 0x0, 0x0, 0x0,
    0x9, 0x20, 0x4, 0x30, 0x0, 0x88, 0x86, 0x0,

    /* U+0041 "A" */
    0x0, 0xd, 0xb0, 0x0, 0x0, 0x1f, 0xf0, 0x0,
    0x0, 0x5f, 0xf3, 0x0, 0x0, 0x9a, 0xd7, 0x0,
    0x0, 0xd7, 0x9b, 0x0, 0x1, 0xf3, 0x5f, 0x0,
    0x6, 0xf0, 0x2f, 0x40, 0xa, 0xff, 0xff, 0x80,
    0xe, 0x93, 0x3a, 0xc0, 0x2f, 0x40, 0x6, 0xf0,
    0x6f, 0x0, 0x2, 0xf4, 0xac, 0x0, 0x0, 0xe8,

    /* U+0042 "B" */
    0x5f, 0xff, 0xe9, 0x0, 0x5f, 0x54, 0x6e, 0xa0,
    0x5f, 0x20, 0x7, 0xf0, 0x5f, 0x20, 0x7, 0xf0,
    0x5f, 0x20, 0x2d, 0xb0, 0x5f, 0xff, 0xfd, 0x10,
    0x5f, 0x53, 0x6e, 0xb0, 0x5f, 0x20, 0x4, 0xf3,
    0x5f, 0x20, 0x2, 0xf5, 0x5f, 0x20, 0x5, 0xf4,
    0x5f, 0x54, 0x6e, 0xe0, 0x5f, 0xff, 0xea, 0x20,

    /* U+0043 "C" */
    0x0, 0x6d, 0xfa, 0x10, 0x5, 0xf8, 0x5d, 0xb0,
    0xd, 0xa0, 0x4, 0xf2, 0x2f, 0x40, 0x1, 0xf4,
    0x5f, 0x20, 0x0, 0x51, 0x6f, 0x10, 0x0, 0x0,
    0x6f, 0x10, 0x0, 0x0, 0x6f, 0x10, 0x0, 0xc5,
    0x3f, 0x40, 0x1, 0xf5, 0xf, 0x90, 0x5, 0xf1,
    0x7, 0xf8, 0x6e, 0xa0, 0x0, 0x7e, 0xfa, 0x0,

    /* U+0044 "D" */
    0x5f, 0xff, 0xb3, 0x0, 0x5f, 0x55, 0xcf, 0x40,
    0x5f, 0x20, 0xd, 0xc0, 0x5f, 0x20, 0x7, 0xf1,
    0x5f, 0x20, 0x4, 0xf3, 0x5f, 0x20, 0x3, 0xf4,
    0x5f, 0x20, 0x3, 0xf4, 0x5f, 0x20, 0x4, 0xf3,
    0x5f, 0x20, 0x7, 0xf1, 0x5f, 0x20, 0xd, 0xb0,
    0x5f, 0x55, 0xcf, 0x30, 0x5f, 0xff, 0xb2, 0x0,

    /* U+0045 "E" */
    0x2f, 0xff, 0xff, 0xf0, 0x2f, 0x84, 0x44, 0x40,
    0x2f, 0x50, 0x0, 0x0, 0x2f, 0x50, 0x0, 0x0,
    0x2f, 0x50, 0x0, 0x0, 0x2f, 0xff, 0xff, 0x90,
    0x2f, 0x73, 0x33, 0x10, 0x2f, 0x50, 0x0, 0x0,
    0x2f, 0x50, 0x0, 0x0, 0x2f, 0x50, 0x0, 0x0,
    0x2f, 0x74, 0x44, 0x41, 0x2f, 0xff, 0xff, 0xf4,

    /* U+0046 "F" */
    0x4f, 0xff, 0xff, 0xf5, 0x4f, 0x64, 0x44, 0x41,
    0x4f, 0x30, 0x0, 0x0, 0x4f, 0x30, 0x0, 0x0,
    0x4f, 0x30, 0x0, 0x0, 0x4f, 0x30, 0x0, 0x0,
    0x4f, 0xff, 0xff, 0x10, 0x4f, 0x63, 0x33, 0x0,
    0x4f, 0x30, 0x0, 0x0, 0x4f, 0x30, 0x0, 0x0,
    0x4f, 0x30, 0x0, 0x0, 0x4f, 0x30, 0x0, 0x0,

    /* U+0047 "G" */
    0x0, 0x7e, 0xf9, 0x0, 0x6, 0xf7, 0x6f, 0x70,
    0xe, 0x80, 0x8, 0xe0, 0x2f, 0x40, 0x4, 0xf0,
    0x5f, 0x20, 0x0, 0x20, 0x6f, 0x10, 0x0, 0x0,
    0x6f, 0x11, 0xff, 0xf2, 0x6f, 0x10, 0x35, 0xf2,
    0x4f, 0x40, 0x2, 0xf2, 0xf, 0x90, 0x5, 0xf2,
    0x7, 0xf8, 0x6e, 0xf2, 0x0, 0x8e, 0xe7, 0xf2,

    /* U+0048 "H" */
    0x5f, 0x20, 0x5, 0xf2, 0x5f, 0x20, 0x5, 0xf2,
    0x5f, 0x20, 0x5, 0xf2, 0x5f, 0x20, 0x5, 0xf2,
    0x5f, 0x20, 0x5, 0xf2, 0x5f, 0xff, 0xff, 0xf2,
    0x5f, 0x53, 0x37, 0xf2, 0x5f, 0x20, 0x5, 0xf2,
    0x5f, 0x20, 0x5, 0xf2, 0x5f, 0x20, 0x5, 0xf2,
    0x5f, 0x20, 0x5, 0xf2, 0x5f, 0x20, 0x5, 0xf2,

    /* U+0049 "I" */
    0xda, 0xda, 0xda, 0xda, 0xda, 0xda, 0xda, 0xda,
    0xda, 0xda, 0xda, 0xda,

    /* U+004A "J" */
    0x0, 0x0, 0x7, 0xf0, 0x0, 0x0, 0x7f, 0x0,
    0x0, 0x7, 0xf0, 0x0, 0x0, 0x7f, 0x0, 0x0,
    0x7, 0xf0, 0x0, 0x0, 0x7f, 0x0, 0x0, 0x7,
    0xf2, 0xa2, 0x0, 0x7f, 0x2f, 0x40, 0x7, 0xf0,
    0xf7, 0x0, 0xad, 0xa, 0xf7, 0x9f, 0x70, 0x9,
    0xee, 0x80,

    /* U+004B "K" */
    0x5f, 0x20, 0xa, 0xe1, 0x5f, 0x20, 0x5f, 0x50,
    0x5f, 0x21, 0xe9, 0x0, 0x5f, 0x2b, 0xd0, 0x0,
    0x5f, 0x8f, 0x40, 0x0, 0x5f, 0xff, 0x70, 0x0,
    0x5f, 0xca, 0xe0, 0x0, 0x5f, 0x32, 0xf6, 0x0,
    0x5f, 0x20, 0xbe, 0x0, 0x5f, 0x20, 0x3f, 0x60,
    0x5f, 0x20, 0xb, 0xd0, 0x5f, 0x20, 0x3, 0xf6,

    /* U+004C "L" */
    0x4f, 0x30, 0x0, 0x0, 0x4f, 0x30, 0x0, 0x0,
    0x4f, 0x30, 0x0, 0x0, 0x4f, 0x30, 0x0, 0x0,
    0x4f, 0x30, 0x0, 0x0, 0x4f, 0x30, 0x0, 0x0,
    0x4f, 0x30, 0x0, 0x0, 0x4f, 0x30, 0x0, 0x0,
    0x4f, 0x30, 0x0, 0x0, 0x4f, 0x30, 0x0, 0x0,
    0x4f, 0x64, 0x44, 0x41, 0x4f, 0xff, 0xff, 0xf4,

    /* U+004D "M" */
    0x7f, 0x90, 0xb, 0xf5, 0x7f, 0xc0, 0xe, 0xf5,
    0x7f, 0xe0, 0xf, 0xf5, 0x7e, 0xf1, 0x3e, 0xf5,
    0x7d, 0xd4, 0x6b, 0xf5, 0x7d, 0xa6, 0x88, 0xf5,
    0x7d, 0x89, 0xb6, 0xf5, 0x7d, 0x5c, 0xe3, 0xf5,
    0x7d, 0x2f, 0xf0, 0xf5, 0x7d, 0xf, 0xd0, 0xf5,
    0x7d, 0xd, 0xb0, 0xf5, 0x7d, 0xa, 0x80, 0xf5,

    /* U+004E "N" */
    0x6f, 0x60, 0x5, 0xf2, 0x6f, 0xc0, 0x5, 0xf2,
    0x6f, 0xf2, 0x5, 0xf2, 0x6f, 0xd9, 0x5, 0xf2,
    0x6f, 0x7e, 0x5, 0xf2, 0x6f, 0x1f, 0x55, 0xf2,
    0x6f, 0x19, 0xc5, 0xf2, 0x6f, 0x13, 0xf7, 0xf2,
    0x6f, 0x10, 0xdd, 0xf2, 0x6f, 0x10, 0x6f, 0xf2,
    0x6f, 0x10, 0x1f, 0xf2, 0x6f, 0x10, 0xa, 0xf2,

    /* U+004F "O" */
    0x0, 0x9f, 0xe8, 0x0, 0xa, 0xf6, 0x7f, 0x80,
    0x2f, 0x60, 0x9, 0xe0, 0x5f, 0x10, 0x4, 0xf2,
    0x7f, 0x0, 0x2, 0xf4, 0x8f, 0x0, 0x2, 0xf5,
    0x8f, 0x0, 0x2, 0xf5, 0x7f, 0x0, 0x2, 0xf4,
    0x5f, 0x10, 0x4, 0xf2, 0x1f, 0x60, 0x9, 0xe0,
    0xa, 0xf6, 0x7f, 0x70, 0x0, 0x9f, 0xe8, 0x0,

    /* U+0050 "P" */
    0x3f, 0xff, 0xea, 0x10, 0x3f, 0x74, 0x6d, 0xc0,
    0x3f, 0x40, 0x4, 0xf3, 0x3f, 0x40, 0x1, 0xf5,
    0x3f, 0x40, 0x3, 0xf3, 0x3f, 0x40, 0x2b, 0xe0,
    0x3f, 0xff, 0xfe, 0x30, 0x3f, 0x63, 0x20, 0x0,
    0x3f, 0x40, 0x0, 0x0, 0x3f, 0x40, 0x0, 0x0,
    0x3f, 0x40, 0x0, 0x0, 0x3f, 0x40, 0x0, 0x0,

    /* U+0051 "Q" */
    0x0, 0x9f, 0xe8, 0x0, 0xa, 0xf6, 0x7f, 0x80,
    0x2f, 0x60, 0x9, 0xe0, 0x5f, 0x10, 0x4, 0xf2,
    0x7f, 0x0, 0x2, 0xf4, 0x8f, 0x0, 0x2, 0xf5,
    0x8f, 0x0, 0x2, 0xf5, 0x7f, 0x0, 0x73, 0xf4,
    0x5f, 0x10, 0xfb, 0xf2, 0x1f, 0x60, 0x8f, 0xe0,
    0xa, 0xf6, 0x8f, 0x90, 0x0, 0x9f, 0xed, 0xc0,
    0x0, 0x0, 0x2, 0x30,

    /* U+0052 "R" */
    0x5f, 0xff, 0xe9, 0x0, 0x5f, 0x54, 0x7f, 0xb0,
    0x5f, 0x20, 0x7, 0xf1, 0x5f, 0x20, 0x4, 0xf2,
    0x5f, 0x20, 0x6, 0xf1, 0x5f, 0x20, 0x3d, 0xc0,
    0x5f, 0xff, 0xfd, 0x20, 0x5f, 0x54, 0xf5, 0x0,
    0x5f, 0x20, 0xad, 0x0, 0x5f, 0x20, 0x2f, 0x40,
    0x5f, 0x20, 0xb, 0xc0, 0x5f, 0x20, 0x3, 0xf4,

    /* U+0053 "S" */
    0x0, 0x9e, 0xe9, 0x0, 0xa, 0xe6, 0x8f, 0x60,
    0xf, 0x50, 0xa, 0xc0, 0x2f, 0x50, 0x2, 0x50,
    0xd, 0xe4, 0x0, 0x0, 0x2, 0xcf, 0xc3, 0x0,
    0x0, 0x5, 0xdf, 0x50, 0x0, 0x0, 0xb, 0xf0,
    0x5d, 0x0, 0x4, 0xf3, 0x4f, 0x30, 0x5, 0xf1,
    0xd, 0xd5, 0x6e, 0xb0, 0x2, 0xbe, 0xe9, 0x10,

    /* U+0054 "T" */
    0x5f, 0xff, 0xff, 0xf2, 0x14, 0x4d, 0xb4, 0x40,
    0x0, 0xd, 0xa0, 0x0, 0x0, 0xd, 0xa0, 0x0,
    0x0, 0xd, 0xa0, 0x0, 0x0, 0xd, 0xa0, 0x0,
    0x0, 0xd, 0xa0, 0x0, 0x0, 0xd, 0xa0, 0x0,
    0x0, 0xd, 0xa0, 0x0, 0x0, 0xd, 0xa0, 0x0,
    0x0, 0xd, 0xa0, 0x0, 0x0, 0xd, 0xa0, 0x0,

    /* U+0055 "U" */
    0x5f, 0x20, 0x4, 0xf3, 0x5f, 0x20, 0x4, 0xf3,
    0x5f, 0x20, 0x4, 0xf3, 0x5f, 0x20, 0x4, 0xf3,
    0x5f, 0x20, 0x4, 0xf3, 0x5f, 0x20, 0x4, 0xf3,
    0x5f, 0x20, 0x4, 0xf3, 0x5f, 0x20, 0x4, 0xf3,
    0x4f, 0x20, 0x4, 0xf2, 0x2f, 0x40, 0x7, 0xf0,
    0xc, 0xe5, 0x6e, 0xa0, 0x1, 0xbe, 0xea, 0x10,

    /* U+0056 "V" */
    0xbb, 0x0, 0x0, 0xf7, 0x7f, 0x0, 0x3, 0xf3,
    0x3f, 0x30, 0x7, 0xf0, 0xf, 0x70, 0xb, 0xb0,
    0xb, 0xb0, 0xf, 0x70, 0x7, 0xe0, 0x3f, 0x30,
    0x2, 0xf2, 0x6e, 0x0, 0x0, 0xe6, 0xaa, 0x0,
    0x0, 0xaa, 0xe6, 0x0, 0x0, 0x6f, 0xf2, 0x0,
    0x0, 0x2f, 0xe0, 0x0, 0x0, 0xe, 0xa0, 0x0,

    /* U+0057 "W" */
    0xe7, 0xe, 0x90, 0xba, 0xc9, 0xf, 0xb0, 0xd8,
    0xaa, 0x1f, 0xd0, 0xe6, 0x8b, 0x3c, 0xf0, 0xf4,
    0x6d, 0x5a, 0xe3, 0xf2, 0x4e, 0x78, 0xc6, 0xf0,
    0x3f, 0xa6, 0xa9, 0xf0, 0x1f, 0xd4, 0x8d, 0xd0,
    0xf, 0xf2, 0x6f, 0xb0, 0xd, 0xf0, 0x4f, 0x90,
    0xb, 0xe0, 0x2f, 0x70, 0x9, 0xc0, 0xf, 0x50,

    /* U+0058 "X" */
    0x3f, 0x40, 0x8, 0xe0, 0xb, 0xa0, 0xe, 0x70,
    0x4, 0xf1, 0x5f, 0x10, 0x0, 0xd8, 0xc9, 0x0,
    0x0, 0x5f, 0xf2, 0x0, 0x0, 0xe, 0xb0, 0x0,
    0x0, 0x3f, 0xe0, 0x0, 0x0, 0xab, 0xe6, 0x0,
    0x2, 0xf4, 0x8d, 0x0, 0x9, 0xd0, 0x1f, 0x50,
    0x1f, 0x60, 0xa, 0xc0, 0x8e, 0x0, 0x3, 0xf4,

    /* U+0059 "Y" */
    0x8e, 0x0, 0x1, 0xf5, 0x1f, 0x50, 0x8, 0xe0,
    0xa, 0xc0, 0xe, 0x70, 0x3, 0xf2, 0x5f, 0x0,
    0x0, 0xb9, 0xc8, 0x0, 0x0, 0x4f, 0xf2, 0x0,
    0x0, 0xe, 0xb0, 0x0, 0x0, 0xd, 0xa0, 0x0,
    0x0, 0xd, 0xa0, 0x0, 0x0, 0xd, 0xa0, 0x0,
    0x0, 0xd, 0xa0, 0x0, 0x0, 0xd, 0xa0, 0x0,

    /* U+005A "Z" */
    0x1f, 0xff, 0xff, 0xf1, 0x4, 0x44, 0x4b, 0xe0,
    0x0, 0x0, 0x1f, 0x60, 0x0, 0x0, 0x9d, 0x0,
    0x0, 0x2, 0xf5, 0x0, 0x0, 0xa, 0xc0, 0x0,
    0x0, 0x2f, 0x40, 0x0, 0x0, 0xbb, 0x0, 0x0,
    0x3, 0xf3, 0x0, 0x0, 0xc, 0xa0, 0x0, 0x0,
    0x4f, 0x64, 0x44, 0x41, 0x7f, 0xff, 0xff, 0xf4,

    /* U+005B "[" */
    0xdf, 0xff, 0xe, 0x42, 0x20, 0xe3, 0x0, 0xe,
    0x30, 0x0, 0xe3, 0x0, 0xe, 0x30, 0x0, 0xe3,
    0x0, 0xe, 0x30, 0x0, 0xe3, 0x0, 0xe, 0x30,
    0x0, 0xe3, 0x0, 0xe, 0x30, 0x0, 0xe3, 0x0,
    0xe, 0x30, 0x0, 0xef, 0xff, 0x1, 0x22, 0x20,

    /* U+005C "\\" */
    0xe, 0x0, 0x0, 0x0, 0xa, 0x50, 0x0, 0x0,
    0x4, 0xb0, 0x0, 0x0, 0x0, 0xd2, 0x0, 0x0,
    0x0, 0x87, 0x0, 0x0, 0x0, 0x2d, 0x0, 0x0,
    0x0, 0xc, 0x30, 0x0, 0x0, 0x6, 0x90, 0x0,
    0x0, 0x0, 0xe0, 0x0, 0x0, 0x0, 0xa5, 0x0,
    0x0, 0x0, 0x4b, 0x0, 0x0, 0x0, 0xd, 0x20,
    0x0, 0x0, 0x8, 0x70, 0x0, 0x0, 0x2, 0xd0,

    /* U+005D "]" */
    0x3f, 0xff, 0xa0, 0x22, 0x7b, 0x0, 0x6, 0xb0,
    0x0, 0x6b, 0x0, 0x6, 0xb0, 0x0, 0x6b, 0x0,
    0x6, 0xb0, 0x0, 0x6b, 0x0, 0x6, 0xb0, 0x0,
    0x6b, 0x0, 0x6, 0xb0, 0x0, 0x6b, 0x0, 0x6,
    0xb0, 0x0, 0x6b, 0x3f, 0xff, 0xb0, 0x22, 0x21,

    /* U+005E "^" */
    0x0, 0x4f, 0xe1, 0x0, 0x1e, 0x8b, 0xb0, 0xb,
    0x80, 0xb, 0x70,

    /* U+005F "_" */
    0xcc, 0xcc, 0xcc, 0xcb,

    /* U+0060 "`" */
    0x9f, 0x30, 0xa, 0xc0, 0x0, 0xc6,

    /* U+0061 "a" */
    0x1, 0xae, 0xe9, 0x0, 0xa, 0xd4, 0x4e, 0x70,
    0x6, 0x30, 0xb, 0xa0, 0x0, 0x6b, 0xef, 0xb0,
    0xd, 0xd8, 0x59, 0xb0, 0x4f, 0x20, 0xa, 0xb0,
    0x2f, 0x51, 0x8f, 0xb0, 0x7, 0xee, 0xa9, 0xe0,

    /* U+0062 "b" */
    0x4f, 0x0, 0x0, 0x0, 0x4f, 0x0, 0x0, 0x0,
    0x4f, 0x0, 0x0, 0x0, 0x4f, 0x0, 0x0, 0x0,
    0x4f, 0x5e, 0xf8, 0x0, 0x4f, 0xd4, 0x6f, 0x60,
    0x4f, 0x40, 0x9, 0xd0, 0x4f, 0x0, 0x5, 0xf0,
    0x4f, 0x0, 0x5, 0xf0, 0x4f, 0x40, 0x8, 0xd0,
    0x4f, 0xd4, 0x6f, 0x70, 0x4f, 0x6e, 0xe8, 0x0,

    /* U+0063 "c" */
    0x0, 0xaf, 0xe9, 0x0, 0xb, 0xd5, 0x5e, 0x90,
    0x3f, 0x30, 0x5, 0x90, 0x5f, 0x0, 0x0, 0x0,
    0x5f, 0x0, 0x1, 0x30, 0x3f, 0x30, 0x6, 0xf0,
    0xb, 0xd5, 0x5d, 0x90, 0x0, 0xaf, 0xe9, 0x0,

    /* U+0064 "d" */
    0x0, 0x0, 0x6, 0xe0, 0x0, 0x0, 0x6e, 0x0,
    0x0, 0x6, 0xe0, 0x0, 0x0, 0x6e, 0x2, 0xbf,
    0xc8, 0xe0, 0xcd, 0x47, 0xfe, 0x3f, 0x30, 0xa,
    0xe5, 0xf0, 0x0, 0x7e, 0x6f, 0x0, 0x6, 0xe3,
    0xf2, 0x0, 0x9e, 0xd, 0xb2, 0x5f, 0xe0, 0x2b,
    0xfc, 0x9e,

    /* U+0065 "e" */
    0x0, 0x9e, 0xe8, 0x0, 0xa, 0xd3, 0x4e, 0x80,
    0x2f, 0x40, 0x8, 0xe0, 0x4f, 0xff, 0xff, 0xf0,
    0x4f, 0x22, 0x22, 0x20, 0x2f, 0x30, 0x3, 0xa0,
    0xa, 0xd5, 0x4d, 0xb0, 0x0, 0x9e, 0xe9, 0x10,

    /* U+0066 "f" */
    0x0, 0x4, 0xdf, 0xd1, 0x0, 0xf, 0x84, 0x61,
    0x0, 0x2f, 0x10, 0x0, 0x0, 0x3f, 0x10, 0x0,
    0x5f, 0xff, 0xff, 0xa0, 0x1, 0x3f, 0x11, 0x0,
    0x0, 0x3f, 0x10, 0x0, 0x0, 0x3f, 0x10, 0x0,
    0x0, 0x3f, 0x10, 0x0, 0x0, 0x3f, 0x10, 0x0,
    0x0, 0x3f, 0x10, 0x0, 0x0, 0x3f, 0x10, 0x0,

    /* U+0067 "g" */
    0x0, 0x0, 0x0, 0x0, 0x0, 0xaf, 0xd7, 0xd6,
    0x8, 0xc3, 0x8f, 0x21, 0xc, 0x70, 0x1f, 0x20,
    0x9, 0xb0, 0x6f, 0x0, 0x5, 0xff, 0xf5, 0x0,
    0xf, 0x12, 0x0, 0x0, 0xe, 0x93, 0x31, 0x0,
    0x8, 0xff, 0xff, 0xb0, 0x4e, 0x10, 0x4, 0xf1,
    0x9, 0xef, 0xec, 0x60,

    /* U+0068 "h" */
    0x2f, 0x20, 0x0, 0x2, 0xf2, 0x0, 0x0, 0x2f,
    0x20, 0x0, 0x2, 0xf2, 0x0, 0x0, 0x2f, 0x3b,
    0xfd, 0x32, 0xfd, 0x72, 0xbc, 0x2f, 0x90, 0x4,
    0xf2, 0xf4, 0x0, 0x4f, 0x2f, 0x20, 0x4, 0xf2,
    0xf2, 0x0, 0x4f, 0x2f, 0x20, 0x4, 0xf2, 0xf2,
    0x0, 0x4f,

    /* U+0069 "i" */
    0xc8, 0x96, 0x0, 0x0, 0xc8, 0xc8, 0xc8, 0xc8,
    0xc8, 0xc8, 0xc8, 0xc8,

    /* U+006A "j" */
    0x0, 0x8, 0xc0, 0x0, 0x69, 0x0, 0x0, 0x0,
    0x0, 0x0, 0x0, 0x8, 0xc0, 0x0, 0x8c, 0x0,
    0x8, 0xc0, 0x0, 0x8c, 0x0, 0x8, 0xc0, 0x0,
    0x8c, 0x0, 0x8, 0xc0, 0x0, 0x8b, 0x55, 0x4d,
    0x86, 0xff, 0xa0,

    /* U+006B "k" */
    0x1f, 0x30, 0x0, 0x0, 0x1f, 0x30, 0x0, 0x0,
    0x1f, 0x30, 0x0, 0x0, 0x1f, 0x30, 0x0, 0x0,
    0x1f, 0x30, 0x2f, 0x60, 0x1f, 0x31, 0xe8, 0x0,
    0x1f, 0x3d, 0xa0, 0x0, 0x1f, 0xde, 0xd0, 0x0,
    0x1f, 0xc1, 0xe6, 0x0, 0x1f, 0x30, 0x6e, 0x0,
    0x1f, 0x30, 0xe, 0x70, 0x1f, 0x30, 0x6, 0xf1,

    /* U+006C "l" */
    0xb9, 0xb9, 0xb9, 0xb9, 0xb9, 0xb9, 0xb9, 0xb9,
    0xb9, 0xb9, 0xb9, 0xb9,

    /* U+006D "m" */
    0xc9, 0xde, 0x5d, 0xe3, 0xce, 0x4d, 0xf4, 0xc9,
    0xc9, 0xb, 0xa0, 0xaa, 0xc8, 0xb, 0x90, 0xaa,
    0xc8, 0xb, 0x90, 0xaa, 0xc8, 0xb, 0x90, 0xaa,
    0xc8, 0xb, 0x90, 0xaa, 0xc8, 0xb, 0x90, 0xaa,

    /* U+006E "n" */
    0x2f, 0x3b, 0xfd, 0x32, 0xfe, 0x50, 0xac, 0x2f,
    0x80, 0x4, 0xf2, 0xf3, 0x0, 0x4f, 0x2f, 0x20,
    0x4, 0xf2, 0xf2, 0x0, 0x4f, 0x2f, 0x20, 0x4,
    0xf2, 0xf2, 0x0, 0x4f,

    /* U+006F "o" */
    0x0, 0x9f, 0xe8, 0x0, 0xa, 0xe5, 0x5e, 0x80,
    0x2f, 0x40, 0x6, 0xf1, 0x5f, 0x0, 0x2, 0xf3,
    0x5f, 0x0, 0x2, 0xf3, 0x2f, 0x30, 0x5, 0xf1,
    0xa, 0xd5, 0x5e, 0x80, 0x0, 0x9f, 0xe8, 0x0,

    /* U+0070 "p" */
    0x4f, 0x7e, 0xe8, 0x0, 0x4f, 0xc2, 0x4e, 0x70,
    0x4f, 0x30, 0x8, 0xd0, 0x4f, 0x0, 0x5, 0xf0,
    0x4f, 0x10, 0x5, 0xf0, 0x4f, 0x40, 0x9, 0xd0,
    0x4f, 0xd4, 0x6f, 0x60, 0x4f, 0x5e, 0xf8, 0x0,
    0x4f, 0x0, 0x0, 0x0, 0x4f, 0x0, 0x0, 0x0,

    /* U+0071 "q" */
    0x1, 0xbf, 0xc8, 0xe0, 0xdc, 0x47, 0xfe, 0x3f,
    0x20, 0xa, 0xe6, 0xf0, 0x0, 0x6e, 0x5f, 0x0,
    0x6, 0xe3, 0xf3, 0x0, 0xae, 0xc, 0xc4, 0x7f,
    0xe0, 0x2c, 0xfc, 0x8e, 0x0, 0x0, 0x6, 0xe0,
    0x0, 0x0, 0x6e,

    /* U+0072 "r" */
    0x6e, 0x8, 0xe3, 0x6e, 0xbb, 0x61, 0x6f, 0xa0,
    0x0, 0x6f, 0x10, 0x0, 0x6e, 0x0, 0x0, 0x6e,
    0x0, 0x0, 0x6e, 0x0, 0x0, 0x6e, 0x0, 0x0,

    /* U+0073 "s" */
    0x1a, 0xee, 0xa0, 0xac, 0x34, 0xd8, 0xc9, 0x0,
    0x22, 0x6f, 0xc8, 0x40, 0x2, 0x7b, 0xf7, 0x82,
    0x0, 0x8d, 0xbb, 0x33, 0xcb, 0x1a, 0xef, 0xb1,

    /* U+0074 "t" */
    0x0, 0x36, 0x0, 0x0, 0x7, 0xd0, 0x0, 0x0,
    0x7d, 0x0, 0x9, 0xff, 0xff, 0xf6, 0x1, 0x7d,
    0x11, 0x0, 0x7, 0xd0, 0x0, 0x0, 0x7d, 0x0,
    0x0, 0x7, 0xd0, 0x0, 0x0, 0x6d, 0x0, 0x0,
    0x3, 0xf5, 0x46, 0x0, 0x6, 0xef, 0xb0,

    /* U+0075 "u" */
    0x2f, 0x20, 0x4, 0xf2, 0xf2, 0x0, 0x4f, 0x2f,
    0x20, 0x4, 0xf2, 0xf2, 0x0, 0x4f, 0x2f, 0x20,
    0x5, 0xf1, 0xf2, 0x0, 0xaf, 0xe, 0x80, 0x6e,
    0xf0, 0x4e, 0xfa, 0x5f,

    /* U+0076 "v" */
    0x4f, 0x0, 0x4, 0xf0, 0xe, 0x50, 0x9, 0xb0,
    0x9, 0xa0, 0xe, 0x50, 0x4, 0xf0, 0x3f, 0x0,
    0x0, 0xf4, 0x8b, 0x0, 0x0, 0xa9, 0xd6, 0x0,
    0x0, 0x4f, 0xf1, 0x0, 0x0, 0xf, 0xb0, 0x0,

    /* U+0077 "w" */
    0xd7, 0xe, 0xa0, 0xb9, 0xa9, 0xf, 0xc0, 0xd6,
    0x7c, 0x3b, 0xe0, 0xf3, 0x4e, 0x68, 0xc4, 0xf0,
    0x1f, 0x96, 0xa9, 0xc0, 0xd, 0xe3, 0x7e, 0x90,
    0xa, 0xf0, 0x4f, 0x60, 0x7, 0xe0, 0x2f, 0x30,

    /* U+0078 "x" */
    0xe, 0x80, 0xc, 0xb0, 0x5, 0xf1, 0x5f, 0x20,
    0x0, 0xb9, 0xd7, 0x0, 0x0, 0x2f, 0xd0, 0x0,
    0x0, 0x3f, 0xe1, 0x0, 0x0, 0xd8, 0xc9, 0x0,
    0x7, 0xe0, 0x3f, 0x30, 0x2f, 0x50, 0x9, 0xd0,

    /* U+0079 "y" */
    0x5f, 0x10, 0x4, 0xf1, 0xf, 0x60, 0x9, 0xb0,
    0x9, 0xb0, 0xe, 0x50, 0x4, 0xf1, 0x4f, 0x0,
    0x0, 0xe6, 0x9a, 0x0, 0x0, 0x8c, 0xe4, 0x0,
    0x0, 0x3f, 0xe0, 0x0, 0x0, 0xd, 0x90, 0x0,
    0x4, 0x5f, 0x30, 0x0, 0xa, 0xf8, 0x0, 0x0,

    /* U+007A "z" */
    0xe, 0xff, 0xff, 0xa0, 0x1, 0x14, 0xf4, 0x0,
    0x0, 0xd9, 0x0, 0x0, 0xad, 0x0, 0x0, 0x5f,
    0x20, 0x0, 0x2f, 0x60, 0x0, 0xc, 0xb1, 0x11,
    0x2, 0xff, 0xff, 0xff,

    /* U+007B "{" */
    0x2, 0xdb, 0x9, 0xb0, 0xa, 0xa0, 0xa, 0xa0,
    0xa, 0xa0, 0xa, 0x90, 0xb, 0x80, 0x6f, 0x30,
    0xc, 0x80, 0xa, 0x90, 0xa, 0xa0, 0xa, 0xa0,
    0xa, 0xa0, 0x9, 0xb0, 0x3, 0xdb,

    /* U+007C "|" */
    0xb9, 0xb9, 0xb9, 0xb9, 0xb9, 0xb9, 0xb9, 0xb9,
    0xb9, 0xb9, 0xb9, 0xb9, 0xb9, 0xb9, 0xb9, 0xb9,
    0xb9,

    /* U+007D "}" */
    0xd, 0xc1, 0x0, 0xe, 0x60, 0x0, 0xd7, 0x0,
    0xd, 0x70, 0x0, 0xd7, 0x0, 0xc, 0x70, 0x0,
    0xb9, 0x0, 0x6, 0xf3, 0x0, 0xb9, 0x0, 0xc,
    0x70, 0x0, 0xd7, 0x0, 0xd, 0x70, 0x0, 0xd7,
    0x0, 0xe, 0x60, 0xd, 0xc1, 0x0,

    /* U+007E "~" */
    0x0, 0x0, 0x0, 0x0, 0x3, 0xfb, 0x0, 0x71,
    0xc, 0x6b, 0xc4, 0xe0, 0x9, 0x0, 0xbf, 0x70,
    0x0, 0x0, 0x3, 0x0,

    /* U+00B0 "°" */
    0x7, 0x70, 0xa4, 0x58, 0xa0, 0xa, 0x87, 0x96,
    0x3, 0x30,

    /* U+4E0A "上" */
    0x0, 0x0, 0x0, 0x3b, 0x10, 0x0, 0x0, 0x0,
    0x0, 0x0, 0x0, 0x4f, 0x10, 0x0, 0x0, 0x0,
    0x0, 0x0, 0x0, 0x4f, 0x10, 0x0, 0x0, 0x0,
    0x0, 0x0, 0x0, 0x4f, 0x10, 0x0, 0x0, 0x0,
    0x0, 0x0, 0x0, 0x4f, 0x11, 0x11, 0x11, 0x0,
    0x0, 0x0, 0x0, 0x4f, 0xff, 0xff, 0xff, 0x0,
    0x0, 0x0, 0x0, 0x4f, 0x33, 0x33, 0x33, 0x0,
    0x0, 0x0, 0x0, 0x4f, 0x10, 0x0, 0x0, 0x0,
    0x0, 0x0, 0x0, 0x4f, 0x10, 0x0, 0x0, 0x0,
    0x0, 0x0, 0x0, 0x4f, 0x10, 0x0, 0x0, 0x0,
    0x0, 0x0, 0x0, 0x4f, 0x10, 0x0, 0x0, 0x0,
    0x0, 0x0, 0x0, 0x4f, 0x10, 0x0, 0x0, 0x0,
    0x5, 0x44, 0x44, 0x7f, 0x54, 0x44, 0x44, 0x51,
    0x1f, 0xee, 0xee, 0xee, 0xee, 0xee, 0xee, 0xe2,

    /* U+4E2D "中" */
    0x0, 0x0, 0x0, 0xf7, 0x0, 0x0, 0x0, 0x0,
    0x0, 0xf, 0x60, 0x0, 0x0, 0x0, 0x0, 0x0,
    0xe6, 0x0, 0x0, 0x1, 0xee, 0xee, 0xef, 0xfe,
    0xee, 0xe9, 0x1f, 0x51, 0x11, 0xe7, 0x11, 0x1b,
    0xa1, 0xf4, 0x0, 0xe, 0x60, 0x0, 0xba, 0x1f,
    0x40, 0x0, 0xe6, 0x0, 0xb, 0xa1, 0xf4, 0x0,
    0xe, 0x60, 0x0, 0xba, 0x1f, 0xff, 0xff, 0xff,
    0xff, 0xff, 0xa1, 0xb2, 0x0, 0xe, 0x60, 0x0,
    0x77, 0x0, 0x0, 0x0, 0xe6, 0x0, 0x0, 0x0,
    0x0, 0x0, 0xe, 0x60, 0x0, 0x0, 0x0, 0x0,
    0x0, 0xe6, 0x0, 0x0, 0x0, 0x0, 0x0, 0xe,
    0x60, 0x0, 0x0, 0x0, 0x0, 0x0, 0xf7, 0x0,
    0x0, 0x0,

    /* U+4E3B "主" */
    0x0, 0x0, 0x0, 0x0, 0x0, 0x0, 0x0, 0x0,
    0x0, 0x0, 0xd, 0x60, 0x0, 0x0, 0x0, 0x0,
    0x0, 0x0, 0x6f, 0x40, 0x0, 0x0, 0x0, 0x0,
    0x0, 0x0, 0x97, 0x0, 0x0, 0x0, 0x8, 0xed,
    0xdd, 0xdd, 0xdd, 0xdd, 0xde, 0x20, 0x24, 0x33,
    0x33, 0xf8, 0x33, 0x33, 0x40, 0x0, 0x0, 0x0,
    0xe, 0x60, 0x0, 0x0, 0x0, 0x0, 0x0, 0x0,
    0xe6, 0x0, 0x0, 0x0, 0x0, 0x33, 0x33, 0x3f,
    0x83, 0x33, 0x41, 0x0, 0xa, 0xdd, 0xdd, 0xfe,
    0xdd, 0xde, 0x30, 0x0, 0x0, 0x0, 0xe, 0x60,
    0x0, 0x0, 0x0, 0x0, 0x0, 0x0, 0xe6, 0x0,
    0x0, 0x0, 0x0, 0x0, 0x0, 0xe, 0x60, 0x0,
    0x0, 0x1, 0x33, 0x22, 0x22, 0xe7, 0x22, 0x22,
    0x33, 0x4e, 0xee, 0xee, 0xee, 0xee, 0xee, 0xee,
    0xe0,

    /* U+4E8C "二" */
    0x0, 0x36, 0x66, 0x66, 0x66, 0x66, 0x73, 0x0,
    0x0, 0x8f, 0xff, 0xff, 0xff, 0xff, 0xf6, 0x0,
    0x0, 0x0, 0x0, 0x0, 0x0, 0x0, 0x0, 0x0,
    0x0, 0x0, 0x0, 0x0, 0x0, 0x0, 0x0, 0x0,
    0x0, 0x0, 0x0, 0x0, 0x0, 0x0, 0x0, 0x0,
    0x0, 0x0, 0x0, 0x0, 0x0, 0x0, 0x0, 0x0,
    0x0, 0x0, 0x0, 0x0, 0x0, 0x0, 0x0, 0x0,
    0x0, 0x0, 0x0, 0x0, 0x0, 0x0, 0x0, 0x0,
    0x0, 0x0, 0x0, 0x0, 0x0, 0x0, 0x0, 0x0,
    0x18, 0x77, 0x77, 0x77, 0x77, 0x77, 0x78, 0x80,
    0x1e, 0xee, 0xee, 0xee, 0xee, 0xee, 0xee, 0xe0,

    /* U+4EEA "仪" */
    0x0, 0x3, 0x91, 0x0, 0x38, 0x0, 0x0, 0x0,
    0x0, 0x8, 0xe0, 0x0, 0x5f, 0x10, 0x0, 0x0,
    0x0, 0xe, 0x70, 0x51, 0x1f, 0x50, 0xe6, 0x0,
    0x0, 0x5f, 0x10, 0xe6, 0xd, 0x82, 0xf3, 0x0,
    0x0, 0xce, 0x0, 0xaa, 0x1, 0x6, 0xe0, 0x0,
    0x6, 0xfe, 0x0, 0x6e, 0x0, 0xb, 0x90, 0x0,
    0x2f, 0xae, 0x0, 0x1f, 0x40, 0xf, 0x40, 0x0,
    0x8, 0x4e, 0x0, 0xa, 0xb0, 0x5e, 0x0, 0x0,
    0x0, 0x4e, 0x0, 0x3, 0xf4, 0xb8, 0x0, 0x0,
    0x0, 0x4e, 0x0, 0x0, 0xae, 0xf1, 0x0, 0x0,
    0x0, 0x4e, 0x0, 0x0, 0x5f, 0xd1, 0x0, 0x0,
    0x0, 0x4e, 0x0, 0x5, 0xf8, 0xce, 0x30, 0x0,
    0x0, 0x4e, 0x1, 0xaf, 0x50, 0xa, 0xfa, 0x30,
    0x0, 0x4f, 0x4f, 0xc2, 0x0, 0x0, 0x6e, 0xf2,
    0x0, 0x4f, 0x5, 0x0, 0x0, 0x0, 0x1, 0x40,

    /* U+4EF6 "件" */
    0x0, 0x0, 0x10, 0x0, 0x0, 0x0, 0x0, 0x0,
    0x0, 0x2, 0xf2, 0x0, 0x4, 0xf0, 0x0, 0x0,
    0x0, 0x8, 0xc0, 0x46, 0x4, 0xf0, 0x0, 0x0,
    0x0, 0x1f, 0x50, 0x9c, 0x4, 0xf0, 0x0, 0x0,
    0x0, 0x8f, 0x10, 0xd9, 0x36, 0xf3, 0x33, 0x10,
    0x2, 0xff, 0x13, 0xfd, 0xde, 0xfd, 0xde, 0x40,
    0xd, 0xbf, 0x1b, 0xa0, 0x4, 0xf0, 0x0, 0x0,
    0x3c, 0x2f, 0x2c, 0x20, 0x4, 0xf0, 0x0, 0x0,
    0x0, 0x2f, 0x10, 0x0, 0x4, 0xf0, 0x0, 0x0,
    0x0, 0x2f, 0x4f, 0xff, 0xff, 0xff, 0xff, 0xf4,
    0x0, 0x2f, 0x11, 0x11, 0x14, 0xf1, 0x11, 0x10,
    0x0, 0x2f, 0x10, 0x0, 0x4, 0xf0, 0x0, 0x0,
    0x0, 0x2f, 0x10, 0x0, 0x4, 0xf0, 0x0, 0x0,
    0x0, 0x2f, 0x10, 0x0, 0x4, 0xf0, 0x0, 0x0,
    0x0, 0x2f, 0x10, 0x0, 0x4, 0xf0, 0x0, 0x0,
    0x0, 0x1, 0x0, 0x0, 0x0, 0x0, 0x0, 0x0,

    /* U+4F4E "低" */
    0x0, 0x0, 0x0, 0x0, 0x0, 0x0, 0x0, 0x0,
    0x0, 0x7, 0xc0, 0x0, 0x0, 0x0, 0x32, 0x0,
    0x0, 0xb, 0x91, 0x56, 0x79, 0xbe, 0xfb, 0x0,
    0x0, 0x1f, 0x33, 0xf9, 0x89, 0xe2, 0x0, 0x0,
    0x0, 0x7f, 0x3, 0xf0, 0x3, 0xe0, 0x0, 0x0,
    0x0, 0xef, 0x3, 0xf0, 0x3, 0xe0, 0x0, 0x0,
    0x7, 0xef, 0x3, 0xf1, 0x13, 0xf1, 0x12, 0x10,
    0x2f, 0x7f, 0x3, 0xfe, 0xee, 0xfe, 0xee, 0x90,
    0x7, 0x3f, 0x3, 0xf0, 0x0, 0xe3, 0x0, 0x0,
    0x0, 0x3f, 0x3, 0xf0, 0x0, 0xc5, 0x0, 0x0,
    0x0, 0x3f, 0x3, 0xf0, 0x0, 0x98, 0x0, 0x0,
    0x0, 0x3f, 0x3, 0xf0, 0x82, 0x5d, 0x0, 0x0,
    0x0, 0x3f, 0x3, 0xf8, 0xe2, 0xf, 0x40, 0x50,
    0x0, 0x3f, 0x4, 0xfe, 0x73, 0x9, 0xd0, 0xf3,
    0x0, 0x3f, 0x5, 0xe2, 0x8e, 0x10, 0xde, 0xe0,
    0x0, 0x3f, 0x0, 0x10, 0xa, 0x30, 0x18, 0x30,

    /* U+4FDD "保" */
    0x0, 0x2, 0x60, 0x0, 0x0, 0x0, 0x0, 0x0,
    0x0, 0x7, 0xc0, 0x4f, 0xff, 0xff, 0xf5, 0x0,
    0x0, 0xd, 0x50, 0x3e, 0x0, 0x0, 0xd4, 0x0,
    0x0, 0x5f, 0x0, 0x3e, 0x0, 0x0, 0xd4, 0x0,
    0x0, 0xdf, 0x0, 0x4f, 0xdd, 0xdd, 0xf4, 0x0,
    0x8, 0xdf, 0x0, 0x2, 0x2d, 0x72, 0x20, 0x0,
    0x4f, 0x4f, 0x0, 0x0, 0xd, 0x50, 0x0, 0x0,
    0x4, 0x2f, 0x3d, 0xdd, 0xdf, 0xed, 0xdd, 0xb0,
    0x0, 0x2f, 0x4, 0x34, 0xee, 0xf9, 0x33, 0x30,
    0x0, 0x2f, 0x0, 0xa, 0x7d, 0x8e, 0x20, 0x0,
    0x0, 0x2f, 0x0, 0x7c, 0xd, 0x57, 0xe2, 0x0,
    0x0, 0x2f, 0x8, 0xe1, 0xd, 0x50, 0x9f, 0x90,
    0x0, 0x2f, 0x3c, 0x20, 0xd, 0x50, 0x6, 0x80,
    0x0, 0x2f, 0x0, 0x0, 0xd, 0x60, 0x0, 0x0,

    /* U+4FE1 "信" */
    0x0, 0x0, 0x0, 0x0, 0x0, 0x0, 0x0, 0x0,
    0x0, 0x5, 0xc0, 0x0, 0xe, 0x30, 0x0, 0x0,
    0x0, 0xa, 0xa0, 0x0, 0x8, 0x60, 0x0, 0x0,
    0x0, 0xf, 0x4d, 0xff, 0xff, 0xff, 0xff, 0xf1,
    0x0, 0x6f, 0x21, 0x10, 0x0, 0x0, 0x1, 0x10,
    0x0, 0xdf, 0x20, 0x44, 0x44, 0x44, 0x45, 0x0,
    0x6, 0xef, 0x20, 0xaa, 0xaa, 0xaa, 0xab, 0x10,
    0x1e, 0x7f, 0x20, 0x21, 0x11, 0x11, 0x12, 0x0,
    0x1a, 0xf, 0x20, 0xdd, 0xdd, 0xdd, 0xde, 0x20,
    0x0, 0xf, 0x20, 0x0, 0x0, 0x0, 0x0, 0x0,
    0x0, 0xf, 0x20, 0xbe, 0xee, 0xee, 0xee, 0x0,
    0x0, 0xf, 0x20, 0xb7, 0x0, 0x0, 0x2f, 0x0,
    0x0, 0xf, 0x20, 0xb7, 0x0, 0x0, 0x2f, 0x0,
    0x0, 0xf, 0x20, 0xbf, 0xff, 0xff, 0xff, 0x0,
    0x0, 0xf, 0x20, 0xc7, 0x0, 0x0, 0x3f, 0x0,
    0x0, 0x2f, 0x20, 0x0, 0x0, 0x0, 0x0, 0x0,

    /* U+505C "停" */
    0x0, 0x2, 0x0, 0x0, 0x2, 0x20, 0x0, 0x0,
    0x0, 0xb, 0xa0, 0x0, 0xb, 0xb0, 0x0, 0x0,
    0x0, 0xf, 0x39, 0xee, 0xee, 0xfe, 0xee, 0xe1,
    0x0, 0x6f, 0x1, 0x11, 0x11, 0x11, 0x11, 0x10,
    0x0, 0xde, 0x0, 0x9f, 0xff, 0xff, 0xf7, 0x0,
    0x5, 0xfe, 0x0, 0x98, 0x0, 0x0, 0x97, 0x0,
    0xe, 0x9e, 0x0, 0x9e, 0xcc, 0xcc, 0xe7, 0x0,
    0x2d, 0x3e, 0x0, 0x23, 0x33, 0x33, 0x31, 0x0,
    0x0, 0x2e, 0x2f, 0xff, 0xff, 0xff, 0xff, 0xf4,
    0x0, 0x2e, 0x2e, 0x0, 0x0, 0x0, 0x0, 0xc4,
    0x0, 0x2e, 0x1, 0x7e, 0xee, 0xee, 0xe9, 0x10,
    0x0, 0x2e, 0x0, 0x0, 0x5, 0xc0, 0x0, 0x0,
    0x0, 0x2e, 0x0, 0x0, 0x5, 0xc0, 0x0, 0x0,
    0x0, 0x2f, 0x0, 0x0, 0x27, 0xc0, 0x0, 0x0,
    0x0, 0x3f, 0x0, 0x0, 0xcf, 0x80, 0x0, 0x0,
    0x0, 0x0, 0x0, 0x0, 0x21, 0x0, 0x0, 0x0,

    /* U+5173 "关" */
    0x0, 0x0, 0x0, 0x0, 0x0, 0x0, 0x0, 0x0,
    0x8, 0x70, 0x0, 0x3d, 0x20, 0x0, 0x0, 0x5,
    0xf3, 0x0, 0x9d, 0x0, 0x0, 0x0, 0x0, 0xb6,
    0x0, 0xf5, 0x0, 0x0, 0xc, 0xcc, 0xcc, 0xcd,
    0xfc, 0xcc, 0x80, 0x5, 0x44, 0x44, 0xe7, 0x44,
    0x44, 0x30, 0x0, 0x0, 0x0, 0xe4, 0x0, 0x0,
    0x0, 0x0, 0x0, 0x0, 0xe4, 0x0, 0x0, 0x0,
    0x11, 0x11, 0x11, 0xe6, 0x22, 0x22, 0x31, 0xae,
    0xee, 0xee, 0xff, 0xee, 0xee, 0xe7, 0x0, 0x0,
    0x5, 0xfe, 0x10, 0x0, 0x0, 0x0, 0x0, 0x1d,
    0x8b, 0xc1, 0x0, 0x0, 0x0, 0x1, 0xcc, 0x1,
    0xdd, 0x30, 0x0, 0x0, 0x6e, 0xb1, 0x0, 0x1c,
    0xfb, 0x51, 0x7e, 0xe6, 0x0, 0x0, 0x0, 0x7e,
    0xf7, 0x27, 0x0, 0x0, 0x0, 0x0, 0x0, 0x50,

    /* U+51C6 "准" */
    0x0, 0x0, 0x0, 0x19, 0x23, 0xa0, 0x0, 0x0,
    0x7, 0x20, 0x0, 0x6f, 0x11, 0xda, 0x0, 0x0,
    0xa, 0xe2, 0x0, 0xcb, 0x11, 0x46, 0x12, 0x10,
    0x0, 0xae, 0x14, 0xfe, 0xee, 0xfe, 0xee, 0xa0,
    0x0, 0x8, 0xc, 0xf6, 0x0, 0xf5, 0x0, 0x0,
    0x0, 0x0, 0x7f, 0xf7, 0x11, 0xf6, 0x12, 0x0,
    0x0, 0x0, 0x67, 0xee, 0xee, 0xfe, 0xee, 0x30,
    0x0, 0x7, 0x0, 0xe6, 0x0, 0xf5, 0x0, 0x0,
    0x0, 0x5e, 0x0, 0xe6, 0x0, 0xf5, 0x0, 0x0,
    0x0, 0xc8, 0x0, 0xef, 0xff, 0xff, 0xff, 0x30,
    0x3, 0xf2, 0x0, 0xe6, 0x0, 0xf5, 0x0, 0x0,
    0xc, 0xb0, 0x0, 0xe6, 0x0, 0xf5, 0x0, 0x0,
    0x1e, 0x50, 0x0, 0xef, 0xff, 0xff, 0xff, 0xf2,
    0x1, 0x0, 0x0, 0xe7, 0x22, 0x22, 0x22, 0x30,
    0x0, 0x0, 0x0, 0xe6, 0x0, 0x0, 0x0, 0x0,

    /* U+5219 "则" */
    0x0, 0x0, 0x0, 0x0, 0x0, 0x0, 0xf, 0x50,
    0x6f, 0xff, 0xff, 0xf5, 0x1, 0x0, 0xe5, 0x6,
    0xe1, 0x11, 0x1e, 0x50, 0xe6, 0xe, 0x50, 0x6e,
    0x9, 0x50, 0xe5, 0xd, 0x60, 0xe5, 0x6, 0xe0,
    0xe8, 0xe, 0x50, 0xd6, 0xe, 0x50, 0x6e, 0xd,
    0x60, 0xe5, 0xd, 0x60, 0xe5, 0x6, 0xe0, 0xd6,
    0xe, 0x50, 0xd6, 0xe, 0x50, 0x6e, 0xe, 0x50,
    0xe5, 0xd, 0x60, 0xe5, 0x6, 0xe0, 0xf4, 0xe,
    0x50, 0xd6, 0xe, 0x50, 0x6d, 0x3f, 0x10, 0xc5,
    0xe, 0x60, 0xe5, 0x0, 0x9, 0xc1, 0x20, 0x0,
    0xe6, 0xe, 0x50, 0x3, 0xf5, 0x7f, 0x60, 0x0,
    0x0, 0xe5, 0x4, 0xeb, 0x0, 0x6f, 0x80, 0x0,
    0xf, 0x51, 0xeb, 0x0, 0x0, 0x43, 0x0, 0x6d,
    0xf3, 0x1, 0x0, 0x0, 0x0, 0x0, 0x2, 0x95,
    0x0,

    /* U+5220 "删" */
    0x0, 0x0, 0x0, 0x0, 0x0, 0x0, 0x4, 0xf0,
    0xf, 0xff, 0x44, 0xff, 0xf0, 0x31, 0x3e, 0x0,
    0xf1, 0xd3, 0x4d, 0x1f, 0xe, 0x53, 0xe0, 0xf,
    0x1d, 0x33, 0xd1, 0xf0, 0xd4, 0x3e, 0x0, 0xf1,
    0xd3, 0x3d, 0x1f, 0xd, 0x43, 0xe0, 0x1f, 0x1d,
    0x44, 0xd1, 0xf1, 0xd4, 0x3e, 0x3f, 0xff, 0xff,
    0xff, 0xff, 0xdd, 0x43, 0xe0, 0xf, 0xd, 0x33,
    0xd1, 0xf0, 0xd4, 0x3e, 0x1, 0xf0, 0xd3, 0x3d,
    0x1f, 0xd, 0x43, 0xe0, 0x2f, 0xd, 0x34, 0xc1,
    0xf0, 0xd4, 0x3e, 0x4, 0xd0, 0xd3, 0x5b, 0x1f,
    0xd, 0x53, 0xe0, 0x7a, 0xd, 0x38, 0xa1, 0xf0,
    0x0, 0x3e, 0xc, 0x50, 0xd3, 0xd7, 0x1f, 0x0,
    0x3, 0xe4, 0xf0, 0xaf, 0x7f, 0x29, 0xf0, 0x9,
    0xbd, 0x4, 0x4, 0x40, 0x0, 0x74, 0x0, 0x8a,
    0x30,

    /* U+5236 "制" */
    0x0, 0x0, 0xf7, 0x0, 0x0, 0x0, 0xd, 0x50,
    0x8b, 0xe, 0x60, 0x0, 0x0, 0x0, 0xe5, 0xd,
    0xc6, 0xfa, 0x66, 0x60, 0xc4, 0xe, 0x54, 0xf9,
    0x9f, 0xc9, 0x99, 0xe, 0x40, 0xe5, 0x48, 0x0,
    0xe6, 0x0, 0x0, 0xe4, 0xe, 0x56, 0x99, 0x9f,
    0xb9, 0x99, 0x2e, 0x40, 0xe5, 0x46, 0x66, 0xfa,
    0x66, 0x61, 0xe4, 0xe, 0x50, 0x0, 0xe, 0x60,
    0x0, 0xe, 0x40, 0xe5, 0xd, 0xee, 0xfe, 0xee,
    0xe0, 0xe4, 0xe, 0x50, 0xe6, 0x1e, 0x71, 0x5f,
    0xf, 0x40, 0xe5, 0xe, 0x50, 0xe6, 0x4, 0xf0,
    0xf4, 0xe, 0x50, 0xe5, 0xe, 0x63, 0xaf, 0x0,
    0x0, 0xe5, 0xf, 0x50, 0xe6, 0x5e, 0x80, 0x0,
    0x1f, 0x40, 0x0, 0xf, 0x60, 0x0, 0x0, 0x8e,
    0xa1, 0x0, 0x0, 0x0, 0x0, 0x0, 0x0, 0x0,
    0x0,

    /* U+5237 "刷" */
    0x0, 0x0, 0x0, 0x0, 0x0, 0x0, 0xd, 0x40,
    0xe, 0xff, 0xff, 0xff, 0x30, 0x40, 0xd3, 0x0,
    0xd4, 0x0, 0x0, 0xe3, 0x2f, 0xd, 0x30, 0xd,
    0x75, 0x55, 0x5f, 0x32, 0xe0, 0xd3, 0x0, 0xeb,
    0xaa, 0xaa, 0xa2, 0x2e, 0xd, 0x30, 0xf, 0x20,
    0x1a, 0x0, 0x2, 0xe0, 0xd3, 0x0, 0xf1, 0x1,
    0xf0, 0x0, 0x2e, 0xd, 0x30, 0x2f, 0x8f, 0xff,
    0xff, 0x82, 0xe0, 0xd3, 0x5, 0xd8, 0x91, 0xf0,
    0xa7, 0x2e, 0xd, 0x30, 0x7a, 0x89, 0x1f, 0xa,
    0x72, 0xe0, 0xd3, 0xc, 0x78, 0x91, 0xf0, 0xa7,
    0x2f, 0xd, 0x33, 0xf2, 0x89, 0x1f, 0x1c, 0x70,
    0x30, 0xd3, 0x5c, 0x9, 0x91, 0xf6, 0xd3, 0x0,
    0xd, 0x30, 0x0, 0x22, 0x2f, 0x0, 0x0, 0x2c,
    0xf3, 0x0, 0x0, 0x2, 0xf1, 0x0, 0x0, 0xb8,
    0x0,

    /* U+524D "前" */
    0x0, 0x0, 0x4, 0x0, 0x0, 0x4, 0x0, 0x0,
    0x0, 0x0, 0x2f, 0x60, 0x0, 0x4f, 0x30, 0x0,
    0x0, 0x0, 0x7, 0xa0, 0x0, 0xb9, 0x0, 0x0,
    0x2d, 0xcc, 0xcc, 0xcc, 0xcc, 0xfd, 0xcc, 0xc8,
    0x4, 0x33, 0x33, 0x33, 0x33, 0x33, 0x33, 0x43,
    0x0, 0x57, 0x77, 0x77, 0x10, 0x0, 0x2b, 0x0,
    0x0, 0xbc, 0x77, 0x8f, 0x24, 0xd0, 0x2f, 0x0,
    0x0, 0xa8, 0x0, 0x1f, 0x14, 0xe0, 0x2f, 0x0,
    0x0, 0xae, 0xdd, 0xdf, 0x14, 0xe0, 0x2f, 0x0,
    0x0, 0xa9, 0x11, 0x2f, 0x14, 0xe0, 0x2f, 0x0,
    0x0, 0xab, 0x55, 0x6f, 0x14, 0xe0, 0x2f, 0x0,
    0x0, 0xac, 0x99, 0xaf, 0x15, 0xe0, 0x2f, 0x0,
    0x0, 0xa8, 0x0, 0x1f, 0x11, 0x50, 0x2f, 0x0,
    0x0, 0xa8, 0x0, 0x1f, 0x10, 0x0, 0x2f, 0x0,
    0x0, 0xa8, 0x5, 0xbf, 0x10, 0x7, 0xcf, 0x0,
    0x0, 0xb8, 0x3, 0xc8, 0x0, 0x5, 0xc6, 0x0,

    /* U+529F "功" */
    0x0, 0x0, 0x0, 0x0, 0x5, 0xb0, 0x0, 0x0,
    0x0, 0x0, 0x0, 0x0, 0x5, 0xe0, 0x0, 0x0,
    0x8, 0xcc, 0xcc, 0xc0, 0x5, 0xd0, 0x0, 0x0,
    0x3, 0x48, 0xe4, 0x53, 0x37, 0xe3, 0x33, 0x30,
    0x0, 0x5, 0xe0, 0xb, 0xde, 0xfd, 0xde, 0xf1,
    0x0, 0x5, 0xe0, 0x0, 0x6, 0xc0, 0x3, 0xf0,
    0x0, 0x5, 0xe0, 0x0, 0x7, 0xb0, 0x4, 0xf0,
    0x0, 0x5, 0xe0, 0x0, 0x8, 0x90, 0x5, 0xe0,
    0x0, 0x5, 0xe0, 0x0, 0xb, 0x70, 0x6, 0xd0,
    0x0, 0x5, 0xe1, 0x53, 0x1f, 0x30, 0x7, 0xc0,
    0x4, 0x7c, 0xff, 0xc4, 0x8d, 0x0, 0x9, 0xb0,
    0xc, 0xd9, 0x40, 0x2, 0xf4, 0x0, 0xa, 0xa0,
    0x0, 0x0, 0x0, 0x2d, 0xa0, 0x3, 0x4e, 0x70,
    0x0, 0x0, 0x3, 0xfb, 0x0, 0xd, 0xfb, 0x10,
    0x0, 0x0, 0x0, 0x60, 0x0, 0x1, 0x0, 0x0,

    /* U+52A8 "动" */
    0x0, 0x0, 0x0, 0x0, 0x0, 0x75, 0x0, 0x0,
    0x0, 0x0, 0x0, 0x0, 0x0, 0xb9, 0x0, 0x0,
    0x5, 0xdd, 0xdd, 0xe4, 0x0, 0xb7, 0x0, 0x0,
    0x1, 0x43, 0x33, 0x42, 0x22, 0xb9, 0x22, 0x20,
    0x0, 0x0, 0x0, 0x6, 0xfe, 0xff, 0xee, 0xf2,
    0x14, 0x44, 0x44, 0x44, 0x0, 0xb7, 0x1, 0xf0,
    0x3b, 0xbe, 0xeb, 0xbb, 0x0, 0xc6, 0x2, 0xf0,
    0x0, 0xd, 0x50, 0x0, 0x0, 0xe4, 0x3, 0xf0,
    0x0, 0x3e, 0x4, 0x80, 0x0, 0xf2, 0x4, 0xe0,
    0x0, 0xa8, 0x2, 0xf3, 0x3, 0xf0, 0x4, 0xe0,
    0x3, 0xf1, 0x14, 0xdc, 0x8, 0xb0, 0x5, 0xd0,
    0xd, 0xff, 0xfc, 0xaf, 0x5e, 0x50, 0x6, 0xc0,
    0x4, 0x52, 0x0, 0x5, 0xbc, 0x0, 0x8, 0xb0,
    0x0, 0x0, 0x0, 0xa, 0xf2, 0x8, 0xbf, 0x70,
    0x0, 0x0, 0x0, 0x9, 0x40, 0x5, 0x84, 0x0,

    /* U+5316 "化" */
    0x0, 0x0, 0x0, 0x0, 0x0, 0x0, 0x0, 0x0,
    0x0, 0xe, 0x60, 0xf, 0x50, 0x0, 0x0, 0x0,
    0x5, 0xf1, 0x0, 0xe5, 0x0, 0x1, 0x0, 0x0,
    0xd8, 0x0, 0xe, 0x50, 0x6, 0xe1, 0x0, 0x7f,
    0x50, 0x0, 0xe5, 0x4, 0xf7, 0x0, 0x3f, 0xf5,
    0x0, 0xe, 0x55, 0xf7, 0x0, 0x2e, 0x8d, 0x50,
    0x0, 0xeb, 0xf6, 0x0, 0x1, 0x80, 0xd5, 0x0,
    0x1f, 0xe3, 0x0, 0x0, 0x0, 0xd, 0x50, 0x4e,
    0xf5, 0x0, 0x0, 0x0, 0x0, 0xd5, 0xbf, 0x6e,
    0x50, 0x0, 0x0, 0x0, 0xd, 0x56, 0x20, 0xe5,
    0x0, 0x0, 0x0, 0x0, 0xd5, 0x0, 0xe, 0x50,
    0x0, 0x88, 0x0, 0xd, 0x50, 0x0, 0xe9, 0x22,
    0x2d, 0xb0, 0x0, 0xe6, 0x0, 0x8, 0xff, 0xff,
    0xe3,

    /* U+538B "压" */
    0x0, 0x0, 0x0, 0x0, 0x0, 0x0, 0x0, 0x0,
    0xf, 0xff, 0xff, 0xff, 0xff, 0xff, 0xf2, 0x0,
    0xe7, 0x22, 0x22, 0xa5, 0x22, 0x22, 0x0, 0xd,
    0x60, 0x0, 0xf, 0x40, 0x0, 0x0, 0x0, 0xd6,
    0x0, 0x0, 0xf4, 0x0, 0x0, 0x0, 0xd, 0x60,
    0x0, 0xf, 0x40, 0x0, 0x0, 0x0, 0xd6, 0x9f,
    0xff, 0xff, 0xff, 0xf7, 0x0, 0xd, 0x63, 0x44,
    0x4f, 0x74, 0x45, 0x20, 0x0, 0xe5, 0x0, 0x0,
    0xf4, 0x25, 0x0, 0x0, 0xf, 0x40, 0x0, 0xf,
    0x45, 0xf2, 0x0, 0x2, 0xf1, 0x0, 0x0, 0xf4,
    0xc, 0xb0, 0x0, 0x7e, 0x0, 0x0, 0xf, 0x40,
    0x31, 0x0, 0xd, 0x92, 0x43, 0x33, 0xf7, 0x33,
    0x34, 0x16, 0xf3, 0x9f, 0xff, 0xff, 0xff, 0xff,
    0xf6, 0x28, 0x0, 0x0, 0x0, 0x0, 0x0, 0x0,
    0x0,

    /* U+53D1 "发" */
    0x0, 0x0, 0x0, 0x8, 0x40, 0x43, 0x0, 0x0,
    0x0, 0xc8, 0x0, 0xf6, 0x8, 0xe2, 0x0, 0x0,
    0xf, 0x30, 0x3f, 0x10, 0xb, 0xd0, 0x0, 0x5,
    0xd0, 0x6, 0xd0, 0x0, 0x13, 0x0, 0x0, 0xef,
    0xff, 0xff, 0xff, 0xff, 0xff, 0x80, 0x3, 0x32,
    0x2f, 0x51, 0x11, 0x11, 0x21, 0x0, 0x0, 0x6,
    0xd0, 0x0, 0x0, 0x0, 0x0, 0x0, 0x0, 0xef,
    0xff, 0xff, 0xfe, 0x0, 0x0, 0x0, 0x9e, 0xe1,
    0x0, 0xc, 0x70, 0x0, 0x0, 0x6f, 0x39, 0xb0,
    0x6, 0xd0, 0x0, 0x0, 0x6f, 0x60, 0xd, 0x94,
    0xe2, 0x0, 0x0, 0x9f, 0x50, 0x0, 0x2f, 0xf4,
    0x0, 0x0, 0x7, 0x30, 0x0, 0x6d, 0xdd, 0xd6,
    0x10, 0x0, 0x0, 0x7b, 0xfc, 0x50, 0x6, 0xdf,
    0xd7, 0x0, 0x5, 0x72, 0x0, 0x0, 0x0, 0x27,
    0x30,

    /* U+53D6 "取" */
    0x0, 0x0, 0x0, 0x0, 0x0, 0x0, 0x0, 0x0,
    0x2f, 0xff, 0xff, 0xff, 0xae, 0xdd, 0xdd, 0x30,
    0x0, 0xe3, 0x0, 0xe3, 0x1f, 0x52, 0x3f, 0x20,
    0x0, 0xe3, 0x0, 0xe3, 0xe, 0x40, 0x2f, 0x0,
    0x0, 0xee, 0xdd, 0xf3, 0xc, 0x50, 0x4e, 0x0,
    0x0, 0xe4, 0x11, 0xe3, 0xb, 0x60, 0x7c, 0x0,
    0x0, 0xe3, 0x0, 0xe3, 0x9, 0x90, 0xb8, 0x0,
    0x0, 0xe7, 0x44, 0xe3, 0x5, 0xc0, 0xf4, 0x0,
    0x0, 0xec, 0xbb, 0xf3, 0x1, 0xf7, 0xe0, 0x0,
    0x0, 0xe3, 0x0, 0xe3, 0x0, 0xbf, 0x70, 0x0,
    0x0, 0xe3, 0x2, 0xec, 0xb0, 0x8f, 0x40, 0x0,
    0x4, 0xfc, 0xed, 0xf7, 0x12, 0xfc, 0xd1, 0x0,
    0x1f, 0xb6, 0x10, 0xe3, 0x2d, 0xa0, 0xbe, 0x40,
    0x1, 0x0, 0x0, 0xe4, 0xec, 0x0, 0xc, 0xe1,
    0x0, 0x0, 0x0, 0xf4, 0x20, 0x0, 0x0, 0x20,

    /* U+53F7 "号" */
    0x0, 0x7, 0xff, 0xff, 0xff, 0xff, 0x80, 0x0,
    0x0, 0x7, 0xc0, 0x0, 0x0, 0xb, 0x80, 0x0,
    0x0, 0x7, 0xc0, 0x0, 0x0, 0xb, 0x80, 0x0,
    0x0, 0x7, 0xff, 0xff, 0xff, 0xff, 0x80, 0x0,
    0x0, 0x0, 0x0, 0x0, 0x0, 0x0, 0x0, 0x0,
    0xd, 0xcc, 0xcc, 0xcc, 0xcc, 0xcc, 0xcc, 0xd0,
    0x4, 0x33, 0x6f, 0x33, 0x33, 0x33, 0x33, 0x40,
    0x0, 0x0, 0x8c, 0x0, 0x0, 0x0, 0x0, 0x0,
    0x0, 0x0, 0xce, 0xdd, 0xdd, 0xdd, 0xb0, 0x0,
    0x0, 0x0, 0x33, 0x33, 0x33, 0x3b, 0xb0, 0x0,
    0x0, 0x0, 0x0, 0x0, 0x0, 0xb, 0x90, 0x0,
    0x0, 0x0, 0x0, 0x0, 0x0, 0xe, 0x70, 0x0,
    0x0, 0x0, 0x0, 0x2, 0x55, 0x8f, 0x30, 0x0,
    0x0, 0x0, 0x0, 0x2, 0xff, 0xc7, 0x0, 0x0,
    0x0, 0x0, 0x0, 0x0, 0x0, 0x0, 0x0, 0x0,

    /* U+540E "后" */
    0x0, 0x0, 0x0, 0x0, 0x0, 0x1, 0x42, 0x0,
    0x1, 0x44, 0x57, 0x8a, 0xce, 0xff, 0xb0, 0x0,
    0x5f, 0xcb, 0xa9, 0x75, 0x42, 0x0, 0x0, 0x5,
    0xf0, 0x0, 0x0, 0x0, 0x0, 0x0, 0x0, 0x5f,
    0x33, 0x33, 0x33, 0x33, 0x34, 0x40, 0x5, 0xfe,
    0xee, 0xee, 0xee, 0xee, 0xee, 0x0, 0x6e, 0x0,
    0x0, 0x0, 0x0, 0x0, 0x0, 0x7, 0xc0, 0x22,
    0x22, 0x22, 0x22, 0x20, 0x0, 0x9b, 0xe, 0xee,
    0xee, 0xee, 0xfe, 0x0, 0xc, 0x80, 0xe5, 0x0,
    0x0, 0x5, 0xd0, 0x0, 0xf4, 0xe, 0x50, 0x0,
    0x0, 0x5d, 0x0, 0x6f, 0x0, 0xe5, 0x0, 0x0,
    0x5, 0xd0, 0x1e, 0x90, 0xe, 0xff, 0xff, 0xff,
    0xfd, 0x1, 0x61, 0x0, 0xe5, 0x0, 0x0, 0x5,
    0xe0, 0x0, 0x0, 0x1, 0x0, 0x0, 0x0, 0x0,
    0x0,

    /* U+542F "启" */
    0x0, 0x0, 0x0, 0x0, 0x10, 0x0, 0x0, 0x0,
    0x0, 0x0, 0x8, 0xd0, 0x0, 0x0, 0x0, 0x0,
    0x0, 0x3, 0xf6, 0x0, 0x0, 0x0, 0xe, 0xff,
    0xff, 0xff, 0xff, 0xf6, 0x0, 0xe, 0x30, 0x0,
    0x0, 0x0, 0xe6, 0x0, 0xe, 0x30, 0x0, 0x0,
    0x0, 0xe6, 0x0, 0xe, 0x64, 0x44, 0x44, 0x44,
    0xf6, 0x0, 0xf, 0xdc, 0xcc, 0xcc, 0xcc, 0xc5,
    0x0, 0xf, 0x10, 0x0, 0x0, 0x0, 0x0, 0x0,
    0x4f, 0x6d, 0xdd, 0xdd, 0xdd, 0xd8, 0x0, 0x7e,
    0x6e, 0x22, 0x22, 0x22, 0xc9, 0x0, 0xba, 0x6e,
    0x0, 0x0, 0x0, 0xb9, 0x1, 0xf6, 0x6e, 0x0,
    0x0, 0x0, 0xb9, 0x9, 0xf0, 0x6f, 0xff, 0xff,
    0xff, 0xf9, 0x2f, 0x80, 0x6e, 0x11, 0x11, 0x11,
    0xc9, 0x5, 0x10, 0x6d, 0x0, 0x0, 0x0, 0xb9,

    /* U+56DE "回" */
    0x3f, 0xff, 0xff, 0xff, 0xff, 0xff, 0xf1, 0x3f,
    0x11, 0x11, 0x11, 0x11, 0x12, 0xf1, 0x3f, 0x0,
    0x0, 0x0, 0x0, 0x2, 0xf1, 0x3f, 0x0, 0xef,
    0xff, 0xfe, 0x2, 0xf1, 0x3f, 0x0, 0xe4, 0x0,
    0x4e, 0x2, 0xf1, 0x3f, 0x0, 0xe4, 0x0, 0x4e,
    0x2, 0xf1, 0x3f, 0x0, 0xe4, 0x0, 0x4e, 0x2,
    0xf1, 0x3f, 0x0, 0xed, 0xcc, 0xdf, 0x2, 0xf1,
    0x3f, 0x0, 0x44, 0x44, 0x44, 0x2, 0xf1, 0x3f,
    0x0, 0x0, 0x0, 0x0, 0x2, 0xf1, 0x3f, 0x0,
    0x0, 0x0, 0x0, 0x2, 0xf1, 0x3f, 0xff, 0xff,
    0xff, 0xff, 0xff, 0xf1, 0x3f, 0x0, 0x0, 0x0,
    0x0, 0x2, 0xf1, 0x0, 0x0, 0x0, 0x0, 0x0,
    0x0, 0x10,

    /* U+5883 "境" */
    0x0, 0x0, 0x0, 0x0, 0x8, 0x40, 0x0, 0x0,
    0x0, 0xe3, 0x9, 0xee, 0xef, 0xfe, 0xef, 0x10,
    0x0, 0xd3, 0x0, 0x8, 0x30, 0x3c, 0x11, 0x0,
    0x0, 0xd3, 0x0, 0x9, 0x80, 0x7c, 0x0, 0x0,
    0x5e, 0xfe, 0x8d, 0xee, 0xee, 0xff, 0xee, 0xb0,
    0x13, 0xd5, 0x23, 0x22, 0x22, 0x22, 0x22, 0x20,
    0x0, 0xd3, 0x4, 0xfe, 0xee, 0xee, 0xf7, 0x0,
    0x0, 0xd3, 0x4, 0xf0, 0x0, 0x0, 0x97, 0x0,
    0x0, 0xd3, 0x3, 0xfe, 0xee, 0xee, 0xf7, 0x0,
    0x0, 0xd3, 0x34, 0xf1, 0x11, 0x11, 0xa7, 0x0,
    0x3, 0xee, 0xd3, 0xcd, 0xfc, 0xfd, 0xc6, 0x0,
    0x5c, 0x61, 0x0, 0xc, 0x70, 0xf3, 0x0, 0x0,
    0x0, 0x0, 0x26, 0xcb, 0x0, 0xf5, 0x17, 0xd0,
    0x0, 0x3, 0xfd, 0x60, 0x0, 0xbf, 0xff, 0x80,
    0x0, 0x0, 0x10, 0x0, 0x0, 0x0, 0x0, 0x0,

    /* U+589E "增" */
    0x0, 0x0, 0x0, 0x3, 0x50, 0x0, 0x81, 0x0,
    0x2, 0xf1, 0x0, 0x4f, 0x30, 0x4e, 0x20, 0x0,
    0x2f, 0x10, 0xbc, 0xdc, 0xce, 0xec, 0xa0, 0x2,
    0xf1, 0xd, 0x51, 0x2f, 0x22, 0x6d, 0x14, 0x5f,
    0x43, 0xd8, 0xb1, 0xf2, 0xe8, 0xd4, 0xdd, 0xfc,
    0xad, 0x6f, 0x4f, 0x8d, 0x5d, 0x0, 0x2f, 0x10,
    0xe4, 0x31, 0xf2, 0x35, 0xd0, 0x2, 0xf1, 0xb,
    0xdd, 0xdd, 0xdd, 0xdb, 0x0, 0x2f, 0x10, 0x2,
    0x22, 0x22, 0x22, 0x0, 0x2, 0xf1, 0x3, 0xfd,
    0xdd, 0xdd, 0xf4, 0x0, 0x2f, 0x9d, 0x3f, 0x0,
    0x0, 0xe, 0x43, 0xbf, 0xd8, 0x32, 0xff, 0xff,
    0xff, 0xf4, 0x19, 0x30, 0x0, 0x2f, 0x0, 0x0,
    0xe, 0x40, 0x0, 0x0, 0x2, 0xff, 0xff, 0xff,
    0xf4, 0x0, 0x0, 0x0, 0x3f, 0x0, 0x0, 0xe,
    0x40,

    /* U+5907 "备" */
    0x0, 0x0, 0x0, 0x0, 0x0, 0x0, 0x0, 0x0,
    0x0, 0x0, 0xc4, 0x0, 0x0, 0x0, 0x0, 0x0,
    0x0, 0x7e, 0x32, 0x22, 0x22, 0x0, 0x0, 0x0,
    0x3f, 0xbb, 0xbb, 0xbe, 0xd0, 0x0, 0x0, 0x3e,
    0xea, 0x0, 0x4, 0xf3, 0x0, 0x0, 0x1e, 0x80,
    0xbc, 0x15, 0xe5, 0x0, 0x0, 0x0, 0x10, 0x0,
    0xbf, 0xf4, 0x0, 0x0, 0x0, 0x1, 0x37, 0xce,
    0x9d, 0xea, 0x64, 0x32, 0x4e, 0xfd, 0x95, 0x0,
    0x3, 0x7a, 0xdf, 0x90, 0x41, 0xef, 0xff, 0xff,
    0xff, 0xf3, 0x0, 0x0, 0xd, 0x40, 0xe, 0x30,
    0xf, 0x30, 0x0, 0x0, 0xde, 0xdd, 0xfe, 0xdd,
    0xf3, 0x0, 0x0, 0xd, 0x51, 0x1e, 0x41, 0x1f,
    0x30, 0x0, 0x0, 0xd5, 0x0, 0xe3, 0x0, 0xf3,
    0x0, 0x0, 0xd, 0xff, 0xff, 0xff, 0xff, 0x30,
    0x0, 0x0, 0xe4, 0x0, 0x0, 0x0, 0xf3, 0x0,

    /* U+5927 "大" */
    0x0, 0x0, 0x0, 0x8, 0x60, 0x0, 0x0, 0x0,
    0x0, 0x0, 0x0, 0xc, 0xa0, 0x0, 0x0, 0x0,
    0x0, 0x0, 0x0, 0xb, 0x90, 0x0, 0x0, 0x0,
    0x0, 0x0, 0x0, 0xb, 0x80, 0x0, 0x0, 0x0,
    0x4, 0x54, 0x44, 0x4d, 0xa4, 0x44, 0x55, 0x50,
    0x9, 0xee, 0xee, 0xef, 0xfe, 0xee, 0xee, 0xc0,
    0x0, 0x0, 0x0, 0xf, 0xb0, 0x0, 0x0, 0x0,
    0x0, 0x0, 0x0, 0x3f, 0xf2, 0x0, 0x0, 0x0,
    0x0, 0x0, 0x0, 0xaa, 0x9b, 0x0, 0x0, 0x0,
    0x0, 0x0, 0x4, 0xf2, 0x1f, 0x60, 0x0, 0x0,
    0x0, 0x0, 0x2e, 0x80, 0x6, 0xf3, 0x0, 0x0,
    0x0, 0x3, 0xec, 0x0, 0x0, 0x9f, 0x40, 0x0,
    0x1, 0x9f, 0xb0, 0x0, 0x0, 0xa, 0xf8, 0x0,
    0x2f, 0xf7, 0x0, 0x0, 0x0, 0x0, 0x8f, 0xb0,
    0x5, 0x20, 0x0, 0x0, 0x0, 0x0, 0x3, 0x20,

    /* U+5B58 "存" */
    0x0, 0x0, 0x0, 0x0, 0x0, 0x0, 0x0, 0x0,
    0x0, 0x0, 0x0, 0x6f, 0x20, 0x0, 0x0, 0x0,
    0x0, 0x0, 0x0, 0xca, 0x0, 0x0, 0x0, 0x0,
    0x1, 0xff, 0xff, 0xff, 0xff, 0xff, 0xff, 0xb0,
    0x0, 0x22, 0x1b, 0xa1, 0x11, 0x11, 0x12, 0x10,
    0x0, 0x1, 0x7f, 0x20, 0x0, 0x0, 0x0, 0x0,
    0x0, 0x5, 0xf7, 0x4f, 0xff, 0xff, 0xff, 0x40,
    0x0, 0xd, 0xd0, 0x2, 0x11, 0x16, 0xfb, 0x10,
    0x0, 0xbf, 0xb0, 0x0, 0x0, 0xae, 0x50, 0x0,
    0xa, 0xe7, 0xb1, 0x22, 0x22, 0xf6, 0x22, 0x20,
    0x3, 0x35, 0xb5, 0xff, 0xff, 0xff, 0xff, 0xf2,
    0x0, 0x5, 0xb0, 0x0, 0x0, 0xe5, 0x0, 0x0,
    0x0, 0x5, 0xb0, 0x0, 0x0, 0xe5, 0x0, 0x0,
    0x0, 0x5, 0xb0, 0x0, 0x0, 0xe5, 0x0, 0x0,
    0x0, 0x5, 0xc0, 0x0, 0x36, 0xf4, 0x0, 0x0,
    0x0, 0x0, 0x0, 0x0, 0x6d, 0x90, 0x0, 0x0,

    /* U+5B9A "定" */
    0x0, 0x0, 0x0, 0x4, 0x0, 0x0, 0x0, 0x0,
    0x0, 0x0, 0x0, 0x1f, 0x70, 0x0, 0x0, 0x0,
    0x0, 0x0, 0x0, 0x7, 0x90, 0x0, 0x0, 0x0,
    0x3, 0xee, 0xee, 0xee, 0xee, 0xee, 0xee, 0x50,
    0x3, 0xf2, 0x11, 0x11, 0x11, 0x11, 0x1f, 0x50,
    0x2, 0x90, 0x0, 0x0, 0x0, 0x0, 0x8, 0x30,
    0x0, 0x7, 0xff, 0xff, 0xff, 0xff, 0xf0, 0x0,
    0x0, 0x1, 0x21, 0x16, 0xe1, 0x11, 0x20, 0x0,
    0x0, 0x1, 0x30, 0x5, 0xe0, 0x0, 0x0, 0x0,
    0x0, 0x5, 0xf2, 0x5, 0xe2, 0x22, 0x31, 0x0,
    0x0, 0xb, 0xb0, 0x5, 0xfe, 0xee, 0xe7, 0x0,
    0x0, 0x2f, 0xb0, 0x5, 0xe0, 0x0, 0x0, 0x0,
    0x0, 0xbd, 0xbb, 0x15, 0xe0, 0x0, 0x0, 0x0,
    0x8, 0xf3, 0x9, 0xfc, 0xf4, 0x32, 0x34, 0x50,
    0x3f, 0x60, 0x0, 0x39, 0xce, 0xff, 0xff, 0xb0,
    0x1, 0x0, 0x0, 0x0, 0x0, 0x0, 0x0, 0x0,

    /* U+5C0F "小" */
    0x0, 0x0, 0x0, 0x6f, 0x0, 0x0, 0x0, 0x0,
    0x0, 0x0, 0x5e, 0x0, 0x0, 0x0, 0x0, 0x0,
    0x0, 0x5e, 0x0, 0x0, 0x0, 0x0, 0x0, 0x0,
    0x5e, 0x0, 0x0, 0x0, 0x0, 0x2d, 0x30, 0x5e,
    0x0, 0xd3, 0x0, 0x0, 0x7f, 0x0, 0x5e, 0x0,
    0xbc, 0x0, 0x0, 0xca, 0x0, 0x5e, 0x0, 0x3f,
    0x50, 0x2, 0xf4, 0x0, 0x5e, 0x0, 0xa, 0xd0,
    0x9, 0xe0, 0x0, 0x5e, 0x0, 0x3, 0xf4, 0x1f,
    0x70, 0x0, 0x5e, 0x0, 0x0, 0xcb, 0x3c, 0x10,
    0x0, 0x5e, 0x0, 0x0, 0x32, 0x0, 0x0, 0x0,
    0x5e, 0x0, 0x0, 0x0, 0x0, 0x0, 0x1, 0x7e,
    0x0, 0x0, 0x0, 0x0, 0x0, 0x2f, 0xf9, 0x0,
    0x0, 0x0, 0x0, 0x0, 0x4, 0x20, 0x0, 0x0,
    0x0,

    /* U+5DF2 "已" */
    0x0, 0x0, 0x0, 0x0, 0x0, 0x0, 0x0, 0x7f,
    0xff, 0xff, 0xff, 0xff, 0xff, 0x0, 0x13, 0x22,
    0x22, 0x22, 0x22, 0x6f, 0x0, 0x0, 0x0, 0x0,
    0x0, 0x0, 0x4f, 0x0, 0xa, 0x60, 0x0, 0x0,
    0x0, 0x4f, 0x0, 0xe, 0x80, 0x0, 0x0, 0x0,
    0x4f, 0x0, 0xd, 0xff, 0xff, 0xff, 0xff, 0xff,
    0x0, 0xd, 0x81, 0x11, 0x11, 0x11, 0x5f, 0x10,
    0xd, 0x70, 0x0, 0x0, 0x0, 0x1, 0x0, 0xd,
    0x70, 0x0, 0x0, 0x0, 0x0, 0x0, 0xd, 0x70,
    0x0, 0x0, 0x0, 0x0, 0x62, 0xd, 0x70, 0x0,
    0x0, 0x0, 0x0, 0xeb, 0xc, 0xd4, 0x44, 0x44,
    0x44, 0x48, 0xf6, 0x4, 0xde, 0xff, 0xff, 0xff,
    0xfe, 0xa0,

    /* U+5E38 "常" */
    0x0, 0x70, 0x0, 0xe5, 0x0, 0x72, 0x0, 0x0,
    0xd8, 0x0, 0xe5, 0x2, 0xf3, 0x0, 0x0, 0x5a,
    0x0, 0xd5, 0xa, 0xa0, 0x0, 0xff, 0xff, 0xff,
    0xff, 0xff, 0xff, 0xf5, 0xe4, 0x0, 0x0, 0x0,
    0x0, 0x0, 0xe5, 0xe4, 0xef, 0xff, 0xff, 0xff,
    0xf3, 0xc4, 0x0, 0xe4, 0x0, 0x0, 0x0, 0xe3,
    0x0, 0x0, 0xee, 0xee, 0xee, 0xee, 0xf3, 0x0,
    0x0, 0x11, 0x11, 0xd6, 0x11, 0x10, 0x0, 0x4,
    0x44, 0x44, 0xe8, 0x44, 0x44, 0x10, 0xe, 0xbb,
    0xbb, 0xfc, 0xbb, 0xbe, 0x60, 0xe, 0x10, 0x0,
    0xd5, 0x0, 0xa, 0x60, 0xe, 0x10, 0x0, 0xd5,
    0x1, 0x2c, 0x50, 0xc, 0x10, 0x0, 0xe5, 0x9,
    0xfc, 0x10, 0x0, 0x0, 0x0, 0xe5, 0x0, 0x0,
    0x0,

    /* U+5EA6 "度" */
    0x0, 0x0, 0x0, 0x4, 0xb0, 0x0, 0x0, 0x0,
    0x0, 0x11, 0x11, 0x14, 0xf5, 0x11, 0x12, 0x0,
    0x0, 0xcf, 0xee, 0xee, 0xee, 0xee, 0xee, 0x30,
    0x0, 0xc6, 0x0, 0x84, 0x0, 0x3a, 0x0, 0x0,
    0x0, 0xc6, 0x10, 0xd6, 0x0, 0x4f, 0x1, 0x0,
    0x0, 0xc6, 0xee, 0xfe, 0xee, 0xef, 0xee, 0x40,
    0x0, 0xc6, 0x0, 0xd6, 0x0, 0x4f, 0x0, 0x0,
    0x0, 0xd5, 0x0, 0xdd, 0xbb, 0xcf, 0x0, 0x0,
    0x0, 0xe4, 0x1, 0x44, 0x44, 0x44, 0x0, 0x0,
    0x0, 0xf2, 0x9e, 0xfe, 0xee, 0xef, 0x90, 0x0,
    0x2, 0xf0, 0x0, 0x9a, 0x0, 0x6e, 0x0, 0x0,
    0x6, 0xd0, 0x0, 0xd, 0x85, 0xe3, 0x0, 0x0,
    0xb, 0x80, 0x0, 0x4, 0xff, 0x70, 0x0, 0x0,
    0x2f, 0x24, 0x69, 0xdd, 0x88, 0xdf, 0xcb, 0x90,
    0x3, 0x4, 0xa6, 0x30, 0x0, 0x2, 0x58, 0x70,

    /* U+5F00 "开" */
    0x0, 0x0, 0x0, 0x0, 0x0, 0x0, 0x0, 0x0,
    0x0, 0xef, 0xff, 0xff, 0xff, 0xff, 0xff, 0x60,
    0x0, 0x22, 0x27, 0xe2, 0x22, 0xf7, 0x22, 0x10,
    0x0, 0x0, 0x6, 0xe0, 0x0, 0xf5, 0x0, 0x0,
    0x0, 0x0, 0x6, 0xe0, 0x0, 0xf5, 0x0, 0x0,
    0x0, 0x0, 0x6, 0xe0, 0x0, 0xf5, 0x0, 0x0,
    0x5, 0x44, 0x48, 0xf4, 0x44, 0xf8, 0x44, 0x51,
    0xe, 0xdd, 0xce, 0xfc, 0xcc, 0xfd, 0xcd, 0xd3,
    0x0, 0x0, 0x9, 0xb0, 0x0, 0xf5, 0x0, 0x0,
    0x0, 0x0, 0xe, 0x70, 0x0, 0xf5, 0x0, 0x0,
    0x0, 0x0, 0x7f, 0x20, 0x0, 0xf5, 0x0, 0x0,
    0x0, 0x4, 0xf8, 0x0, 0x0, 0xf5, 0x0, 0x0,
    0x1, 0x8f, 0xa0, 0x0, 0x0, 0xf6, 0x0, 0x0,
    0x2, 0xb8, 0x0, 0x0, 0x0, 0xf6, 0x0, 0x0,

    /* U+5F02 "异" */
    0x0, 0x2f, 0xff, 0xff, 0xff, 0xff, 0xc0, 0x0,
    0x0, 0x2f, 0x20, 0x0, 0x0, 0x7, 0xb0, 0x0,
    0x0, 0x2f, 0xff, 0xff, 0xff, 0xff, 0xc0, 0x0,
    0x0, 0x2f, 0x20, 0x0, 0x0, 0x0, 0x4, 0x0,
    0x0, 0x1f, 0x51, 0x11, 0x11, 0x11, 0x1f, 0x50,
    0x0, 0xb, 0xef, 0xff, 0xff, 0xff, 0xeb, 0x0,
    0x0, 0x0, 0x6, 0x20, 0x0, 0x63, 0x0, 0x0,
    0x0, 0x0, 0xf, 0x50, 0x0, 0xe6, 0x0, 0x0,
    0x1f, 0xff, 0xff, 0xff, 0xff, 0xff, 0xff, 0xf0,
    0x2, 0x11, 0x5f, 0x21, 0x11, 0xd7, 0x12, 0x20,
    0x0, 0x0, 0xc9, 0x0, 0x0, 0xd6, 0x0, 0x0,
    0x2, 0x6d, 0xc0, 0x0, 0x0, 0xd6, 0x0, 0x0,
    0x6, 0xe6, 0x0, 0x0, 0x0, 0xe7, 0x0, 0x0,
    0x0, 0x0, 0x0, 0x0, 0x0, 0x0, 0x0, 0x0,

    /* U+5F0F "式" */
    0x0, 0x0, 0x0, 0x0, 0x10, 0x0, 0x0, 0x0,
    0x0, 0x0, 0x0, 0x1, 0xf7, 0x18, 0x0, 0x0,
    0x0, 0x0, 0x0, 0x0, 0xf6, 0x2e, 0xb0, 0x0,
    0x0, 0x0, 0x0, 0x0, 0xf7, 0x3, 0x80, 0x0,
    0x4f, 0xff, 0xff, 0xff, 0xff, 0xff, 0xff, 0x60,
    0x13, 0x22, 0x22, 0x22, 0xca, 0x22, 0x23, 0x10,
    0x0, 0x0, 0x0, 0x0, 0x9b, 0x0, 0x0, 0x0,
    0x1, 0x33, 0x33, 0x33, 0x6e, 0x0, 0x0, 0x0,
    0x6, 0xdd, 0xfe, 0xea, 0x3f, 0x10, 0x0, 0x0,
    0x0, 0x0, 0xe5, 0x0, 0xe, 0x60, 0x0, 0x0,
    0x0, 0x0, 0xe5, 0x0, 0xa, 0xb0, 0x0, 0x0,
    0x0, 0x0, 0xe5, 0x0, 0x5, 0xf2, 0x0, 0x0,
    0x0, 0x0, 0xe8, 0x8c, 0x40, 0xda, 0x6, 0xa1,
    0x6, 0x9c, 0xfc, 0x85, 0x10, 0x4f, 0x78, 0xf0,
    0xb, 0xc6, 0x10, 0x0, 0x0, 0x7, 0xff, 0xb0,
    0x0, 0x0, 0x0, 0x0, 0x0, 0x0, 0x38, 0x20,

    /* U+5F53 "当" */
    0x0, 0x0, 0x0, 0x7f, 0x0, 0x0, 0x0, 0x5,
    0xd1, 0x0, 0x6e, 0x0, 0x6, 0xe1, 0x2, 0xfb,
    0x0, 0x6e, 0x0, 0x1e, 0xb0, 0x0, 0x6f, 0x60,
    0x6e, 0x0, 0xcd, 0x10, 0x0, 0xa, 0x40, 0x6e,
    0x1, 0xc3, 0x0, 0x3, 0x32, 0x22, 0x7e, 0x22,
    0x22, 0x20, 0xf, 0xee, 0xee, 0xee, 0xee, 0xee,
    0xf2, 0x0, 0x0, 0x0, 0x0, 0x0, 0x3, 0xf1,
    0x1, 0x22, 0x22, 0x22, 0x22, 0x24, 0xf1, 0xa,
    0xff, 0xff, 0xff, 0xff, 0xff, 0xf1, 0x0, 0x0,
    0x0, 0x0, 0x0, 0x3, 0xf1, 0x0, 0x0, 0x0,
    0x0, 0x0, 0x3, 0xf1, 0x3f, 0xff, 0xff, 0xff,
    0xff, 0xff, 0xf1, 0x2, 0x21, 0x11, 0x11, 0x11,
    0x14, 0xf1, 0x0, 0x0, 0x0, 0x0, 0x0, 0x3,
    0xf2,

    /* U+5F85 "待" */
    0x0, 0x0, 0xc3, 0x0, 0xc, 0x70, 0x0, 0x0,
    0x0, 0xa, 0xb0, 0x0, 0xc, 0x60, 0x0, 0x0,
    0x0, 0x9d, 0x10, 0xce, 0xef, 0xfe, 0xfb, 0x0,
    0xa, 0xe1, 0x42, 0x12, 0x1c, 0x71, 0x11, 0x0,
    0x6, 0x20, 0xe8, 0x0, 0xc, 0x60, 0x0, 0x0,
    0x0, 0xa, 0xd7, 0xed, 0xdf, 0xed, 0xdd, 0xd5,
    0x0, 0x5f, 0x51, 0x33, 0x22, 0x26, 0xe2, 0x31,
    0x3, 0xff, 0x50, 0x0, 0x0, 0x4, 0xe0, 0x0,
    0x2f, 0x7e, 0x59, 0xff, 0xff, 0xff, 0xff, 0xf2,
    0x5, 0xe, 0x51, 0x25, 0x11, 0x15, 0xe1, 0x20,
    0x0, 0xe, 0x50, 0x2f, 0x60, 0x4, 0xe0, 0x0,
    0x0, 0xe, 0x50, 0xa, 0xf1, 0x4, 0xe0, 0x0,
    0x0, 0xe, 0x50, 0x1, 0x70, 0x5, 0xe0, 0x0,
    0x0, 0xe, 0x50, 0x0, 0x2, 0xcf, 0xc0, 0x0,
    0x0, 0xe, 0x50, 0x0, 0x0, 0xb8, 0x10, 0x0,

    /* U+6001 "态" */
    0x0, 0x0, 0x0, 0x1, 0x0, 0x0, 0x0, 0x0,
    0x0, 0x0, 0x0, 0x5f, 0x20, 0x0, 0x0, 0x0,
    0x0, 0x0, 0x0, 0x8d, 0x0, 0x0, 0x0, 0x0,
    0xe, 0xff, 0xff, 0xff, 0xff, 0xff, 0xff, 0x80,
    0x3, 0x32, 0x26, 0xf4, 0x4f, 0x42, 0x23, 0x10,
    0x0, 0x0, 0xc, 0xa0, 0xa, 0xa0, 0x0, 0x0,
    0x0, 0x0, 0xbd, 0x82, 0x1, 0xe9, 0x0, 0x0,
    0x0, 0x3d, 0xd2, 0xaf, 0x30, 0x2e, 0xc5, 0x0,
    0xb, 0xfa, 0x10, 0x9, 0x30, 0x1, 0x9f, 0xb0,
    0x5, 0x50, 0x0, 0x1, 0x40, 0x0, 0x1, 0x10,
    0x0, 0x71, 0x19, 0x26, 0xe0, 0x0, 0xb4, 0x0,
    0x2, 0xf4, 0x2f, 0x30, 0xd4, 0x0, 0x8e, 0x10,
    0x7, 0xd0, 0x1f, 0x30, 0x0, 0x18, 0x1d, 0xb0,
    0xe, 0x70, 0x1f, 0x73, 0x33, 0x9f, 0x23, 0x60,
    0x6, 0x10, 0xb, 0xef, 0xff, 0xe7, 0x0, 0x0,

    /* U+6247 "扇" */
    0x0, 0x0, 0x0, 0x4, 0xb0, 0x0, 0x0, 0x0,
    0x2, 0x33, 0x33, 0x6f, 0x73, 0x33, 0x31, 0x0,
    0xce, 0xcc, 0xcc, 0xcc, 0xcc, 0xcf, 0x40, 0xc,
    0x70, 0x0, 0x0, 0x0, 0x0, 0xf3, 0x0, 0xce,
    0xdd, 0xdd, 0xdd, 0xdd, 0xdf, 0x40, 0xc, 0x70,
    0x0, 0x0, 0x0, 0x0, 0x0, 0x0, 0xc7, 0x8f,
    0xff, 0xe1, 0xff, 0xff, 0x90, 0xd, 0x60, 0x10,
    0x4e, 0x1, 0x0, 0xc9, 0x0, 0xf5, 0x4e, 0x24,
    0xe0, 0x9a, 0xc, 0x80, 0x1f, 0x30, 0x82, 0x7e,
    0x1, 0x75, 0xf8, 0x5, 0xf0, 0x4, 0xcf, 0xe0,
    0x1a, 0xee, 0x80, 0xac, 0x4c, 0xf7, 0x4e, 0x4f,
    0xb1, 0xc8, 0x1f, 0x81, 0xa2, 0x5, 0xe0, 0x50,
    0xc, 0x85, 0xf2, 0x0, 0xc, 0xfb, 0x0, 0x1f,
    0xf4, 0x2, 0x0, 0x0, 0x43, 0x0, 0x0, 0x41,
    0x0,

    /* U+624B "手" */
    0x0, 0x0, 0x0, 0x0, 0x0, 0x0, 0x10, 0x0,
    0x0, 0x23, 0x34, 0x56, 0x79, 0xbe, 0xf7, 0x0,
    0x0, 0x8e, 0xed, 0xcd, 0xf8, 0x75, 0x42, 0x0,
    0x0, 0x0, 0x0, 0x6, 0xe0, 0x0, 0x0, 0x0,
    0x0, 0x12, 0x22, 0x27, 0xe2, 0x22, 0x22, 0x0,
    0x0, 0x7f, 0xff, 0xff, 0xff, 0xff, 0xfd, 0x0,
    0x0, 0x0, 0x0, 0x6, 0xe0, 0x0, 0x0, 0x0,
    0x0, 0x0, 0x0, 0x6, 0xe0, 0x0, 0x0, 0x0,
    0xf, 0xff, 0xff, 0xff, 0xff, 0xff, 0xff, 0xf4,
    0x2, 0x21, 0x11, 0x17, 0xe1, 0x11, 0x11, 0x20,
    0x0, 0x0, 0x0, 0x6, 0xe0, 0x0, 0x0, 0x0,
    0x0, 0x0, 0x0, 0x6, 0xe0, 0x0, 0x0, 0x0,
    0x0, 0x0, 0x1, 0x3a, 0xe0, 0x0, 0x0, 0x0,
    0x0, 0x0, 0x2, 0xff, 0x80, 0x0, 0x0, 0x0,
    0x0, 0x0, 0x0, 0x31, 0x0, 0x0, 0x0, 0x0,

    /* U+62A5 "报" */
    0x0, 0x4, 0xf0, 0x0, 0x0, 0x0, 0x0, 0x0,
    0x0, 0x3, 0xe0, 0x4, 0xff, 0xff, 0xff, 0x0,
    0x0, 0x3, 0xe0, 0x4, 0xe1, 0x11, 0x4f, 0x0,
    0x4, 0x47, 0xe4, 0x54, 0xe0, 0x0, 0x4e, 0x0,
    0xb, 0xcd, 0xfc, 0xc4, 0xe0, 0x27, 0xcb, 0x0,
    0x0, 0x3, 0xe0, 0x4, 0xe0, 0x19, 0x71, 0x0,
    0x0, 0x3, 0xe1, 0x64, 0xff, 0xff, 0xff, 0x60,
    0x1, 0x5a, 0xfe, 0x94, 0xe8, 0x91, 0x4f, 0x20,
    0x1f, 0xeb, 0xe0, 0x4, 0xe2, 0xe0, 0x6c, 0x0,
    0x2, 0x3, 0xe0, 0x4, 0xe0, 0xc7, 0xd6, 0x0,
    0x0, 0x3, 0xe0, 0x4, 0xe0, 0x3f, 0xd0, 0x0,
    0x0, 0x3, 0xe0, 0x4, 0xe0, 0x3f, 0xf4, 0x0,
    0x0, 0x17, 0xd0, 0x4, 0xe4, 0xe6, 0x6f, 0x91,
    0x0, 0xde, 0x60, 0x4, 0xeb, 0x60, 0x4, 0xe5,
    0x0, 0x0, 0x0, 0x0, 0x0, 0x0, 0x0, 0x0,

    /* U+6301 "持" */
    0x0, 0xd, 0x50, 0x0, 0x6, 0xd0, 0x0, 0x0,
    0x0, 0xf, 0x40, 0x0, 0x5, 0xd0, 0x0, 0x0,
    0x0, 0xe, 0x40, 0x27, 0x69, 0xe6, 0x67, 0x0,
    0x15, 0x5f, 0x86, 0x3a, 0xac, 0xfa, 0xab, 0x0,
    0x3d, 0xcf, 0xdd, 0x10, 0x5, 0xd0, 0x0, 0x0,
    0x0, 0xe, 0x40, 0x43, 0x37, 0xd3, 0x33, 0x31,
    0x0, 0xe, 0x41, 0xcc, 0xcc, 0xcd, 0xfc, 0xd3,
    0x0, 0x2f, 0xea, 0x0, 0x0, 0x6, 0xc0, 0x0,
    0x4e, 0xff, 0x50, 0x9d, 0xdd, 0xde, 0xfd, 0xd0,
    0x19, 0x1e, 0x40, 0x23, 0x22, 0x28, 0xc2, 0x30,
    0x0, 0xe, 0x40, 0x1e, 0x40, 0x6, 0xc0, 0x0,
    0x0, 0xe, 0x40, 0xb, 0xd0, 0x6, 0xc0, 0x0,
    0x0, 0xe, 0x40, 0x3, 0xf2, 0x6, 0xc0, 0x0,
    0x4, 0x8f, 0x30, 0x0, 0x11, 0x5b, 0xb0, 0x0,
    0x6, 0xd7, 0x0, 0x0, 0x0, 0xed, 0x40, 0x0,

    /* U+636E "据" */
    0x0, 0xa, 0x20, 0x0, 0x0, 0x0, 0x0, 0x0,
    0x0, 0xf, 0x30, 0x3f, 0xff, 0xff, 0xff, 0x10,
    0x0, 0xe, 0x30, 0x3d, 0x0, 0x0, 0xf, 0x10,
    0x16, 0x6f, 0x86, 0x4d, 0x0, 0x0, 0xf, 0x10,
    0x29, 0x9f, 0xa9, 0x4f, 0xff, 0xff, 0xff, 0x10,
    0x0, 0xe, 0x30, 0x3d, 0x0, 0x39, 0x0, 0x0,
    0x0, 0xe, 0x5a, 0x4d, 0x0, 0x4d, 0x0, 0x10,
    0x0, 0x3f, 0xe6, 0x4f, 0xff, 0xff, 0xff, 0xf5,
    0x2d, 0xcf, 0x30, 0x5b, 0x0, 0x4c, 0x0, 0x0,
    0x4, 0xe, 0x30, 0x7a, 0xac, 0xdf, 0xcc, 0x20,
    0x0, 0xe, 0x30, 0xb6, 0xc5, 0x11, 0x1e, 0x20,
    0x0, 0xe, 0x30, 0xf2, 0xc4, 0x0, 0xe, 0x20,
    0x0, 0xf, 0x26, 0xb0, 0xc6, 0x22, 0x2e, 0x20,
    0x4, 0xa9, 0xc, 0x30, 0xcd, 0xcc, 0xcf, 0x30,
    0x0, 0x0, 0x0, 0x0, 0x0, 0x0, 0x0, 0x0,

    /* U+63A5 "接" */
    0x0, 0x0, 0x0, 0x0, 0x0, 0x40, 0x0, 0x0,
    0x0, 0x1f, 0x10, 0x0, 0x3, 0xf2, 0x0, 0x0,
    0x0, 0x1f, 0x10, 0x58, 0x88, 0xfb, 0x88, 0x90,
    0x0, 0x1f, 0x10, 0x58, 0x88, 0x88, 0x98, 0x90,
    0x3f, 0xef, 0xe9, 0x1, 0xa0, 0x0, 0xf4, 0x0,
    0x3, 0x3f, 0x32, 0x0, 0xe7, 0x4, 0xf0, 0x0,
    0x0, 0x1f, 0x10, 0x22, 0x86, 0x2a, 0xb2, 0x30,
    0x0, 0x1f, 0x12, 0x9d, 0xdd, 0xdd, 0xdd, 0xd0,
    0x1, 0x5f, 0xe5, 0x0, 0xd, 0x50, 0x0, 0x0,
    0x3f, 0xcf, 0x11, 0xff, 0xff, 0xff, 0xff, 0xf8,
    0x4, 0x1f, 0x10, 0x11, 0xe6, 0x3, 0xf1, 0x0,
    0x0, 0x1f, 0x10, 0x6, 0xf7, 0x1a, 0x80, 0x0,
    0x0, 0x1f, 0x10, 0x0, 0x4b, 0xff, 0x30, 0x0,
    0x1, 0x3f, 0x0, 0x1, 0x5c, 0xda, 0xfa, 0x20,
    0x9, 0xfc, 0x2, 0xdf, 0xd6, 0x0, 0x3c, 0xe1,
    0x2, 0x30, 0x0, 0x42, 0x0, 0x0, 0x0, 0x20,

    /* U+63A7 "控" */
    0x0, 0x0, 0x0, 0x0, 0x0, 0x0, 0x0, 0x0,
    0x0, 0x5f, 0x0, 0x0, 0x9, 0xc0, 0x0, 0x0,
    0x0, 0x4f, 0x0, 0x22, 0x27, 0xf2, 0x22, 0x20,
    0x0, 0x4f, 0x0, 0xff, 0xff, 0xff, 0xff, 0xf1,
    0x2, 0x5f, 0x21, 0xf4, 0x11, 0x11, 0x13, 0xf1,
    0x2d, 0xef, 0xd5, 0xc2, 0x96, 0x5, 0x81, 0xc1,
    0x0, 0x4f, 0x0, 0x7, 0xf4, 0x2, 0xe8, 0x0,
    0x0, 0x4f, 0x1, 0x7f, 0x50, 0x0, 0x3f, 0x60,
    0x0, 0x6f, 0xe4, 0x56, 0x11, 0x11, 0x16, 0x20,
    0x3e, 0xff, 0x20, 0x8f, 0xff, 0xff, 0xff, 0x20,
    0x17, 0x4f, 0x0, 0x0, 0x3, 0xf0, 0x0, 0x0,
    0x0, 0x4f, 0x0, 0x0, 0x3, 0xf0, 0x0, 0x0,
    0x0, 0x4f, 0x0, 0x0, 0x3, 0xf0, 0x0, 0x0,
    0x0, 0x4e, 0x0, 0x21, 0x14, 0xf1, 0x12, 0x31,
    0x7, 0xec, 0x3, 0xee, 0xee, 0xee, 0xee, 0xe4,
    0x3, 0x72, 0x0, 0x0, 0x0, 0x0, 0x0, 0x0,

    /* U+6478 "摸" */
    0x0, 0x1f, 0x10, 0x0, 0xa7, 0xa, 0x70, 0x0,
    0x0, 0x1f, 0x10, 0x10, 0xa7, 0xa, 0x70, 0x10,
    0x0, 0x1f, 0x12, 0xff, 0xff, 0xff, 0xff, 0xf0,
    0x16, 0x6f, 0x64, 0x0, 0xa7, 0xa, 0x70, 0x0,
    0x29, 0x9f, 0x96, 0x6f, 0xee, 0xee, 0xef, 0x40,
    0x0, 0x1f, 0x10, 0x6c, 0x0, 0x0, 0xf, 0x40,
    0x0, 0x1f, 0x54, 0x6f, 0xee, 0xee, 0xef, 0x40,
    0x0, 0x4f, 0xe4, 0x6c, 0x0, 0x0, 0xf, 0x40,
    0x3d, 0xff, 0x10, 0x5e, 0xee, 0xfe, 0xee, 0x40,
    0x9, 0x2f, 0x10, 0x10, 0x7, 0xc0, 0x1, 0x20,
    0x0, 0x1f, 0x19, 0xee, 0xef, 0xfe, 0xee, 0xf1,
    0x0, 0x1f, 0x10, 0x0, 0x2f, 0xbc, 0x0, 0x0,
    0x0, 0x1f, 0x0, 0x4, 0xe8, 0xb, 0xc3, 0x0,
    0xa, 0xfd, 0x7, 0xcf, 0x70, 0x0, 0x8f, 0xf2,
    0x4, 0x71, 0x6, 0x61, 0x0, 0x0, 0x1, 0x50,

    /* U+6570 "数" */
    0x3, 0x50, 0xd6, 0x18, 0x6, 0xa0, 0x0, 0x0,
    0x3e, 0x2d, 0x57, 0xa0, 0x9a, 0x0, 0x0, 0x2,
    0x63, 0xc6, 0x84, 0xd, 0x50, 0x0, 0x0, 0xee,
    0xff, 0xfe, 0xe6, 0xfd, 0xcc, 0xc6, 0x0, 0x2e,
    0xe7, 0x50, 0x7d, 0x33, 0xc8, 0x20, 0x5e, 0x6c,
    0x8e, 0x5c, 0xc0, 0xd, 0x50, 0x2d, 0x41, 0xa4,
    0x48, 0xff, 0x0, 0xe3, 0x0, 0x0, 0x8b, 0x0,
    0x68, 0xd3, 0x1f, 0x0, 0x2f, 0xff, 0xff, 0xfb,
    0x9, 0x84, 0xd0, 0x0, 0x15, 0xd0, 0xc, 0x60,
    0x4e, 0xa8, 0x0, 0x0, 0xdc, 0x56, 0xe0, 0x0,
    0xdf, 0x20, 0x0, 0x1, 0x5b, 0xfe, 0x70, 0x1d,
    0xf4, 0x0, 0x0, 0x6, 0xe6, 0x49, 0x3d, 0x97,
    0xf5, 0x0, 0x9e, 0xb2, 0x0, 0xaf, 0x70, 0x7,
    0xf5, 0x3, 0x20, 0x0, 0x3, 0x10, 0x0, 0x2,
    0x0,

    /* U+65B0 "新" */
    0x0, 0x0, 0xc5, 0x0, 0x0, 0x2, 0x48, 0x90,
    0x3, 0x43, 0xda, 0x44, 0x15, 0xfd, 0xba, 0x91,
    0xc, 0xee, 0xee, 0xee, 0x45, 0xd0, 0x0, 0x0,
    0x0, 0x74, 0x1, 0xb1, 0x5, 0xd0, 0x0, 0x0,
    0x0, 0x6a, 0x7, 0xa0, 0x5, 0xe3, 0x33, 0x31,
    0x2e, 0xdd, 0xdf, 0xed, 0x85, 0xfc, 0xdf, 0xc5,
    0x15, 0x44, 0xd9, 0x44, 0x35, 0xd0, 0x4e, 0x0,
    0x0, 0x0, 0xc6, 0x0, 0x5, 0xc0, 0x4e, 0x0,
    0xe, 0xff, 0xff, 0xff, 0x76, 0xb0, 0x4e, 0x0,
    0x3, 0x53, 0xd7, 0x33, 0x18, 0xa0, 0x4e, 0x0,
    0x0, 0xe8, 0xc6, 0xe3, 0xb, 0x70, 0x4e, 0x0,
    0x8, 0xe1, 0xc6, 0x8d, 0xf, 0x40, 0x4e, 0x0,
    0x3f, 0x30, 0xc6, 0x17, 0x5f, 0x0, 0x4e, 0x0,
    0x4, 0x29, 0xf5, 0x0, 0xd9, 0x0, 0x4f, 0x0,
    0x0, 0xc, 0xa0, 0x3, 0xd2, 0x0, 0x5f, 0x0,
    0x0, 0x0, 0x0, 0x0, 0x0, 0x0, 0x0, 0x0,

    /* U+65E0 "无" */
    0x0, 0x0, 0x0, 0x0, 0x0, 0x0, 0x0, 0x0,
    0x0, 0x5f, 0xff, 0xff, 0xff, 0xff, 0xf4, 0x0,
    0x0, 0x2, 0x21, 0x6e, 0x11, 0x11, 0x20, 0x0,
    0x0, 0x0, 0x0, 0x5e, 0x0, 0x0, 0x0, 0x0,
    0x0, 0x0, 0x0, 0x5e, 0x0, 0x0, 0x0, 0x0,
    0x0, 0x0, 0x0, 0x5d, 0x0, 0x0, 0x0, 0x0,
    0x8, 0xff, 0xff, 0xff, 0xff, 0xff, 0xff, 0xb0,
    0x0, 0x11, 0x11, 0xa9, 0x4e, 0x11, 0x11, 0x10,
    0x0, 0x0, 0x0, 0xe5, 0x4e, 0x0, 0x0, 0x0,
    0x0, 0x0, 0x4, 0xf0, 0x4e, 0x0, 0x0, 0x0,
    0x0, 0x0, 0x1d, 0x80, 0x4e, 0x0, 0x0, 0x0,
    0x0, 0x1, 0xcd, 0x0, 0x4e, 0x0, 0x5, 0xb0,
    0x0, 0x3d, 0xe2, 0x0, 0x3f, 0x42, 0x2a, 0xd0,
    0x9, 0xfc, 0x10, 0x0, 0xb, 0xff, 0xfe, 0x50,
    0x2, 0x60, 0x0, 0x0, 0x0, 0x0, 0x0, 0x0,

    /* U+65F6 "时" */
    0x0, 0x0, 0x0, 0x0, 0x0, 0xf, 0x60, 0x3,
    0x33, 0x33, 0x0, 0x0, 0x0, 0xf5, 0x0, 0xee,
    0xdd, 0xf3, 0x0, 0x0, 0xf, 0x50, 0xe, 0x60,
    0x1f, 0x36, 0x55, 0x55, 0xf9, 0x62, 0xe6, 0x1,
    0xf4, 0xcc, 0xbb, 0xbf, 0xdc, 0x4d, 0x83, 0x4f,
    0x20, 0x0, 0x0, 0xe5, 0x0, 0xde, 0xdd, 0xf2,
    0x6, 0x0, 0xe, 0x50, 0xd, 0x60, 0x1f, 0x22,
    0xf6, 0x0, 0xe5, 0x0, 0xd6, 0x1, 0xf2, 0x8,
    0xe0, 0xe, 0x50, 0xe, 0x71, 0x3f, 0x20, 0x18,
    0x10, 0xe5, 0x0, 0xef, 0xff, 0xf2, 0x0, 0x0,
    0xe, 0x50, 0xe, 0x60, 0x1f, 0x20, 0x0, 0x0,
    0xe5, 0x0, 0xe6, 0x0, 0x30, 0x0, 0x0, 0xf,
    0x50, 0x1, 0x0, 0x0, 0x0, 0x0, 0x8c, 0xf3,
    0x0, 0x0, 0x0, 0x0, 0x0, 0x4, 0x84, 0x0,
    0x0,

    /* U+6682 "暂" */
    0x0, 0xd, 0x20, 0x0, 0x0, 0x25, 0x70, 0x23,
    0x7e, 0x33, 0x42, 0xff, 0xfe, 0xd1, 0x7b, 0xfb,
    0xaa, 0xb2, 0xf3, 0x0, 0x0, 0x8, 0xa1, 0xc0,
    0x1, 0xf8, 0x77, 0x75, 0x2f, 0xed, 0xfd, 0xc2,
    0xf6, 0x9d, 0x64, 0x2, 0x2, 0xf1, 0x25, 0xf0,
    0x5c, 0x0, 0x8b, 0xcd, 0xfe, 0xaa, 0xa0, 0x5c,
    0x0, 0x44, 0x33, 0xf0, 0x2f, 0x30, 0x5d, 0x0,
    0x0, 0x22, 0x62, 0x23, 0x22, 0x34, 0x0, 0x0,
    0xfd, 0xcc, 0xcc, 0xcc, 0xdf, 0x0, 0x0, 0xf5,
    0x11, 0x11, 0x11, 0x5e, 0x0, 0x0, 0xfc, 0xbb,
    0xbb, 0xbb, 0xce, 0x0, 0x0, 0xf4, 0x0, 0x0,
    0x0, 0x4f, 0x0, 0x0, 0xfd, 0xcc, 0xcc, 0xcc,
    0xdf, 0x0,

    /* U+672A "未" */
    0x0, 0x0, 0x0, 0xf, 0x50, 0x0, 0x0, 0x0,
    0x0, 0x0, 0x0, 0xe, 0x50, 0x0, 0x0, 0x0,
    0x0, 0x32, 0x22, 0x2e, 0x62, 0x22, 0x31, 0x0,
    0x0, 0xdd, 0xdd, 0xdf, 0xed, 0xdd, 0xe4, 0x0,
    0x0, 0x0, 0x0, 0xe, 0x50, 0x0, 0x0, 0x0,
    0x0, 0x0, 0x0, 0xe, 0x50, 0x0, 0x0, 0x0,
    0x2f, 0xff, 0xff, 0xff, 0xff, 0xff, 0xff, 0x90,
    0x1, 0x0, 0x5, 0xff, 0xf7, 0x0, 0x1, 0x0,
    0x0, 0x0, 0x1e, 0x7e, 0x8f, 0x40, 0x0, 0x0,
    0x0, 0x2, 0xda, 0xe, 0x57, 0xf4, 0x0, 0x0,
    0x0, 0x4e, 0xb0, 0xe, 0x50, 0x8f, 0x80, 0x0,
    0x19, 0xf9, 0x0, 0xe, 0x50, 0x6, 0xff, 0x90,
    0x1b, 0x50, 0x0, 0xf, 0x50, 0x0, 0x18, 0x60,
    0x0, 0x0, 0x0, 0xf, 0x60, 0x0, 0x0, 0x0,

    /* U+6761 "条" */
    0x0, 0x0, 0x4, 0x0, 0x0, 0x0, 0x0, 0x0,
    0x0, 0x0, 0x4f, 0x30, 0x0, 0x0, 0x0, 0x0,
    0x0, 0x0, 0xdf, 0xff, 0xff, 0xff, 0x70, 0x0,
    0x0, 0x8, 0xfc, 0x11, 0x11, 0xbd, 0x0, 0x0,
    0x0, 0x5f, 0x4d, 0x90, 0x7, 0xf2, 0x0, 0x0,
    0x2, 0xf6, 0x2, 0xea, 0x9f, 0x40, 0x0, 0x0,
    0x0, 0x20, 0x0, 0x7f, 0xf8, 0x0, 0x0, 0x0,
    0x0, 0x1, 0x6c, 0xd5, 0x6e, 0xe9, 0x53, 0x20,
    0x2b, 0xdf, 0xb5, 0xb, 0x50, 0x5a, 0xef, 0xd0,
    0x8, 0x84, 0x33, 0x3e, 0x83, 0x33, 0x43, 0x10,
    0x2, 0xed, 0xdd, 0xdf, 0xed, 0xdd, 0xe9, 0x0,
    0x0, 0x0, 0x20, 0xd, 0x60, 0x0, 0x0, 0x0,
    0x0, 0x3, 0xe6, 0xd, 0x62, 0xf7, 0x0, 0x0,
    0x0, 0x5f, 0x90, 0xd, 0x60, 0x5e, 0xc2, 0x0,
    0x9, 0xe5, 0x3, 0x7f, 0x60, 0x1, 0xbf, 0x10,
    0x2, 0x10, 0x5, 0xfb, 0x10, 0x0, 0x3, 0x0,
    0x0, 0x0, 0x0, 0x0, 0x0, 0x0, 0x0, 0x0,

    /* U+6821 "校" */
    0x0, 0x0, 0x0, 0x0, 0x0, 0x10, 0x0, 0x0,
    0x0, 0xe, 0x50, 0x0, 0x7, 0xd0, 0x0, 0x0,
    0x0, 0xe, 0x50, 0x0, 0x0, 0xc2, 0x0, 0x0,
    0x0, 0xe, 0x50, 0xde, 0xee, 0xee, 0xee, 0xe1,
    0x1d, 0xcf, 0xda, 0x21, 0x11, 0x11, 0x11, 0x20,
    0x4, 0x6f, 0x73, 0x0, 0xd7, 0x2, 0xc3, 0x0,
    0x0, 0x7f, 0x50, 0xb, 0xd1, 0x0, 0x9f, 0x50,
    0x0, 0xdf, 0xb7, 0x7e, 0x20, 0x0, 0x9, 0xa0,
    0x4, 0xee, 0xae, 0x13, 0x90, 0x3, 0xd2, 0x0,
    0xc, 0x8e, 0x57, 0x0, 0xf4, 0xa, 0xc0, 0x0,
    0x4f, 0x2e, 0x50, 0x0, 0x8d, 0x3f, 0x30, 0x0,
    0x4, 0xe, 0x50, 0x0, 0xd, 0xf8, 0x0, 0x0,
    0x0, 0xe, 0x50, 0x0, 0x4e, 0xfa, 0x10, 0x0,
    0x0, 0xe, 0x50, 0x4a, 0xf7, 0x2d, 0xe9, 0x40,
    0x0, 0xe, 0x58, 0xfa, 0x20, 0x0, 0x6d, 0xb0,
    0x0, 0x0, 0x0, 0x10, 0x0, 0x0, 0x0, 0x0,

    /* U+68C0 "检" */
    0x0, 0x0, 0x0, 0x0, 0x0, 0x0, 0x0, 0x0,
    0x0, 0xf, 0x40, 0x0, 0xd, 0x80, 0x0, 0x0,
    0x0, 0xe, 0x30, 0x0, 0x3f, 0xd0, 0x0, 0x0,
    0x0, 0xe, 0x30, 0x0, 0xb9, 0xa9, 0x0, 0x0,
    0xd, 0xcf, 0xdd, 0x26, 0xf1, 0x1e, 0x80, 0x0,
    0x5, 0x6f, 0x75, 0x4f, 0x60, 0x2, 0xec, 0x40,
    0x0, 0x6f, 0x34, 0xfc, 0xff, 0xff, 0x4c, 0xf1,
    0x0, 0xcf, 0x43, 0x90, 0x11, 0x11, 0x0, 0x30,
    0x3, 0xff, 0xe8, 0x3, 0x1d, 0x20, 0x6b, 0x0,
    0xb, 0x8e, 0x7f, 0x9d, 0xd, 0x80, 0xab, 0x0,
    0x5f, 0x1e, 0x32, 0x1f, 0x47, 0xd0, 0xf4, 0x0,
    0x6, 0xe, 0x30, 0xb, 0xa2, 0xd6, 0xe0, 0x0,
    0x0, 0xe, 0x30, 0x5, 0x80, 0xa, 0x80, 0x0,
    0x0, 0xe, 0x32, 0x33, 0x33, 0x4f, 0x53, 0x30,
    0x0, 0xe, 0x36, 0xcc, 0xcc, 0xcc, 0xcc, 0xc0,
    0x0, 0xf, 0x40, 0x0, 0x0, 0x0, 0x0, 0x0,

    /* U+6A21 "模" */
    0x0, 0xf, 0x30, 0x0, 0x98, 0x9, 0x80, 0x0,
    0x0, 0xf, 0x30, 0xbb, 0xed, 0xbe, 0xdb, 0xa0,
    0x0, 0xf, 0x30, 0x22, 0x99, 0x2a, 0x92, 0x20,
    0x6, 0x6f, 0x86, 0x0, 0x33, 0x4, 0x30, 0x0,
    0xa, 0xaf, 0xba, 0x1f, 0xee, 0xee, 0xef, 0x30,
    0x0, 0x4f, 0x30, 0x1f, 0x0, 0x0, 0xd, 0x30,
    0x0, 0xaf, 0x92, 0x1f, 0xee, 0xee, 0xef, 0x30,
    0x2, 0xff, 0x9c, 0x1f, 0x0, 0x0, 0xd, 0x30,
    0xa, 0x9f, 0x3b, 0x3e, 0xee, 0xfe, 0xee, 0x30,
    0x4e, 0x1f, 0x30, 0x0, 0x4, 0xd0, 0x0, 0x0,
    0x1, 0xf, 0x30, 0xee, 0xef, 0xff, 0xee, 0xf0,
    0x0, 0xf, 0x30, 0x0, 0x1e, 0x8e, 0x50, 0x0,
    0x0, 0xf, 0x30, 0x6, 0xe7, 0x3, 0xe9, 0x10,
    0x0, 0xf, 0x34, 0xfb, 0x30, 0x0, 0x1b, 0xf2,
    0x0, 0x0, 0x0, 0x10, 0x0, 0x0, 0x0, 0x0,

    /* U+6B62 "止" */
    0x0, 0x0, 0x0, 0x5, 0xf0, 0x0, 0x0, 0x0,
    0x0, 0x0, 0x0, 0x5f, 0x0, 0x0, 0x0, 0x0,
    0x6, 0x30, 0x4, 0xf0, 0x0, 0x0, 0x0, 0x0,
    0xe7, 0x0, 0x4f, 0x22, 0x22, 0x20, 0x0, 0xd,
    0x70, 0x4, 0xff, 0xff, 0xfd, 0x0, 0x0, 0xd7,
    0x0, 0x4f, 0x0, 0x0, 0x0, 0x0, 0xd, 0x70,
    0x4, 0xf0, 0x0, 0x0, 0x0, 0x0, 0xd7, 0x0,
    0x4f, 0x0, 0x0, 0x0, 0x0, 0xd, 0x70, 0x4,
    0xf0, 0x0, 0x0, 0x0, 0x0, 0xd7, 0x0, 0x4f,
    0x0, 0x0, 0x0, 0x0, 0xd, 0x70, 0x4, 0xf0,
    0x0, 0x0, 0x5, 0xdd, 0xfe, 0xdd, 0xef, 0xdd,
    0xdd, 0xdd, 0x15, 0x44, 0x44, 0x44, 0x44, 0x44,
    0x44, 0x50,

    /* U+6C14 "气" */
    0x0, 0x0, 0xc5, 0x0, 0x0, 0x0, 0x0, 0x0,
    0x0, 0x6, 0xf4, 0x22, 0x22, 0x22, 0x22, 0x0,
    0x0, 0xe, 0xed, 0xdd, 0xdd, 0xdd, 0xdc, 0x0,
    0x0, 0xae, 0x10, 0x0, 0x0, 0x0, 0x0, 0x0,
    0x6, 0xf5, 0xef, 0xff, 0xff, 0xff, 0xb0, 0x0,
    0x7, 0x80, 0x11, 0x0, 0x0, 0x1, 0x10, 0x0,
    0x0, 0x22, 0x22, 0x22, 0x22, 0x22, 0x0, 0x0,
    0x0, 0xcd, 0xdd, 0xdd, 0xdd, 0xdf, 0x50, 0x0,
    0x0, 0x0, 0x0, 0x0, 0x0, 0xf, 0x40, 0x0,
    0x0, 0x0, 0x0, 0x0, 0x0, 0xf, 0x40, 0x0,
    0x0, 0x0, 0x0, 0x0, 0x0, 0xe, 0x60, 0x0,
    0x0, 0x0, 0x0, 0x0, 0x0, 0xc, 0x90, 0x90,
    0x0, 0x0, 0x0, 0x0, 0x0, 0x8, 0xe5, 0xf2,
    0x0, 0x0, 0x0, 0x0, 0x0, 0x1, 0xff, 0xa0,
    0x0, 0x0, 0x0, 0x0, 0x0, 0x0, 0x5a, 0x10,

    /* U+6C27 "氧" */
    0x0, 0x0, 0x10, 0x0, 0x0, 0x0, 0x0, 0x0,
    0x0, 0x2, 0xf5, 0x0, 0x0, 0x0, 0x0, 0x0,
    0x0, 0xd, 0xff, 0xff, 0xff, 0xff, 0xff, 0x20,
    0x0, 0xbd, 0x10, 0x0, 0x0, 0x0, 0x1, 0x0,
    0x1c, 0xc4, 0xed, 0xdd, 0xdd, 0xdd, 0xb0, 0x0,
    0x18, 0x0, 0x11, 0x11, 0x11, 0x11, 0x10, 0x0,
    0x2, 0xff, 0xff, 0xff, 0xff, 0xff, 0xf3, 0x0,
    0x0, 0x21, 0x92, 0x0, 0x73, 0x2, 0xf2, 0x0,
    0x0, 0x0, 0x89, 0x4, 0xe1, 0x2, 0xf1, 0x0,
    0x1, 0xfe, 0xee, 0xee, 0xee, 0xb1, 0xf1, 0x0,
    0x0, 0x0, 0x0, 0xd3, 0x0, 0x1, 0xf2, 0x0,
    0x0, 0xae, 0xdd, 0xfe, 0xde, 0x10, 0xf3, 0x0,
    0x0, 0x0, 0x0, 0xd3, 0x1, 0x0, 0xe6, 0x20,
    0x7, 0xff, 0xff, 0xff, 0xff, 0xf2, 0xab, 0xe5,
    0x0, 0x0, 0x0, 0xe3, 0x0, 0x0, 0x3f, 0xe0,
    0x0, 0x0, 0x0, 0xe4, 0x0, 0x0, 0x4, 0x30,

    /* U+6D4B "测" */
    0x2, 0x30, 0x0, 0x0, 0x0, 0x0, 0x3, 0x90,
    0x7f, 0x72, 0xbb, 0xbb, 0xb0, 0x0, 0x4e, 0x0,
    0x5c, 0x3f, 0x44, 0x5f, 0x9, 0x24, 0xe0, 0x0,
    0x2, 0xe0, 0x52, 0xf0, 0xe3, 0x4e, 0x7, 0x10,
    0x2e, 0x1f, 0x3f, 0xe, 0x34, 0xe0, 0xbe, 0x32,
    0xe0, 0xf2, 0xf0, 0xe3, 0x4e, 0x0, 0xa6, 0x2e,
    0xf, 0x2f, 0xe, 0x34, 0xe0, 0x0, 0x2, 0xe1,
    0xf1, 0xf0, 0xe3, 0x4e, 0x0, 0x1b, 0x3e, 0x3e,
    0x1f, 0x1e, 0x34, 0xe0, 0x7, 0xe2, 0xa6, 0xc0,
    0xa0, 0xe3, 0x4e, 0x0, 0xd7, 0x0, 0xb8, 0x50,
    0xe, 0x34, 0xe0, 0x6e, 0x0, 0x3f, 0x5f, 0x60,
    0x0, 0x4e, 0x1e, 0x80, 0xc, 0xb0, 0x5f, 0x20,
    0x4, 0xe2, 0xc1, 0x9, 0xf2, 0x0, 0xb6, 0xc,
    0xec, 0x0, 0x0, 0x23, 0x0, 0x0, 0x0, 0x65,
    0x10,

    /* U+6D88 "消" */
    0x0, 0x40, 0x0, 0x20, 0x6, 0xf0, 0x1, 0x10,
    0x4, 0xf8, 0x5, 0xf3, 0x6, 0xf0, 0xb, 0xd0,
    0x0, 0x6f, 0x70, 0xcc, 0x6, 0xf0, 0x4f, 0x30,
    0x0, 0x5, 0x0, 0x3b, 0x16, 0xf0, 0x88, 0x0,
    0x1, 0x0, 0x0, 0x22, 0x27, 0xf2, 0x22, 0x10,
    0x2f, 0xa2, 0x0, 0xef, 0xee, 0xee, 0xef, 0x70,
    0x2, 0xab, 0x0, 0xe6, 0x0, 0x0, 0xe, 0x60,
    0x0, 0x0, 0x0, 0xee, 0xdd, 0xdd, 0xdf, 0x60,
    0x0, 0x9, 0x0, 0xe8, 0x44, 0x44, 0x4e, 0x60,
    0x0, 0x3f, 0x20, 0xe6, 0x0, 0x0, 0xe, 0x60,
    0x0, 0x8c, 0x0, 0xef, 0xff, 0xff, 0xff, 0x60,
    0x0, 0xe7, 0x0, 0xe7, 0x11, 0x11, 0x1e, 0x60,
    0x5, 0xf2, 0x0, 0xe6, 0x0, 0x0, 0xe, 0x60,
    0xe, 0xe0, 0x0, 0xe6, 0x0, 0x2, 0x9f, 0x60,
    0x4, 0x80, 0x0, 0xe6, 0x0, 0x0, 0xdc, 0x10,
    0x0, 0x0, 0x0, 0x0, 0x0, 0x0, 0x0, 0x0,

    /* U+6E29 "温" */
    0x0, 0x10, 0x0, 0x0, 0x0, 0x0, 0x0, 0x0,
    0x4, 0xe6, 0x5, 0xff, 0xff, 0xff, 0xf5, 0x0,
    0x0, 0x2c, 0x45, 0xe3, 0x33, 0x33, 0xe5, 0x0,
    0x0, 0x0, 0x5, 0xff, 0xff, 0xff, 0xf5, 0x0,
    0xe, 0x50, 0x5, 0xe1, 0x11, 0x11, 0xd5, 0x0,
    0x5, 0xf6, 0x5, 0xe2, 0x22, 0x22, 0xe5, 0x0,
    0x0, 0x46, 0x5, 0xee, 0xee, 0xee, 0xe4, 0x0,
    0x0, 0x0, 0x0, 0x0, 0x0, 0x0, 0x0, 0x0,
    0x0, 0x6a, 0xf, 0xff, 0xff, 0xff, 0xff, 0x0,
    0x0, 0xa8, 0xf, 0x43, 0xe1, 0xe4, 0x3f, 0x0,
    0x0, 0xf2, 0xf, 0x31, 0xe0, 0xe3, 0x2f, 0x0,
    0x6, 0xd0, 0xf, 0x31, 0xe0, 0xe3, 0x2f, 0x0,
    0xd, 0x90, 0x1f, 0x32, 0xe1, 0xe4, 0x2f, 0x10,
    0x1c, 0x37, 0xff, 0xff, 0xff, 0xff, 0xff, 0xf4,
    0x0, 0x0, 0x0, 0x0, 0x0, 0x0, 0x0, 0x0,

    /* U+6E7F "湿" */
    0x0, 0x10, 0x0, 0x0, 0x0, 0x0, 0x0, 0x0,
    0x7, 0xe3, 0x4, 0xff, 0xff, 0xff, 0xff, 0x20,
    0x0, 0x5e, 0x53, 0xe1, 0x11, 0x11, 0x1f, 0x10,
    0x0, 0x1, 0x3, 0xff, 0xff, 0xff, 0xff, 0x10,
    0x7, 0x0, 0x3, 0xe1, 0x11, 0x11, 0x1f, 0x10,
    0x2e, 0xc2, 0x3, 0xe1, 0x11, 0x11, 0x1f, 0x10,
    0x0, 0xaa, 0x3, 0xff, 0xff, 0xff, 0xff, 0x20,
    0x0, 0x0, 0x0, 0x1, 0x80, 0x28, 0x0, 0x0,
    0x0, 0x36, 0x1d, 0x12, 0xf1, 0x4f, 0x0, 0xd2,
    0x0, 0x8b, 0xc, 0x82, 0xf0, 0x4f, 0x7, 0xd0,
    0x0, 0xd5, 0x6, 0xe2, 0xf0, 0x4e, 0x1f, 0x50,
    0x4, 0xe0, 0x0, 0xd4, 0xf0, 0x4e, 0x8b, 0x0,
    0xb, 0x90, 0x0, 0x2, 0xf0, 0x4e, 0x0, 0x0,
    0x1f, 0x30, 0x7f, 0xff, 0xff, 0xff, 0xff, 0xf2,
    0x1, 0x0, 0x0, 0x0, 0x0, 0x0, 0x0, 0x0,

    /* U+6EDE "滞" */
    0x0, 0x10, 0x0, 0x78, 0xc, 0x60, 0xd2, 0x0,
    0x5, 0xf4, 0x0, 0x9b, 0xc, 0x50, 0xf2, 0x0,
    0x0, 0x6e, 0x5f, 0xff, 0xff, 0xff, 0xff, 0xf3,
    0x0, 0x1, 0x1, 0x9b, 0xc, 0x61, 0xf3, 0x10,
    0x1, 0x0, 0x0, 0x89, 0xc, 0x60, 0xb2, 0x0,
    0x1f, 0x90, 0x13, 0x33, 0x33, 0x33, 0x33, 0x31,
    0x4, 0xdb, 0x6f, 0xcc, 0xce, 0xec, 0xcc, 0xf5,
    0x0, 0x2, 0x6e, 0x0, 0x9, 0xa0, 0x0, 0xf5,
    0x0, 0x32, 0x13, 0xbc, 0xce, 0xec, 0xcc, 0x10,
    0x0, 0xc8, 0x0, 0xe7, 0x3a, 0xb3, 0x5f, 0x0,
    0x0, 0xf3, 0x0, 0xe5, 0x9, 0xa0, 0x2f, 0x0,
    0x5, 0xf0, 0x0, 0xe5, 0x9, 0xa0, 0x4f, 0x0,
    0xb, 0xb0, 0x0, 0xe5, 0x9, 0xa4, 0xfa, 0x0,
    0xe, 0x70, 0x0, 0x0, 0x9, 0xb0, 0x10, 0x0,
    0x0, 0x10, 0x0, 0x0, 0xa, 0xb0, 0x0, 0x0,

    /* U+70B9 "点" */
    0x0, 0x0, 0x0, 0x1f, 0x40, 0x0, 0x0, 0x0,
    0x0, 0x0, 0x0, 0x1f, 0x40, 0x0, 0x0, 0x0,
    0x0, 0x0, 0x0, 0x1f, 0xff, 0xff, 0xff, 0x50,
    0x0, 0x0, 0x0, 0x1f, 0x51, 0x11, 0x12, 0x0,
    0x0, 0x1, 0x11, 0x1f, 0x41, 0x11, 0x10, 0x0,
    0x0, 0xf, 0xff, 0xff, 0xff, 0xff, 0xf0, 0x0,
    0x0, 0xf, 0x50, 0x0, 0x0, 0x4, 0xf0, 0x0,
    0x0, 0xf, 0x50, 0x0, 0x0, 0x4, 0xf0, 0x0,
    0x0, 0xf, 0x50, 0x0, 0x0, 0x4, 0xf0, 0x0,
    0x0, 0xf, 0xff, 0xff, 0xff, 0xff, 0xf0, 0x0,
    0x0, 0x21, 0x11, 0x11, 0x11, 0x11, 0x10, 0x0,
    0x0, 0xe8, 0xa, 0x30, 0x3c, 0x0, 0x7b, 0x0,
    0x5, 0xf1, 0xb, 0xa0, 0x1e, 0x70, 0x3f, 0x50,
    0xd, 0x90, 0x5, 0xf1, 0x8, 0xe0, 0x9, 0xe0,
    0x4, 0x10, 0x0, 0x30, 0x1, 0x20, 0x1, 0x30,

    /* U+72B6 "状" */
    0x0, 0x0, 0xe6, 0x0, 0x5, 0x80, 0x0, 0x0,
    0x0, 0x0, 0xd6, 0x0, 0x8, 0xe0, 0x80, 0x0,
    0x16, 0x0, 0xd6, 0x0, 0x8, 0xc0, 0xbc, 0x0,
    0x2e, 0x60, 0xd6, 0x0, 0x7, 0xc0, 0xb, 0x30,
    0x4, 0xf1, 0xd6, 0x11, 0x18, 0xc1, 0x11, 0x20,
    0x0, 0x30, 0xd6, 0xcf, 0xff, 0xff, 0xff, 0xe0,
    0x0, 0x0, 0xe6, 0x0, 0x9, 0xf0, 0x0, 0x0,
    0x0, 0x8, 0xf6, 0x0, 0xc, 0xf3, 0x0, 0x0,
    0x0, 0x6e, 0xe6, 0x0, 0xf, 0xd8, 0x0, 0x0,
    0x6, 0xf3, 0xd6, 0x0, 0x4e, 0x6d, 0x0, 0x0,
    0x2f, 0x60, 0xd6, 0x0, 0xb9, 0x1f, 0x40, 0x0,
    0x2, 0x0, 0xd6, 0x4, 0xf3, 0x9, 0xd0, 0x0,
    0x0, 0x0, 0xe6, 0x1d, 0xa0, 0x0, 0xec, 0x10,
    0x0, 0x0, 0xe8, 0xce, 0x10, 0x0, 0x4f, 0xd0,
    0x0, 0x0, 0xe9, 0xc3, 0x0, 0x0, 0x4, 0x30,

    /* U+7387 "率" */
    0x0, 0x0, 0x0, 0x5, 0x60, 0x0, 0x0, 0x0,
    0x0, 0x21, 0x11, 0x18, 0xe1, 0x11, 0x11, 0x10,
    0x2, 0xdd, 0xcc, 0xcd, 0xcc, 0xcc, 0xcd, 0xa0,
    0x0, 0x42, 0x0, 0x7e, 0x12, 0x0, 0x7, 0x0,
    0x0, 0x8f, 0x56, 0xd2, 0x3f, 0x82, 0xdb, 0x20,
    0x0, 0x4, 0x1f, 0xff, 0xf8, 0x1, 0x80, 0x0,
    0x0, 0x0, 0x23, 0x2d, 0x83, 0x40, 0x70, 0x0,
    0x0, 0x3d, 0x92, 0xc7, 0x7, 0xe3, 0xdc, 0x10,
    0x6, 0xf6, 0xf, 0xfe, 0xfc, 0xea, 0xb, 0x80,
    0x0, 0x30, 0x2, 0x7, 0xc0, 0x22, 0x0, 0x0,
    0x2e, 0xdd, 0xdd, 0xde, 0xfd, 0xdd, 0xdd, 0xe3,
    0x2, 0x11, 0x11, 0x18, 0xc1, 0x11, 0x11, 0x20,
    0x0, 0x0, 0x0, 0x7, 0xc0, 0x0, 0x0, 0x0,
    0x0, 0x0, 0x0, 0x7, 0xc0, 0x0, 0x0, 0x0,
    0x0, 0x0, 0x0, 0x8, 0xd0, 0x0, 0x0, 0x0,

    /* U+73AF "环" */
    0x0, 0x0, 0x0, 0x0, 0x0, 0x0, 0x0, 0x0,
    0x1f, 0xff, 0xff, 0x8f, 0xff, 0xff, 0xff, 0xf0,
    0x0, 0xe, 0x30, 0x1, 0x11, 0xb9, 0x11, 0x10,
    0x0, 0xe, 0x30, 0x0, 0x0, 0xf4, 0x0, 0x0,
    0x2, 0x2e, 0x42, 0x0, 0x3, 0xf0, 0x0, 0x0,
    0xe, 0xef, 0xee, 0x20, 0x9, 0xf2, 0x80, 0x0,
    0x0, 0xe, 0x30, 0x0, 0x1f, 0xf3, 0xf5, 0x0,
    0x0, 0xe, 0x30, 0x0, 0x9e, 0xf0, 0x7e, 0x10,
    0x0, 0xe, 0x30, 0x3, 0xf6, 0xf0, 0xd, 0xb0,
    0x0, 0xe, 0x9d, 0x3d, 0x83, 0xf0, 0x4, 0xf2,
    0x28, 0xdf, 0xb6, 0xdc, 0x3, 0xf0, 0x0, 0x20,
    0x1c, 0x71, 0x2, 0xa1, 0x3, 0xf0, 0x0, 0x0,
    0x0, 0x0, 0x0, 0x0, 0x3, 0xf0, 0x0, 0x0,
    0x0, 0x0, 0x0, 0x0, 0x3, 0xf0, 0x0, 0x0,
    0x0, 0x0, 0x0, 0x0, 0x4, 0xf0, 0x0, 0x0,

    /* U+7528 "用" */
    0x0, 0x5f, 0xff, 0xff, 0xff, 0xff, 0xff, 0x0,
    0x4e, 0x0, 0x5, 0xe0, 0x0, 0x5f, 0x0, 0x4e,
    0x0, 0x5, 0xe0, 0x0, 0x5e, 0x0, 0x4f, 0xee,
    0xee, 0xfe, 0xee, 0xee, 0x0, 0x4e, 0x0, 0x5,
    0xe0, 0x0, 0x5e, 0x0, 0x4e, 0x0, 0x5, 0xe0,
    0x0, 0x5e, 0x0, 0x4e, 0x0, 0x5, 0xe0, 0x0,
    0x5e, 0x0, 0x5f, 0xff, 0xff, 0xff, 0xff, 0xfe,
    0x0, 0x6d, 0x0, 0x5, 0xe0, 0x0, 0x5e, 0x0,
    0x8a, 0x0, 0x5, 0xe0, 0x0, 0x5e, 0x0, 0xd6,
    0x0, 0x5, 0xe0, 0x0, 0x5e, 0x3, 0xf1, 0x0,
    0x5, 0xf0, 0x3, 0x8d, 0xc, 0xa0, 0x0, 0x5,
    0xd0, 0xb, 0xf6, 0x1, 0x10, 0x0, 0x0, 0x0,
    0x1, 0x0,

    /* U+7532 "甲" */
    0x1f, 0xff, 0xff, 0xff, 0xff, 0xff, 0xf1, 0x1f,
    0x31, 0x11, 0x5e, 0x11, 0x13, 0xf1, 0x1f, 0x30,
    0x0, 0x4e, 0x0, 0x3, 0xf1, 0x1f, 0x53, 0x33,
    0x7e, 0x33, 0x35, 0xf1, 0x1f, 0xdd, 0xdd, 0xef,
    0xdd, 0xdd, 0xf1, 0x1f, 0x30, 0x0, 0x4e, 0x0,
    0x3, 0xf1, 0x1f, 0x30, 0x0, 0x4e, 0x0, 0x3,
    0xf1, 0x1f, 0x64, 0x44, 0x7e, 0x44, 0x46, 0xf1,
    0x1f, 0xdc, 0xcc, 0xdf, 0xcc, 0xcd, 0xf1, 0x1d,
    0x20, 0x0, 0x4e, 0x0, 0x2, 0xd1, 0x0, 0x0,
    0x0, 0x4e, 0x0, 0x0, 0x0, 0x0, 0x0, 0x0,
    0x4e, 0x0, 0x0, 0x0, 0x0, 0x0, 0x0, 0x4e,
    0x0, 0x0, 0x0, 0x0, 0x0, 0x0, 0x5f, 0x0,
    0x0, 0x0,

    /* U+76D1 "监" */
    0x0, 0x0, 0x0, 0x0, 0x0, 0x0, 0x0, 0x0,
    0x0, 0x0, 0xe, 0x60, 0x6, 0xc0, 0x0, 0x0,
    0x0, 0xe6, 0xd, 0x50, 0xb, 0xc0, 0x0, 0x0,
    0x0, 0xd5, 0xd, 0x50, 0x1f, 0x71, 0x11, 0x20,
    0x0, 0xd5, 0xd, 0x50, 0x7f, 0xee, 0xef, 0xf0,
    0x0, 0xd5, 0xd, 0x50, 0xea, 0x3, 0x0, 0x0,
    0x0, 0xd5, 0xd, 0x56, 0xf2, 0x5f, 0x40, 0x0,
    0x0, 0xe5, 0xd, 0x6c, 0x90, 0x7, 0xf3, 0x0,
    0x0, 0x62, 0xb, 0x50, 0x0, 0x0, 0x73, 0x0,
    0x0, 0x33, 0x33, 0x33, 0x33, 0x33, 0x31, 0x0,
    0x0, 0xee, 0xef, 0xfe, 0xef, 0xee, 0xf6, 0x0,
    0x0, 0xd5, 0xa, 0x90, 0xf, 0x20, 0xd5, 0x0,
    0x0, 0xd5, 0xa, 0x90, 0xf, 0x20, 0xd5, 0x0,
    0x11, 0xd5, 0xa, 0x90, 0xf, 0x20, 0xd6, 0x20,
    0x9f, 0xff, 0xff, 0xff, 0xff, 0xff, 0xff, 0xf0,
    0x10, 0x0, 0x0, 0x0, 0x0, 0x0, 0x1, 0x10,

    /* U+76D8 "盘" */
    0x0, 0x0, 0x0, 0x12, 0x0, 0x0, 0x0, 0x0,
    0x0, 0x0, 0x0, 0x7e, 0x0, 0x0, 0x0, 0x0,
    0x0, 0x1, 0xcc, 0xee, 0xcc, 0xcc, 0xc0, 0x0,
    0x0, 0x0, 0xf7, 0x47, 0x54, 0x46, 0xf0, 0x0,
    0x0, 0x0, 0xf4, 0xa, 0xd2, 0x3, 0xe0, 0x0,
    0x2, 0x22, 0xf5, 0x11, 0x92, 0x14, 0xe1, 0x20,
    0xe, 0xff, 0xff, 0xff, 0xff, 0xff, 0xff, 0xf4,
    0x0, 0x3, 0xf0, 0x15, 0x0, 0x4, 0xd0, 0x0,
    0x0, 0xb, 0xb0, 0x3e, 0xc1, 0x5, 0xd0, 0x0,
    0x0, 0x8f, 0x30, 0x0, 0x70, 0xcf, 0xa0, 0x0,
    0x0, 0x29, 0x44, 0x44, 0x44, 0x87, 0x43, 0x0,
    0x0, 0x6f, 0xbb, 0xfb, 0xbf, 0xcb, 0xdd, 0x0,
    0x0, 0x5e, 0x0, 0xf1, 0xe, 0x20, 0x7c, 0x0,
    0x1, 0x6e, 0x11, 0xf2, 0x1e, 0x31, 0x7c, 0x10,
    0x4f, 0xff, 0xff, 0xff, 0xff, 0xff, 0xff, 0xf7,

    /* U+786E "确" */
    0x0, 0x0, 0x0, 0x0, 0x32, 0x0, 0x0, 0x0,
    0x0, 0x0, 0x0, 0xc, 0xa0, 0x0, 0x0, 0xb,
    0xcc, 0xcc, 0x44, 0xfb, 0xaa, 0xa1, 0x0, 0x34,
    0xf5, 0x32, 0xe7, 0x33, 0xf8, 0x0, 0x0, 0x4f,
    0x0, 0xba, 0x0, 0x6e, 0x0, 0x0, 0x8, 0xa0,
    0x6, 0xac, 0xcf, 0xec, 0xca, 0x0, 0xea, 0x77,
    0xb, 0x61, 0xe3, 0x16, 0xd0, 0x8f, 0x98, 0xf1,
    0xb5, 0xe, 0x20, 0x5d, 0x4f, 0xf2, 0xf, 0xb,
    0xee, 0xfe, 0xee, 0xd3, 0x9e, 0x20, 0xf0, 0xc5,
    0xe, 0x20, 0x5d, 0x0, 0xe2, 0xf, 0xc, 0x62,
    0xe4, 0x26, 0xd0, 0xe, 0x53, 0xf0, 0xed, 0xcf,
    0xcc, 0xdd, 0x0, 0xec, 0xbf, 0x2f, 0x20, 0xe2,
    0x5, 0xd0, 0xe, 0x20, 0xb9, 0xd0, 0xe, 0x20,
    0x5d, 0x0, 0x81, 0x1, 0xe4, 0x0, 0xb1, 0x6e,
    0xb0, 0x0, 0x0, 0x1, 0x0, 0x0, 0x2, 0x40,

    /* U+78B3 "碳" */
    0x0, 0x0, 0x0, 0xd, 0x10, 0xf2, 0xf, 0x20,
    0xf, 0xee, 0xef, 0x1f, 0x10, 0xf2, 0xe, 0x10,
    0x3, 0x7d, 0x33, 0xf, 0x10, 0xf2, 0xe, 0x10,
    0x0, 0x7a, 0x0, 0xe, 0xef, 0xee, 0xee, 0x20,
    0x0, 0xa7, 0x0, 0x0, 0x4c, 0x0, 0x0, 0x0,
    0x0, 0xfc, 0xa7, 0x34, 0x9c, 0x44, 0x44, 0x50,
    0x6, 0xf8, 0x9b, 0x8b, 0xed, 0xbb, 0xbb, 0xb0,
    0xd, 0xf5, 0x6b, 0x0, 0xd4, 0x35, 0x0, 0x0,
    0x3c, 0xc5, 0x6b, 0x3, 0xe2, 0x5c, 0xc, 0x60,
    0x0, 0xc5, 0x6b, 0xb, 0x9f, 0x7c, 0x3e, 0x0,
    0x0, 0xc8, 0x8b, 0x4e, 0x59, 0x9e, 0x2, 0x0,
    0x0, 0xcc, 0xdb, 0xd5, 0x1, 0xec, 0x90, 0x0,
    0x0, 0xc5, 0x24, 0x10, 0x1c, 0xb1, 0xe9, 0x10,
    0x0, 0x62, 0x0, 0x9, 0xfb, 0x0, 0x2c, 0xd0,
    0x0, 0x0, 0x0, 0x5, 0x50, 0x0, 0x0, 0x30,

    /* U+7981 "禁" */
    0x0, 0x0, 0x11, 0x0, 0x0, 0x0, 0x0, 0x0,
    0x0, 0x0, 0xa8, 0x0, 0x0, 0x99, 0x0, 0x0,
    0x0, 0x0, 0xa8, 0x0, 0x0, 0x99, 0x0, 0x0,
    0x9, 0xff, 0xff, 0xfa, 0xdf, 0xff, 0xff, 0x90,
    0x0, 0x4, 0xf8, 0x50, 0x6, 0xff, 0x60, 0x0,
    0x0, 0x2e, 0xda, 0xe7, 0x3e, 0xbb, 0xe6, 0x0,
    0x5, 0xe5, 0xa8, 0x27, 0xf5, 0x99, 0x3e, 0xa0,
    0xa, 0x50, 0x97, 0xb, 0x40, 0x98, 0x2, 0x60,
    0x0, 0x9, 0xbb, 0xbb, 0xbb, 0xbb, 0xb0, 0x0,
    0x0, 0x2, 0x22, 0x22, 0x22, 0x22, 0x20, 0x0,
    0x6, 0xcc, 0xcc, 0xcc, 0xcc, 0xcc, 0xcc, 0x60,
    0x2, 0x32, 0x32, 0x27, 0xd2, 0x22, 0x22, 0x10,
    0x0, 0x2, 0xd4, 0x6, 0xd0, 0x6d, 0x30, 0x0,
    0x0, 0x5e, 0xc2, 0x6, 0xd0, 0x2b, 0xf8, 0x0,
    0x9, 0xf7, 0x0, 0x4a, 0xc0, 0x0, 0x6f, 0x60,
    0x2, 0x20, 0x0, 0xdc, 0x40, 0x0, 0x2, 0x0,

    /* U+79BB "离" */
    0x0, 0x0, 0x0, 0x32, 0x0, 0x0, 0x0, 0x0,
    0x0, 0x0, 0xc9, 0x0, 0x0, 0x0, 0xad, 0xdd,
    0xdd, 0xef, 0xdd, 0xdd, 0xdd, 0x11, 0x0, 0x63,
    0x0, 0x4b, 0x30, 0x11, 0x4, 0x91, 0x8c, 0xda,
    0xe6, 0x13, 0x80, 0x5, 0xc0, 0x49, 0xda, 0xfa,
    0x35, 0xc0, 0x5, 0xc1, 0xb6, 0x0, 0x18, 0x75,
    0xc0, 0x5, 0xfd, 0xdd, 0xdd, 0xdd, 0xde, 0xd0,
    0x0, 0x11, 0x11, 0xc4, 0x11, 0x11, 0x10, 0x1,
    0x11, 0x14, 0xf4, 0x11, 0x11, 0x10, 0x4f, 0xdd,
    0xdf, 0xed, 0xdd, 0xdd, 0xe9, 0x4d, 0x0, 0x5e,
    0x10, 0x19, 0x0, 0x89, 0x4d, 0x6, 0xf4, 0x13,
    0x5f, 0x90, 0x89, 0x4d, 0x9, 0xff, 0xdb, 0x98,
    0xf1, 0x89, 0x4d, 0x2, 0x30, 0x0, 0x0, 0x25,
    0xb9, 0x5d, 0x0, 0x0, 0x0, 0x0, 0xf, 0xe5,
    0x0, 0x0, 0x0, 0x0, 0x0, 0x0, 0x0,

    /* U+7A0D "稍" */
    0x0, 0x0, 0x45, 0x1, 0x0, 0xe5, 0x2, 0x10,
    0x7, 0xbe, 0xf9, 0x2f, 0x10, 0xe5, 0xc, 0xb0,
    0x9, 0x7e, 0x50, 0xc, 0x90, 0xd5, 0x6e, 0x10,
    0x0, 0xd, 0x50, 0x4, 0x80, 0xd5, 0x74, 0x0,
    0x14, 0x3e, 0x73, 0x1, 0x11, 0xd6, 0x11, 0x0,
    0x4e, 0xdf, 0xee, 0x2d, 0xff, 0xff, 0xff, 0x50,
    0x0, 0x4f, 0x50, 0xd, 0x60, 0x0, 0xe, 0x50,
    0x0, 0xaf, 0xb7, 0xd, 0xfe, 0xee, 0xef, 0x50,
    0x3, 0xee, 0x9f, 0x2d, 0x73, 0x33, 0x3f, 0x50,
    0xc, 0x7d, 0x5a, 0x3d, 0x61, 0x11, 0x1e, 0x50,
    0x6e, 0xd, 0x50, 0xd, 0xff, 0xff, 0xff, 0x50,
    0x3, 0xd, 0x50, 0xd, 0x61, 0x11, 0x1e, 0x50,
    0x0, 0xe, 0x50, 0xd, 0x50, 0x0, 0xe, 0x50,
    0x0, 0xe, 0x50, 0xd, 0x50, 0x3, 0x9f, 0x50,
    0x0, 0xc, 0x50, 0xe, 0x50, 0x1, 0xfb, 0x10,
    0x0, 0x0, 0x0, 0x0, 0x0, 0x0, 0x0, 0x0,

    /* U+7A7A "空" */
    0x0, 0x0, 0x0, 0x1, 0x0, 0x0, 0x0, 0x0,
    0x0, 0x0, 0xa, 0xd0, 0x0, 0x0, 0x0, 0x0,
    0x0, 0x0, 0x4e, 0x20, 0x0, 0x0, 0x6, 0xff,
    0xff, 0xff, 0xff, 0xff, 0xff, 0x70, 0x6e, 0x22,
    0x32, 0x22, 0x22, 0x22, 0xe7, 0x6, 0xe0, 0x3e,
    0x60, 0x2, 0xa3, 0xc, 0x60, 0x0, 0x6f, 0xc2,
    0x0, 0x2b, 0xfb, 0x30, 0x4, 0xcf, 0x60, 0x0,
    0x0, 0x4, 0xdf, 0x80, 0x2a, 0x20, 0x0, 0x0,
    0x0, 0x0, 0x71, 0x0, 0xf, 0xff, 0xff, 0xff,
    0xff, 0xf4, 0x0, 0x0, 0x32, 0x11, 0x8e, 0x11,
    0x22, 0x10, 0x0, 0x0, 0x0, 0x7, 0xe0, 0x0,
    0x0, 0x0, 0x0, 0x0, 0x0, 0x7e, 0x0, 0x0,
    0x0, 0x2, 0x11, 0x11, 0x17, 0xe1, 0x11, 0x11,
    0x11, 0xef, 0xff, 0xff, 0xff, 0xff, 0xff, 0xff,
    0xa1, 0x0, 0x0, 0x0, 0x0, 0x0, 0x0, 0x1,

    /* U+7B49 "等" */
    0x0, 0x2, 0x0, 0x0, 0x0, 0x0, 0x0, 0x0,
    0x0, 0x6f, 0x20, 0x0, 0x5, 0xf3, 0x0, 0x0,
    0x0, 0xef, 0xee, 0xee, 0x3e, 0xfd, 0xdd, 0xd6,
    0xb, 0xd0, 0x6e, 0x1, 0xbc, 0x11, 0xe6, 0x10,
    0x7, 0x20, 0x16, 0x1c, 0x80, 0x0, 0x78, 0x0,
    0x0, 0x6d, 0xdd, 0xdf, 0xed, 0xdd, 0xd4, 0x0,
    0x0, 0x11, 0x11, 0x1c, 0x81, 0x11, 0x20, 0x0,
    0x0, 0x0, 0x0, 0xc, 0x70, 0x0, 0x0, 0x0,
    0x9f, 0xff, 0xff, 0xff, 0xff, 0xff, 0xff, 0xf7,
    0x0, 0x0, 0x0, 0x0, 0x0, 0x6e, 0x0, 0x0,
    0x0, 0x32, 0x22, 0x22, 0x22, 0x8e, 0x22, 0x10,
    0x1, 0xed, 0xdd, 0xdd, 0xdd, 0xef, 0xde, 0x70,
    0x0, 0x1, 0xc3, 0x0, 0x0, 0x6e, 0x0, 0x0,
    0x0, 0x0, 0x9d, 0x10, 0x0, 0x7e, 0x0, 0x0,
    0x0, 0x0, 0x7, 0x0, 0x59, 0xdc, 0x0, 0x0,
    0x0, 0x0, 0x0, 0x0, 0x3a, 0x71, 0x0, 0x0,

    /* U+7EBF "线" */
    0x0, 0x8, 0x40, 0x0, 0x69, 0x0, 0x0, 0x0,
    0x0, 0x1f, 0x50, 0x0, 0x7e, 0xc, 0x70, 0x0,
    0x0, 0x9a, 0x0, 0x0, 0x6d, 0x3, 0xc0, 0x0,
    0x3, 0xe1, 0x2e, 0x30, 0x6d, 0x3, 0x7b, 0x30,
    0x1d, 0x60, 0xab, 0x47, 0xcf, 0xfc, 0x97, 0x10,
    0x4f, 0xff, 0xf1, 0x89, 0x8f, 0x0, 0x0, 0x10,
    0x3, 0xa, 0x60, 0x0, 0x2f, 0x47, 0xae, 0xf0,
    0x0, 0x5c, 0x0, 0x6b, 0xef, 0xd9, 0x63, 0x0,
    0x5, 0xf5, 0x34, 0x44, 0x1c, 0x50, 0x8b, 0x10,
    0xd, 0xfe, 0xc9, 0x0, 0x8, 0xa7, 0xf6, 0x0,
    0x2, 0x0, 0x0, 0x0, 0x3, 0xff, 0x50, 0x0,
    0x3, 0x58, 0xbe, 0x60, 0x1b, 0xfc, 0x0, 0x40,
    0x1f, 0xe9, 0x52, 0x6, 0xeb, 0x2e, 0x93, 0xf4,
    0x1, 0x0, 0x0, 0xcf, 0x60, 0x2, 0xef, 0xd0,
    0x0, 0x0, 0x0, 0x21, 0x0, 0x0, 0x16, 0x10,

    /* U+7EED "续" */
    0x0, 0x19, 0x20, 0x0, 0x0, 0xf3, 0x0, 0x0,
    0x0, 0x8e, 0x10, 0x13, 0x22, 0xf5, 0x22, 0x30,
    0x0, 0xe7, 0x0, 0x4d, 0xcc, 0xfd, 0xcc, 0xc0,
    0x5, 0xe0, 0x68, 0x1, 0x0, 0xf3, 0x0, 0x0,
    0x1e, 0x70, 0xd6, 0x5d, 0xcc, 0xcc, 0xce, 0xa0,
    0x5f, 0xfe, 0xd0, 0x3, 0x70, 0x33, 0xe, 0x40,
    0x3, 0x1e, 0x40, 0x3, 0xeb, 0x9b, 0x7, 0x0,
    0x0, 0x8b, 0x0, 0x4a, 0x23, 0x99, 0x0, 0x0,
    0x5, 0xf5, 0x42, 0x1d, 0xb0, 0x98, 0x0, 0x0,
    0xc, 0xfe, 0xc4, 0x2, 0x50, 0xa7, 0x1, 0x10,
    0x2, 0x10, 0x0, 0x8e, 0xee, 0xfe, 0xee, 0xe0,
    0x0, 0x13, 0x64, 0x0, 0x6, 0xe2, 0x10, 0x0,
    0x1f, 0xfe, 0xb5, 0x1, 0x8f, 0x56, 0xf8, 0x10,
    0x4, 0x20, 0x3, 0xdf, 0xc3, 0x0, 0x4d, 0xe1,
    0x0, 0x0, 0x0, 0x63, 0x0, 0x0, 0x0, 0x40,

    /* U+7F16 "编" */
    0x0, 0x5, 0x10, 0x0, 0x1, 0xb2, 0x0, 0x0,
    0x0, 0xf, 0x60, 0x0, 0x0, 0xe7, 0x0, 0x0,
    0x0, 0x6d, 0x0, 0x3f, 0xdd, 0xdd, 0xde, 0xd0,
    0x0, 0xc4, 0x13, 0x2f, 0x0, 0x0, 0x4, 0xd0,
    0x4, 0xb0, 0x9d, 0x3f, 0xee, 0xee, 0xee, 0xd0,
    0xe, 0xff, 0xf3, 0x3e, 0x0, 0x0, 0x0, 0x0,
    0x5, 0x3a, 0x90, 0x5e, 0x22, 0x22, 0x22, 0x21,
    0x0, 0x2d, 0x0, 0x7f, 0xdc, 0xeb, 0xfb, 0xe6,
    0x0, 0xc4, 0x21, 0xbf, 0x63, 0xc0, 0xf0, 0xb6,
    0xa, 0xff, 0xe7, 0xfd, 0x75, 0xc2, 0xf3, 0xb6,
    0x4, 0x40, 0x8, 0xab, 0xdc, 0xeb, 0xfb, 0xe6,
    0x0, 0x2, 0x76, 0x2b, 0x63, 0xc0, 0xf1, 0xb6,
    0x1a, 0xdf, 0xb3, 0xb, 0x64, 0xc0, 0xf1, 0xb6,
    0xc, 0x61, 0x0, 0xc, 0x61, 0x50, 0x56, 0xd5,
    0x0, 0x0, 0x0, 0xd, 0x60, 0x0, 0x9, 0xd1,
    0x0, 0x0, 0x0, 0x0, 0x0, 0x0, 0x0, 0x0,

    /* U+7F6E "置" */
    0xd, 0xed, 0xde, 0xdd, 0xfd, 0xde, 0xc0, 0x0,
    0xc6, 0x4, 0xa0, 0xd, 0x20, 0x7c, 0x0, 0xa,
    0xcc, 0xcc, 0xde, 0xcc, 0xcc, 0xa0, 0x3, 0x66,
    0x66, 0x6c, 0xd6, 0x66, 0x66, 0x0, 0x48, 0x77,
    0x77, 0xea, 0x77, 0x77, 0x80, 0x0, 0x6, 0xbb,
    0xbf, 0xcb, 0xbb, 0x40, 0x0, 0x0, 0x89, 0x22,
    0x22, 0x22, 0xb5, 0x0, 0x0, 0x7, 0xed, 0xdd,
    0xdd, 0xdf, 0x50, 0x0, 0x0, 0x78, 0x11, 0x11,
    0x11, 0xb5, 0x0, 0x0, 0x7, 0xff, 0xff, 0xff,
    0xff, 0x50, 0x0, 0x0, 0x7b, 0x77, 0x77, 0x77,
    0xd5, 0x0, 0x0, 0x7, 0xb5, 0x55, 0x55, 0x5c,
    0x50, 0x0, 0xed, 0xee, 0xdd, 0xdd, 0xdd, 0xed,
    0xde, 0x0,

    /* U+81EA "自" */
    0x0, 0x0, 0x20, 0x0, 0x0, 0x0, 0x0, 0x0,
    0xbb, 0x0, 0x0, 0x0, 0x0, 0x0, 0xd6, 0x0,
    0x0, 0x0, 0x3c, 0xcc, 0xfd, 0xcc, 0xcc, 0xc3,
    0x4f, 0x44, 0x44, 0x44, 0x44, 0xf4, 0x4e, 0x0,
    0x0, 0x0, 0x0, 0xe4, 0x4f, 0x33, 0x33, 0x33,
    0x33, 0xf4, 0x4f, 0xcc, 0xcc, 0xcc, 0xcc, 0xf4,
    0x4e, 0x0, 0x0, 0x0, 0x0, 0xe4, 0x4f, 0x33,
    0x33, 0x33, 0x33, 0xf4, 0x4f, 0xcc, 0xcc, 0xcc,
    0xcc, 0xf4, 0x4e, 0x0, 0x0, 0x0, 0x0, 0xe4,
    0x4e, 0x0, 0x0, 0x0, 0x0, 0xe4, 0x4f, 0xff,
    0xff, 0xff, 0xff, 0xf4, 0x5e, 0x0, 0x0, 0x0,
    0x0, 0xe5,

    /* U+8282 "节" */
    0x0, 0x0, 0x1f, 0x30, 0x8, 0xd0, 0x0, 0x0,
    0x0, 0x0, 0x1f, 0x30, 0x8, 0xd0, 0x0, 0x0,
    0x2f, 0xff, 0xff, 0xff, 0xff, 0xff, 0xff, 0xf1,
    0x3, 0x21, 0x2f, 0x41, 0x19, 0xd1, 0x12, 0x20,
    0x0, 0x0, 0x1f, 0x30, 0x8, 0xd0, 0x0, 0x0,
    0x1, 0x21, 0x25, 0x21, 0x13, 0x41, 0x11, 0x0,
    0x9, 0xff, 0xff, 0xff, 0xff, 0xff, 0xff, 0x20,
    0x0, 0x0, 0x0, 0xf5, 0x0, 0x0, 0x4f, 0x10,
    0x0, 0x0, 0x0, 0xf5, 0x0, 0x0, 0x5f, 0x0,
    0x0, 0x0, 0x0, 0xf5, 0x0, 0x0, 0x5f, 0x0,
    0x0, 0x0, 0x0, 0xf5, 0x0, 0x0, 0x7e, 0x0,
    0x0, 0x0, 0x0, 0xf5, 0x0, 0x9b, 0xfa, 0x0,
    0x0, 0x0, 0x0, 0xf5, 0x0, 0x9c, 0x81, 0x0,
    0x0, 0x0, 0x0, 0xf5, 0x0, 0x0, 0x0, 0x0,
    0x0, 0x0, 0x0, 0xf5, 0x0, 0x0, 0x0, 0x0,

    /* U+884C "行" */
    0x0, 0x0, 0x0, 0x0, 0x0, 0x0, 0x0, 0x0,
    0x0, 0x9, 0xb0, 0x0, 0x0, 0x0, 0x0, 0x0,
    0x0, 0x3f, 0x30, 0xd, 0xff, 0xff, 0xff, 0x20,
    0x2, 0xe7, 0x0, 0x1, 0x11, 0x11, 0x11, 0x0,
    0xd, 0xb0, 0x30, 0x0, 0x0, 0x0, 0x0, 0x0,
    0x6, 0x3, 0xf5, 0x0, 0x0, 0x0, 0x0, 0x0,
    0x0, 0xd, 0xa0, 0x9f, 0xff, 0xff, 0xff, 0xf7,
    0x0, 0x8f, 0x20, 0x23, 0x22, 0x3f, 0x52, 0x31,
    0x5, 0xff, 0x20, 0x0, 0x0, 0xf, 0x30, 0x0,
    0x2f, 0x8f, 0x20, 0x0, 0x0, 0xf, 0x30, 0x0,
    0x6, 0x1f, 0x20, 0x0, 0x0, 0xf, 0x30, 0x0,
    0x0, 0x1f, 0x20, 0x0, 0x0, 0xf, 0x30, 0x0,
    0x0, 0x1f, 0x20, 0x0, 0x0, 0xf, 0x30, 0x0,
    0x0, 0x1f, 0x20, 0x0, 0x0, 0xf, 0x30, 0x0,
    0x0, 0x1f, 0x20, 0x0, 0x7, 0x9f, 0x30, 0x0,
    0x0, 0x1f, 0x20, 0x0, 0x7, 0xd9, 0x0, 0x0,

    /* U+8868 "表" */
    0x0, 0x0, 0x0, 0xe, 0x70, 0x0, 0x0, 0x0,
    0x0, 0x11, 0x0, 0xe, 0x60, 0x0, 0x1, 0x0,
    0x2, 0xff, 0xff, 0xff, 0xff, 0xff, 0xff, 0x10,
    0x0, 0x0, 0x0, 0xd, 0x60, 0x0, 0x0, 0x0,
    0x0, 0x6f, 0xff, 0xff, 0xff, 0xff, 0xf6, 0x0,
    0x0, 0x0, 0x0, 0xd, 0x60, 0x0, 0x0, 0x0,
    0x5d, 0xdd, 0xdd, 0xdf, 0xed, 0xdd, 0xdd, 0xd0,
    0x13, 0x22, 0x26, 0xf5, 0x72, 0x22, 0x33, 0x30,
    0x0, 0x0, 0x5f, 0x71, 0xf1, 0x3, 0xe4, 0x0,
    0x0, 0x19, 0xff, 0x40, 0xab, 0x3e, 0x90, 0x0,
    0x7, 0xed, 0x3e, 0x40, 0x2e, 0xf7, 0x0, 0x0,
    0xb, 0x70, 0xe, 0x47, 0xc3, 0xfa, 0x30, 0x0,
    0x0, 0x0, 0xf, 0xee, 0x60, 0x2c, 0xfe, 0xa0,
    0x0, 0x0, 0x1f, 0x90, 0x0, 0x0, 0x39, 0x70,
    0x0, 0x0, 0x1, 0x0, 0x0, 0x0, 0x0, 0x0,

    /* U+89C4 "规" */
    0x0, 0x0, 0x0, 0x0, 0x0, 0x0, 0x0, 0x0,
    0x0, 0x5, 0xe0, 0x0, 0x0, 0x0, 0x0, 0x0,
    0x0, 0x5, 0xd0, 0x4, 0xff, 0xff, 0xff, 0x30,
    0x1, 0x26, 0xd2, 0x23, 0xd1, 0x11, 0x1f, 0x30,
    0x5, 0xee, 0xfd, 0xa3, 0xd0, 0x21, 0xf, 0x30,
    0x0, 0x5, 0xd0, 0x3, 0xd0, 0xb9, 0xf, 0x30,
    0x0, 0x5, 0xd0, 0x3, 0xd0, 0xc6, 0xf, 0x20,
    0xe, 0xde, 0xfd, 0xd4, 0xd0, 0xc5, 0xf, 0x30,
    0x3, 0x28, 0xc2, 0x23, 0xd0, 0xe3, 0xf, 0x30,
    0x0, 0x9, 0xd1, 0x4, 0xd1, 0xf9, 0xf, 0x30,
    0x0, 0xe, 0xfe, 0x21, 0x47, 0xef, 0x13, 0x0,
    0x0, 0x6f, 0x3d, 0xf4, 0x2f, 0x7f, 0x10, 0x0,
    0x1, 0xe8, 0x0, 0xb6, 0xeb, 0x1f, 0x10, 0x71,
    0xc, 0xc0, 0x1, 0x8f, 0xa0, 0xf, 0x10, 0xf4,
    0x1a, 0x20, 0xa, 0xd5, 0x0, 0xb, 0xed, 0xb0,
    0x0, 0x0, 0x0, 0x0, 0x0, 0x0, 0x0, 0x0,

    /* U+89E3 "解" */
    0x0, 0x9, 0x70, 0x0, 0x0, 0x0, 0x0, 0x0,
    0x0, 0x2f, 0x83, 0x30, 0x9f, 0xff, 0xff, 0xd0,
    0x0, 0xbd, 0xbd, 0xd0, 0x1, 0xf0, 0x6, 0xc0,
    0x9, 0xc0, 0xd, 0x40, 0x6, 0xb0, 0x7, 0xb0,
    0x3e, 0xef, 0xff, 0xff, 0x2e, 0x53, 0xae, 0x80,
    0x0, 0xd5, 0x4c, 0x2f, 0x3b, 0x1, 0xa6, 0x0,
    0x0, 0xd8, 0x8d, 0x6f, 0x3, 0xb, 0x50, 0x0,
    0x0, 0xdb, 0xbe, 0xaf, 0xc, 0x8d, 0x62, 0x20,
    0x0, 0xd4, 0x4c, 0x2f, 0x2f, 0xcf, 0xdd, 0xc0,
    0x0, 0xed, 0xdf, 0xcf, 0x35, 0xc, 0x40, 0x0,
    0x0, 0xf1, 0x4c, 0x2f, 0x8c, 0xcf, 0xdc, 0xd2,
    0x2, 0xf0, 0x4c, 0x2f, 0x12, 0x2d, 0x62, 0x30,
    0x7, 0xc0, 0x4c, 0x4f, 0x0, 0xc, 0x40, 0x0,
    0xe, 0x70, 0x2, 0xdd, 0x0, 0xc, 0x40, 0x0,
    0x3, 0x10, 0x0, 0x31, 0x0, 0xd, 0x50, 0x0,

    /* U+89E6 "触" */
    0x0, 0x0, 0x0, 0x0, 0x0, 0x0, 0x0, 0x0,
    0x0, 0xa, 0x50, 0x0, 0x0, 0x2f, 0x0, 0x0,
    0x0, 0x5f, 0x31, 0x10, 0x0, 0x1e, 0x0, 0x0,
    0x1, 0xee, 0xdf, 0x60, 0x0, 0x1e, 0x0, 0x0,
    0x1d, 0x90, 0x5c, 0x0, 0xbc, 0xcf, 0xbd, 0x20,
    0x1a, 0xff, 0xff, 0xf4, 0xc3, 0x1e, 0xe, 0x20,
    0x1, 0xf0, 0xe1, 0xc3, 0xc3, 0x1e, 0xe, 0x20,
    0x1, 0xf2, 0xe3, 0xd3, 0xc3, 0x1e, 0xe, 0x20,
    0x1, 0xfc, 0xfc, 0xf3, 0xc4, 0x2e, 0x1e, 0x20,
    0x1, 0xf0, 0xe1, 0xc3, 0xcc, 0xbf, 0xbf, 0x30,
    0x3, 0xff, 0xff, 0xf3, 0xd3, 0x1e, 0x6, 0x0,
    0x5, 0xd0, 0xe1, 0xc3, 0x0, 0x1e, 0xe, 0x10,
    0x7, 0xa0, 0xe1, 0xc3, 0x0, 0x1e, 0xb, 0x70,
    0xc, 0x70, 0xb1, 0xc6, 0x8a, 0xcf, 0xdc, 0xc0,
    0x2f, 0x10, 0x9, 0xf3, 0xb6, 0x30, 0x1, 0xe0,
    0x0, 0x0, 0x1, 0x10, 0x0, 0x0, 0x0, 0x0,

    /* U+8BBE "设" */
    0x0, 0x50, 0x0, 0x0, 0x0, 0x0, 0x0, 0x0,
    0x0, 0xdb, 0x0, 0xf, 0xff, 0xff, 0x30, 0x0,
    0x0, 0x1e, 0x90, 0xf, 0x20, 0x1f, 0x30, 0x0,
    0x0, 0x3, 0x50, 0x2f, 0x10, 0x1f, 0x30, 0x0,
    0x0, 0x0, 0x0, 0x8c, 0x0, 0x1f, 0x30, 0x0,
    0x4d, 0xdd, 0x15, 0xf4, 0x0, 0xf, 0xed, 0xd0,
    0x13, 0x5f, 0x14, 0x60, 0x0, 0x2, 0x54, 0x40,
    0x0, 0x2f, 0x14, 0xff, 0xff, 0xff, 0xf5, 0x0,
    0x0, 0x2f, 0x10, 0x1f, 0x10, 0x7, 0xe0, 0x0,
    0x0, 0x2f, 0x10, 0xb, 0x80, 0xe, 0x70, 0x0,
    0x0, 0x2f, 0x39, 0x2, 0xf3, 0x9d, 0x0, 0x0,
    0x0, 0x2f, 0xec, 0x0, 0x7f, 0xf3, 0x0, 0x0,
    0x0, 0x4f, 0xb0, 0x1, 0xaf, 0xf8, 0x10, 0x0,
    0x0, 0x4d, 0x14, 0xaf, 0x91, 0x3b, 0xfc, 0x91,
    0x0, 0x0, 0x1b, 0x71, 0x0, 0x0, 0x26, 0x90,

    /* U+8BF7 "请" */
    0x0, 0x41, 0x0, 0x0, 0x3, 0xf0, 0x0, 0x0,
    0x0, 0xad, 0x10, 0xbb, 0xbc, 0xfb, 0xbb, 0xa0,
    0x0, 0xb, 0xc0, 0x33, 0x35, 0xf3, 0x33, 0x30,
    0x0, 0x1, 0x30, 0x8d, 0xdd, 0xfd, 0xdd, 0x70,
    0x0, 0x0, 0x0, 0x0, 0x3, 0xf0, 0x0, 0x0,
    0x2e, 0xdd, 0x6, 0xdc, 0xcd, 0xfc, 0xcc, 0xd6,
    0x3, 0x6e, 0x1, 0x22, 0x22, 0x22, 0x22, 0x21,
    0x0, 0x3e, 0x0, 0x3f, 0xff, 0xff, 0xff, 0x0,
    0x0, 0x3e, 0x0, 0x2f, 0x0, 0x0, 0x3f, 0x0,
    0x0, 0x3e, 0x0, 0x2f, 0xee, 0xee, 0xef, 0x0,
    0x0, 0x3e, 0x1a, 0x2f, 0x0, 0x0, 0x3f, 0x0,
    0x0, 0x4f, 0xe7, 0x2f, 0xee, 0xee, 0xef, 0x0,
    0x0, 0x9e, 0x30, 0x2f, 0x0, 0x0, 0x3f, 0x0,
    0x0, 0x12, 0x0, 0x3f, 0x0, 0x1, 0xec, 0x0,
    0x0, 0x0, 0x0, 0x0, 0x0, 0x0, 0x0, 0x0,

    /* U+8D28 "质" */
    0x0, 0x0, 0x0, 0x0, 0x2, 0x47, 0xb4, 0x0,
    0x0, 0x3d, 0xde, 0xef, 0xff, 0xcb, 0x97, 0x0,
    0x0, 0x3f, 0x21, 0x10, 0x4e, 0x0, 0x0, 0x0,
    0x0, 0x3f, 0x23, 0x22, 0x6e, 0x22, 0x22, 0x30,
    0x0, 0x3f, 0x8e, 0xee, 0xef, 0xee, 0xee, 0xe0,
    0x0, 0x3f, 0x0, 0x0, 0x4e, 0x0, 0x0, 0x0,
    0x0, 0x4f, 0x4, 0x44, 0x7f, 0x44, 0x42, 0x0,
    0x0, 0x5f, 0xe, 0xcb, 0xbb, 0xbb, 0xf6, 0x0,
    0x0, 0x6d, 0xd, 0x50, 0x15, 0x0, 0xd6, 0x0,
    0x0, 0x8c, 0xe, 0x50, 0x3f, 0x0, 0xd6, 0x0,
    0x0, 0xaa, 0xe, 0x50, 0x5d, 0x0, 0xd6, 0x0,
    0x0, 0xe6, 0x5, 0x10, 0xc9, 0x68, 0x0, 0x0,
    0x6, 0xf2, 0x0, 0x1a, 0xe1, 0x4d, 0xe6, 0x0,
    0xd, 0xa0, 0x5a, 0xfa, 0x10, 0x0, 0x6f, 0xc0,
    0x0, 0x10, 0x69, 0x20, 0x0, 0x0, 0x2, 0x50,

    /* U+8F91 "辑" */
    0x0, 0x6, 0x90, 0x0, 0x0, 0x0, 0x0, 0x0,
    0x0, 0xb, 0x70, 0x0, 0xfe, 0xee, 0xef, 0x20,
    0x1f, 0xff, 0xff, 0xf6, 0xf1, 0x0, 0xf, 0x10,
    0x0, 0x4c, 0x0, 0x0, 0xfc, 0xcc, 0xcf, 0x20,
    0x0, 0x97, 0x30, 0x0, 0x33, 0x33, 0x33, 0x0,
    0x0, 0xe1, 0xe2, 0x5f, 0xff, 0xff, 0xff, 0xf3,
    0x9, 0xd3, 0xe5, 0x30, 0xf1, 0x0, 0x2e, 0x0,
    0xb, 0xcc, 0xfd, 0xc0, 0xfb, 0xbb, 0xce, 0x0,
    0x0, 0x0, 0xe2, 0x0, 0xf3, 0x22, 0x4e, 0x0,
    0x0, 0x0, 0xe2, 0x11, 0xf2, 0x11, 0x3e, 0x0,
    0x0, 0x15, 0xfd, 0xe3, 0xfc, 0xcc, 0xce, 0x0,
    0xd, 0xfc, 0xf5, 0x0, 0xf1, 0x0, 0x3f, 0x53,
    0x4, 0x10, 0xe2, 0x29, 0xfc, 0xdf, 0xff, 0x93,
    0x0, 0x0, 0xe3, 0xa, 0x75, 0x20, 0x2f, 0x0,
    0x0, 0x0, 0xe3, 0x0, 0x0, 0x0, 0x3f, 0x0,

    /* U+8FD0 "运" */
    0x0, 0x70, 0x0, 0x0, 0x0, 0x0, 0x0, 0x0,
    0x1e, 0x80, 0xe, 0xff, 0xff, 0xff, 0x40, 0x0,
    0x3f, 0x30, 0x22, 0x11, 0x11, 0x20, 0x0, 0x0,
    0x30, 0x0, 0x0, 0x0, 0x0, 0x0, 0x0, 0x0,
    0x4, 0x44, 0x44, 0x44, 0x44, 0x10, 0x65, 0x54,
    0xfe, 0xef, 0xfe, 0xee, 0xf5, 0xc, 0xbf, 0x40,
    0x1, 0xf3, 0x0, 0x0, 0x0, 0x0, 0xd4, 0x0,
    0x6c, 0x1, 0xa0, 0x0, 0x0, 0xd, 0x40, 0xe,
    0x30, 0xc, 0x90, 0x0, 0x0, 0xd4, 0xa, 0xc3,
    0x46, 0x9f, 0x50, 0x0, 0xd, 0x41, 0xfe, 0xca,
    0x86, 0x9d, 0x0, 0x3, 0xea, 0x1, 0x0, 0x0,
    0x0, 0x10, 0x1a, 0xf7, 0xbe, 0x85, 0x43, 0x33,
    0x45, 0x50, 0xc3, 0x0, 0x4a, 0xde, 0xff, 0xff,
    0xf7, 0x0, 0x0, 0x0, 0x0, 0x0, 0x0, 0x0,
    0x0,

    /* U+8FD4 "返" */
    0x0, 0x53, 0x0, 0x0, 0x0, 0x1, 0x45, 0x0,
    0x0, 0xba, 0x0, 0x5b, 0xbd, 0xff, 0xff, 0x30,
    0x0, 0x5f, 0x10, 0x7d, 0x54, 0x32, 0x10, 0x0,
    0x0, 0x9, 0x10, 0x6c, 0x0, 0x0, 0x0, 0x0,
    0x0, 0x0, 0x0, 0x6e, 0xaa, 0xaa, 0xa8, 0x0,
    0x3, 0x33, 0x0, 0x6d, 0x55, 0x55, 0xca, 0x0,
    0xc, 0xdf, 0x10, 0x7b, 0x6, 0x0, 0xd6, 0x0,
    0x0, 0x3f, 0x10, 0x9a, 0x3e, 0xc4, 0xf1, 0x0,
    0x0, 0x3f, 0x10, 0xd7, 0x1, 0xbf, 0xb0, 0x0,
    0x0, 0x3f, 0x13, 0xf2, 0x0, 0x8f, 0xf6, 0x0,
    0x0, 0x3f, 0x1d, 0xb0, 0x3b, 0xe3, 0x7f, 0x60,
    0x0, 0x4f, 0x58, 0x21, 0xd9, 0x10, 0x6, 0x10,
    0x5, 0xfa, 0xcc, 0x85, 0x43, 0x33, 0x45, 0x63,
    0xc, 0x70, 0x3, 0x8b, 0xdf, 0xff, 0xff, 0xf2,
    0x0, 0x0, 0x0, 0x0, 0x0, 0x0, 0x0, 0x0,

    /* U+8FDE "连" */
    0x0, 0x20, 0x0, 0x0, 0x5b, 0x0, 0x0, 0x0,
    0x6, 0xe1, 0x0, 0x0, 0xb9, 0x0, 0x0, 0x0,
    0x0, 0xcb, 0xe, 0xee, 0xfe, 0xee, 0xee, 0xa0,
    0x0, 0x2f, 0x32, 0x2c, 0x93, 0x62, 0x22, 0x20,
    0x0, 0x1, 0x0, 0x3f, 0x13, 0xf0, 0x0, 0x0,
    0x2, 0x11, 0x1, 0xd8, 0x14, 0xe1, 0x11, 0x0,
    0xf, 0xff, 0x4, 0xfe, 0xee, 0xfe, 0xef, 0x30,
    0x0, 0x4f, 0x0, 0x0, 0x3, 0xe0, 0x0, 0x0,
    0x0, 0x4f, 0x1, 0x10, 0x3, 0xe0, 0x0, 0x10,
    0x0, 0x4f, 0xf, 0xff, 0xff, 0xff, 0xff, 0xf0,
    0x0, 0x4f, 0x0, 0x0, 0x3, 0xe0, 0x0, 0x0,
    0x0, 0x4f, 0x0, 0x0, 0x3, 0xf0, 0x0, 0x0,
    0x5, 0xc7, 0xba, 0x64, 0x37, 0xf2, 0x22, 0x10,
    0xb, 0x30, 0x4, 0x8b, 0xde, 0xff, 0xff, 0xf4,

    /* U+8FDF "迟" */
    0x0, 0x53, 0x0, 0x0, 0x0, 0x0, 0x0, 0x0,
    0x0, 0xac, 0x0, 0x3f, 0xff, 0xff, 0xff, 0x0,
    0x0, 0x3f, 0x30, 0x2f, 0x22, 0x22, 0x5f, 0x0,
    0x0, 0xa, 0x40, 0x2f, 0x0, 0x0, 0x4e, 0x0,
    0x0, 0x0, 0x0, 0x2f, 0x0, 0x0, 0x4e, 0x0,
    0x4, 0x33, 0x0, 0x2f, 0xff, 0xff, 0xff, 0x0,
    0xe, 0xdf, 0x10, 0x3f, 0x22, 0x22, 0x5d, 0x0,
    0x0, 0x1f, 0x10, 0x6d, 0x1, 0xb1, 0x0, 0x0,
    0x0, 0x1f, 0x10, 0xa9, 0x1, 0xdd, 0x20, 0x0,
    0x0, 0x1f, 0x12, 0xf3, 0x0, 0x1d, 0xe2, 0x0,
    0x0, 0x1f, 0x1c, 0xc0, 0x0, 0x1, 0xde, 0x0,
    0x0, 0x2f, 0x67, 0x20, 0x0, 0x0, 0x25, 0x0,
    0x4, 0xe9, 0xbe, 0x96, 0x54, 0x44, 0x45, 0x61,
    0xd, 0x70, 0x2, 0x7b, 0xde, 0xff, 0xff, 0xd0,
    0x0, 0x0, 0x0, 0x0, 0x0, 0x0, 0x0, 0x0,

    /* U+919B "醛" */
    0x0, 0x0, 0x0, 0x0, 0x0, 0x0, 0x0, 0x0,
    0x0, 0x0, 0x0, 0x0, 0xa, 0x60, 0xc3, 0x0,
    0x3f, 0xff, 0xff, 0xf7, 0xa, 0x60, 0xc3, 0x0,
    0x0, 0xf, 0x3c, 0x1, 0xef, 0xee, 0xfe, 0xe1,
    0x0, 0xf, 0x3c, 0x0, 0xa, 0x60, 0xc3, 0x0,
    0xe, 0xdf, 0xdf, 0xe7, 0x3, 0x8c, 0x20, 0x0,
    0xe, 0x3f, 0x2c, 0x87, 0x2, 0xea, 0x70, 0x0,
    0xd, 0x3f, 0x2c, 0x87, 0x3d, 0x50, 0xaa, 0x10,
    0xd, 0x6d, 0x2d, 0x8c, 0xfc, 0xcc, 0xcb, 0xf2,
    0xd, 0xb8, 0xe, 0xe7, 0x20, 0x3e, 0x10, 0x10,
    0xd, 0x30, 0x0, 0x87, 0x2, 0x3e, 0x12, 0x0,
    0xd, 0xed, 0xdd, 0xe7, 0x4d, 0xdf, 0xcd, 0x20,
    0xd, 0x30, 0x0, 0x87, 0x0, 0x2e, 0x0, 0x0,
    0xd, 0x98, 0x88, 0xc7, 0x0, 0x2e, 0x0, 0x0,
    0xd, 0x87, 0x77, 0xb7, 0xfe, 0xee, 0xee, 0xc0,
    0xd, 0x30, 0x0, 0x87, 0x0, 0x0, 0x0, 0x0,
    0x1, 0x0, 0x0, 0x0, 0x0, 0x0, 0x0, 0x0,

    /* U+91CF "量" */
    0x0, 0xf, 0xcc, 0xcc, 0xcc, 0xcc, 0xf0, 0x0,
    0x0, 0xfd, 0xdd, 0xdd, 0xdd, 0xdf, 0x0, 0x0,
    0xf, 0x64, 0x44, 0x44, 0x46, 0xf0, 0x0, 0x0,
    0x66, 0x66, 0x66, 0x66, 0x66, 0x0, 0x2f, 0xed,
    0xdd, 0xdd, 0xdd, 0xdd, 0xde, 0xf0, 0x0, 0x66,
    0x66, 0x66, 0x66, 0x66, 0x0, 0x0, 0x1f, 0x87,
    0x7c, 0xc7, 0x78, 0xf1, 0x0, 0x1, 0xfd, 0xdd,
    0xee, 0xdd, 0xdf, 0x10, 0x0, 0x1f, 0x65, 0x5b,
    0xb5, 0x56, 0xf1, 0x0, 0x0, 0x77, 0x77, 0xcc,
    0x77, 0x77, 0x0, 0x0, 0x7c, 0xcc, 0xce, 0xec,
    0xcc, 0xd5, 0x0, 0x1, 0x10, 0x0, 0x99, 0x0,
    0x1, 0x0, 0xb, 0xdd, 0xdd, 0xde, 0xed, 0xdd,
    0xdd, 0xb0,

    /* U+957F "长" */
    0x0, 0x0, 0xe7, 0x0, 0x0, 0x96, 0x0, 0x0,
    0x0, 0xd, 0x60, 0x0, 0x5f, 0x80, 0x0, 0x0,
    0x0, 0xd6, 0x0, 0x4f, 0x80, 0x0, 0x0, 0x0,
    0xd, 0x60, 0x4f, 0x80, 0x0, 0x0, 0x0, 0x0,
    0xd6, 0x4f, 0x80, 0x0, 0x0, 0x0, 0x0, 0xd,
    0x60, 0x70, 0x0, 0x0, 0x0, 0x4f, 0xff, 0xff,
    0xff, 0xff, 0xff, 0xff, 0xb0, 0x22, 0x2d, 0x72,
    0x4f, 0x32, 0x22, 0x22, 0x0, 0x0, 0xd6, 0x0,
    0xd9, 0x0, 0x0, 0x0, 0x0, 0xd, 0x60, 0x4,
    0xf3, 0x0, 0x0, 0x0, 0x0, 0xd6, 0x5, 0xa,
    0xe3, 0x0, 0x0, 0x0, 0xd, 0x7a, 0xf7, 0xc,
    0xf6, 0x0, 0x0, 0x0, 0xff, 0xe4, 0x0, 0x9,
    0xfd, 0x30, 0x0, 0x2f, 0xa0, 0x0, 0x0, 0x4,
    0x90, 0x0, 0x0, 0x20, 0x0, 0x0, 0x0, 0x0,
    0x0,

    /* U+9664 "除" */
    0x0, 0x0, 0x0, 0x0, 0x0, 0x0, 0x0, 0x0,
    0x0, 0x0, 0x0, 0x9, 0xb0, 0x0, 0x0, 0xdf,
    0xff, 0xe0, 0x2, 0xfe, 0x10, 0x0, 0xd, 0x50,
    0xb9, 0x0, 0xba, 0x7c, 0x0, 0x0, 0xc5, 0xf,
    0x20, 0x8e, 0x10, 0xbc, 0x10, 0xc, 0x56, 0xc0,
    0x7f, 0x51, 0x12, 0xcf, 0x81, 0xc5, 0xd6, 0x6f,
    0xaf, 0xff, 0xfd, 0x8e, 0x1c, 0x57, 0xc0, 0x30,
    0x4, 0xd0, 0x0, 0x0, 0xc5, 0xd, 0x51, 0x21,
    0x5d, 0x11, 0x20, 0xc, 0x50, 0x89, 0x9e, 0xee,
    0xfe, 0xee, 0x40, 0xc5, 0xa, 0xa0, 0x0, 0x4d,
    0x0, 0x0, 0xc, 0x6e, 0xf4, 0x9, 0x64, 0xd1,
    0xb1, 0x0, 0xc5, 0x52, 0x5, 0xf3, 0x4d, 0xc,
    0xb0, 0xc, 0x50, 0x3, 0xf7, 0x4, 0xd0, 0x1e,
    0xa0, 0xc5, 0x0, 0x5a, 0x5, 0xbc, 0x0, 0x48,
    0xd, 0x50, 0x0, 0x0, 0x8e, 0x50, 0x0, 0x0,
    0x0, 0x0, 0x0, 0x0, 0x0, 0x0, 0x0, 0x0,

    /* U+9875 "页" */
    0x0, 0x0, 0x0, 0x0, 0x0, 0x0, 0x0, 0x8f,
    0xff, 0xff, 0xff, 0xff, 0xff, 0xfe, 0x12, 0x22,
    0x22, 0xaa, 0x22, 0x22, 0x22, 0x0, 0x0, 0x0,
    0xb7, 0x0, 0x0, 0x0, 0x0, 0xbf, 0xff, 0xff,
    0xff, 0xff, 0x20, 0x0, 0xb9, 0x0, 0x0, 0x0,
    0x3f, 0x20, 0x0, 0xb9, 0x0, 0x97, 0x0, 0x3f,
    0x20, 0x0, 0xb9, 0x0, 0xd8, 0x0, 0x3f, 0x20,
    0x0, 0xb9, 0x0, 0xf5, 0x0, 0x3f, 0x20, 0x0,
    0xb9, 0x2, 0xf1, 0x0, 0x3f, 0x20, 0x0, 0x97,
    0x9, 0xc0, 0x41, 0x18, 0x10, 0x0, 0x0, 0x7f,
    0x30, 0xcf, 0x70, 0x0, 0x0, 0x5c, 0xf4, 0x0,
    0x5, 0xed, 0x40, 0x7f, 0xf9, 0x10, 0x0, 0x0,
    0x9, 0xf3, 0x5, 0x0, 0x0, 0x0, 0x0, 0x0,
    0x30,

    /* U+98CE "风" */
    0x0, 0x3f, 0xff, 0xff, 0xff, 0xff, 0xe0, 0x0,
    0x0, 0x3e, 0x22, 0x22, 0x22, 0x26, 0xd0, 0x0,
    0x0, 0x3e, 0x0, 0x0, 0x2, 0x5, 0xd0, 0x0,
    0x0, 0x3e, 0xb, 0x20, 0xc, 0x85, 0xd0, 0x0,
    0x0, 0x3e, 0x8, 0xd0, 0x2f, 0x15, 0xd0, 0x0,
    0x0, 0x3e, 0x0, 0xba, 0x89, 0x4, 0xd0, 0x0,
    0x0, 0x4d, 0x0, 0x1e, 0xf2, 0x4, 0xd0, 0x0,
    0x0, 0x5c, 0x0, 0xa, 0xf1, 0x4, 0xe0, 0x0,
    0x0, 0x7a, 0x0, 0x5e, 0xba, 0x3, 0xf0, 0x0,
    0x0, 0xa8, 0x4, 0xf4, 0x2f, 0x31, 0xf1, 0x0,
    0x0, 0xe4, 0x6f, 0x50, 0x9, 0xc0, 0xe5, 0x30,
    0x4, 0xf0, 0x35, 0x0, 0x1, 0x60, 0xaa, 0xc8,
    0xc, 0x90, 0x0, 0x0, 0x0, 0x0, 0x4f, 0xf4,
    0xb, 0x10, 0x0, 0x0, 0x0, 0x0, 0x8, 0x90,
    0x0, 0x0, 0x0, 0x0, 0x0, 0x0, 0x0, 0x0,

    /* U+9AD8 "高" */
    0x0, 0x0, 0x0, 0x11, 0x0, 0x0, 0x0, 0x0,
    0x0, 0x0, 0xf8, 0x0, 0x0, 0x0, 0xaa, 0xaa,
    0xaa, 0xee, 0xaa, 0xaa, 0xaa, 0x55, 0x55, 0x55,
    0x55, 0x55, 0x55, 0x55, 0x0, 0x5b, 0xbb, 0xbb,
    0xbb, 0xb3, 0x0, 0x0, 0x7c, 0x33, 0x33, 0x33,
    0xe4, 0x0, 0x0, 0x7c, 0x33, 0x33, 0x33, 0xe4,
    0x0, 0x0, 0x5b, 0xbb, 0xbb, 0xbb, 0xb3, 0x0,
    0x36, 0x66, 0x66, 0x66, 0x66, 0x66, 0x64, 0x7d,
    0x66, 0x66, 0x66, 0x66, 0x66, 0xc9, 0x7c, 0x1,
    0xbb, 0xbb, 0xbb, 0x20, 0xa9, 0x7c, 0x0, 0xf2,
    0x22, 0x2f, 0x30, 0xa9, 0x7c, 0x0, 0xf2, 0x22,
    0x2f, 0x30, 0xa9, 0x7c, 0x1, 0xbb, 0xbb, 0xbb,
    0x20, 0xa8, 0x7c, 0x0, 0x0, 0x0, 0x0, 0xb,
    0xe4, 0x0, 0x0, 0x0, 0x0, 0x0, 0x0, 0x0
};


/*---------------------
 *  GLYPH DESCRIPTION
 *--------------------*/

static const lv_font_fmt_txt_glyph_dsc_t glyph_dsc[] = {
    {.bitmap_index = 0, .adv_w = 0, .box_w = 0, .box_h = 0, .ofs_x = 0, .ofs_y = 0} /* id = 0 reserved */,
    {.bitmap_index = 0, .adv_w = 128, .box_w = 0, .box_h = 0, .ofs_x = 0, .ofs_y = 0},
    {.bitmap_index = 0, .adv_w = 128, .box_w = 2, .box_h = 12, .ofs_x = 3, .ofs_y = 0},
    {.bitmap_index = 12, .adv_w = 128, .box_w = 4, .box_h = 4, .ofs_x = 2, .ofs_y = 8},
    {.bitmap_index = 20, .adv_w = 128, .box_w = 8, .box_h = 12, .ofs_x = 0, .ofs_y = 0},
    {.bitmap_index = 68, .adv_w = 128, .box_w = 7, .box_h = 15, .ofs_x = 0, .ofs_y = -2},
    {.bitmap_index = 121, .adv_w = 128, .box_w = 8, .box_h = 12, .ofs_x = 0, .ofs_y = 0},
    {.bitmap_index = 169, .adv_w = 128, .box_w = 8, .box_h = 12, .ofs_x = 0, .ofs_y = 0},
    {.bitmap_index = 217, .adv_w = 128, .box_w = 3, .box_h = 4, .ofs_x = 2, .ofs_y = 8},
    {.bitmap_index = 223, .adv_w = 128, .box_w = 5, .box_h = 16, .ofs_x = 3, .ofs_y = -2},
    {.bitmap_index = 263, .adv_w = 128, .box_w = 5, .box_h = 16, .ofs_x = 0, .ofs_y = -2},
    {.bitmap_index = 303, .adv_w = 128, .box_w = 8, .box_h = 9, .ofs_x = 0, .ofs_y = 3},
    {.bitmap_index = 339, .adv_w = 128, .box_w = 8, .box_h = 8, .ofs_x = 0, .ofs_y = 2},
    {.bitmap_index = 371, .adv_w = 128, .box_w = 2, .box_h = 4, .ofs_x = 1, .ofs_y = -2},
    {.bitmap_index = 375, .adv_w = 128, .box_w = 8, .box_h = 2, .ofs_x = 0, .ofs_y = 5},
    {.bitmap_index = 383, .adv_w = 128, .box_w = 2, .box_h = 2, .ofs_x = 1, .ofs_y = 0},
    {.bitmap_index = 385, .adv_w = 128, .box_w = 8, .box_h = 14, .ofs_x = 0, .ofs_y = -1},
    {.bitmap_index = 441, .adv_w = 128, .box_w = 8, .box_h = 13, .ofs_x = 0, .ofs_y = -1},
    {.bitmap_index = 493, .adv_w = 128, .box_w = 4, .box_h = 12, .ofs_x = 1, .ofs_y = 0},
    {.bitmap_index = 517, .adv_w = 128, .box_w = 8, .box_h = 13, .ofs_x = 0, .ofs_y = 0},
    {.bitmap_index = 569, .adv_w = 128, .box_w = 8, .box_h = 12, .ofs_x = 0, .ofs_y = 0},
    {.bitmap_index = 617, .adv_w = 128, .box_w = 8, .box_h = 12, .ofs_x = 0, .ofs_y = 0},
    {.bitmap_index = 665, .adv_w = 128, .box_w = 8, .box_h = 12, .ofs_x = 0, .ofs_y = 0},
    {.bitmap_index = 713, .adv_w = 128, .box_w = 8, .box_h = 12, .ofs_x = 0, .ofs_y = 0},
    {.bitmap_index = 761, .adv_w = 128, .box_w = 8, .box_h = 12, .ofs_x = 0, .ofs_y = 0},
    {.bitmap_index = 809, .adv_w = 128, .box_w = 8, .box_h = 12, .ofs_x = 0, .ofs_y = 0},
    {.bitmap_index = 857, .adv_w = 128, .box_w = 8, .box_h = 12, .ofs_x = 0, .ofs_y = 0},
    {.bitmap_index = 905, .adv_w = 128, .box_w = 2, .box_h = 8, .ofs_x = 3, .ofs_y = 0},
    {.bitmap_index = 913, .adv_w = 128, .box_w = 2, .box_h = 10, .ofs_x = 3, .ofs_y = -2},
    {.bitmap_index = 923, .adv_w = 128, .box_w = 8, .box_h = 14, .ofs_x = 0, .ofs_y = -1},
    {.bitmap_index = 979, .adv_w = 128, .box_w = 8, .box_h = 6, .ofs_x = 0, .ofs_y = 3},
    {.bitmap_index = 1003, .adv_w = 128, .box_w = 8, .box_h = 14, .ofs_x = 0, .ofs_y = -1},
    {.bitmap_index = 1059, .adv_w = 128, .box_w = 7, .box_h = 12, .ofs_x = 0, .ofs_y = 0},
    {.bitmap_index = 1101, .adv_w = 128, .box_w = 8, .box_h = 12, .ofs_x = 0, .ofs_y = 0},
    {.bitmap_index = 1149, .adv_w = 128, .box_w = 8, .box_h = 12, .ofs_x = 0, .ofs_y = 0},
    {.bitmap_index = 1197, .adv_w = 128, .box_w = 8, .box_h = 12, .ofs_x = 0, .ofs_y = 0},
    {.bitmap_index = 1245, .adv_w = 128, .box_w = 8, .box_h = 12, .ofs_x = 0, .ofs_y = 0},
    {.bitmap_index = 1293, .adv_w = 128, .box_w = 8, .box_h = 12, .ofs_x = 0, .ofs_y = 0},
    {.bitmap_index = 1341, .adv_w = 128, .box_w = 8, .box_h = 12, .ofs_x = 0, .ofs_y = 0},
    {.bitmap_index = 1389, .adv_w = 128, .box_w = 8, .box_h = 12, .ofs_x = 0, .ofs_y = 0},
    {.bitmap_index = 1437, .adv_w = 128, .box_w = 8, .box_h = 12, .ofs_x = 0, .ofs_y = 0},
    {.bitmap_index = 1485, .adv_w = 128, .box_w = 8, .box_h = 12, .ofs_x = 0, .ofs_y = 0},
    {.bitmap_index = 1533, .adv_w = 128, .box_w = 2, .box_h = 12, .ofs_x = 3, .ofs_y = 0},
    {.bitmap_index = 1545, .adv_w = 128, .box_w = 7, .box_h = 12, .ofs_x = 0, .ofs_y = 0},
    {.bitmap_index = 1587, .adv_w = 128, .box_w = 8, .box_h = 12, .ofs_x = 0, .ofs_y = 0},
    {.bitmap_index = 1635, .adv_w = 128, .box_w = 8, .box_h = 12, .ofs_x = 0, .ofs_y = 0},
    {.bitmap_index = 1683, .adv_w = 128, .box_w = 8, .box_h = 12, .ofs_x = 0, .ofs_y = 0},
    {.bitmap_index = 1731, .adv_w = 128, .box_w = 8, .box_h = 12, .ofs_x = 0, .ofs_y = 0},
    {.bitmap_index = 1779, .adv_w = 128, .box_w = 8, .box_h = 12, .ofs_x = 0, .ofs_y = 0},
    {.bitmap_index = 1827, .adv_w = 128, .box_w = 8, .box_h = 12, .ofs_x = 0, .ofs_y = 0},
    {.bitmap_index = 1875, .adv_w = 128, .box_w = 8, .box_h = 13, .ofs_x = 0, .ofs_y = -1},
    {.bitmap_index = 1927, .adv_w = 128, .box_w = 8, .box_h = 12, .ofs_x = 0, .ofs_y = 0},
    {.bitmap_index = 1975, .adv_w = 128, .box_w = 8, .box_h = 12, .ofs_x = 0, .ofs_y = 0},
    {.bitmap_index = 2023, .adv_w = 128, .box_w = 8, .box_h = 12, .ofs_x = 0, .ofs_y = 0},
    {.bitmap_index = 2071, .adv_w = 128, .box_w = 8, .box_h = 12, .ofs_x = 0, .ofs_y = 0},
    {.bitmap_index = 2119, .adv_w = 128, .box_w = 8, .box_h = 12, .ofs_x = 0, .ofs_y = 0},
    {.bitmap_index = 2167, .adv_w = 128, .box_w = 8, .box_h = 12, .ofs_x = 0, .ofs_y = 0},
    {.bitmap_index = 2215, .adv_w = 128, .box_w = 8, .box_h = 12, .ofs_x = 0, .ofs_y = 0},
    {.bitmap_index = 2263, .adv_w = 128, .box_w = 8, .box_h = 12, .ofs_x = 0, .ofs_y = 0},
    {.bitmap_index = 2311, .adv_w = 128, .box_w = 8, .box_h = 12, .ofs_x = 0, .ofs_y = 0},
    {.bitmap_index = 2359, .adv_w = 128, .box_w = 5, .box_h = 16, .ofs_x = 3, .ofs_y = -2},
    {.bitmap_index = 2399, .adv_w = 128, .box_w = 8, .box_h = 14, .ofs_x = 0, .ofs_y = -2},
    {.bitmap_index = 2455, .adv_w = 128, .box_w = 5, .box_h = 16, .ofs_x = 0, .ofs_y = -2},
    {.bitmap_index = 2495, .adv_w = 128, .box_w = 7, .box_h = 3, .ofs_x = 0, .ofs_y = 11},
    {.bitmap_index = 2506, .adv_w = 128, .box_w = 8, .box_h = 1, .ofs_x = 0, .ofs_y = -2},
    {.bitmap_index = 2510, .adv_w = 128, .box_w = 4, .box_h = 3, .ofs_x = 2, .ofs_y = 11},
    {.bitmap_index = 2516, .adv_w = 128, .box_w = 8, .box_h = 8, .ofs_x = 0, .ofs_y = 0},
    {.bitmap_index = 2548, .adv_w = 128, .box_w = 8, .box_h = 12, .ofs_x = 0, .ofs_y = 0},
    {.bitmap_index = 2596, .adv_w = 128, .box_w = 8, .box_h = 8, .ofs_x = 0, .ofs_y = 0},
    {.bitmap_index = 2628, .adv_w = 128, .box_w = 7, .box_h = 12, .ofs_x = 0, .ofs_y = 0},
    {.bitmap_index = 2670, .adv_w = 128, .box_w = 8, .box_h = 8, .ofs_x = 0, .ofs_y = 0},
    {.bitmap_index = 2702, .adv_w = 128, .box_w = 8, .box_h = 12, .ofs_x = 0, .ofs_y = 0},
    {.bitmap_index = 2750, .adv_w = 128, .box_w = 8, .box_h = 11, .ofs_x = 0, .ofs_y = -2},
    {.bitmap_index = 2794, .adv_w = 128, .box_w = 7, .box_h = 12, .ofs_x = 0, .ofs_y = 0},
    {.bitmap_index = 2836, .adv_w = 128, .box_w = 2, .box_h = 12, .ofs_x = 3, .ofs_y = 0},
    {.bitmap_index = 2848, .adv_w = 128, .box_w = 5, .box_h = 14, .ofs_x = 1, .ofs_y = -2},
    {.bitmap_index = 2883, .adv_w = 128, .box_w = 8, .box_h = 12, .ofs_x = 0, .ofs_y = 0},
    {.bitmap_index = 2931, .adv_w = 128, .box_w = 2, .box_h = 12, .ofs_x = 3, .ofs_y = 0},
    {.bitmap_index = 2943, .adv_w = 128, .box_w = 8, .box_h = 8, .ofs_x = 0, .ofs_y = 0},
    {.bitmap_index = 2975, .adv_w = 128, .box_w = 7, .box_h = 8, .ofs_x = 0, .ofs_y = 0},
    {.bitmap_index = 3003, .adv_w = 128, .box_w = 8, .box_h = 8, .ofs_x = 0, .ofs_y = 0},
    {.bitmap_index = 3035, .adv_w = 128, .box_w = 8, .box_h = 10, .ofs_x = 0, .ofs_y = -2},
    {.bitmap_index = 3075, .adv_w = 128, .box_w = 7, .box_h = 10, .ofs_x = 0, .ofs_y = -2},
    {.bitmap_index = 3110, .adv_w = 128, .box_w = 6, .box_h = 8, .ofs_x = 1, .ofs_y = 0},
    {.bitmap_index = 3134, .adv_w = 128, .box_w = 6, .box_h = 8, .ofs_x = 1, .ofs_y = 0},
    {.bitmap_index = 3158, .adv_w = 128, .box_w = 7, .box_h = 11, .ofs_x = 0, .ofs_y = 0},
    {.bitmap_index = 3197, .adv_w = 128, .box_w = 7, .box_h = 8, .ofs_x = 0, .ofs_y = 0},
    {.bitmap_index = 3225, .adv_w = 128, .box_w = 8, .box_h = 8, .ofs_x = 0, .ofs_y = 0},
    {.bitmap_index = 3257, .adv_w = 128, .box_w = 8, .box_h = 8, .ofs_x = 0, .ofs_y = 0},
    {.bitmap_index = 3289, .adv_w = 128, .box_w = 8, .box_h = 8, .ofs_x = 0, .ofs_y = 0},
    {.bitmap_index = 3321, .adv_w = 128, .box_w = 8, .box_h = 10, .ofs_x = 0, .ofs_y = -2},
    {.bitmap_index = 3361, .adv_w = 128, .box_w = 7, .box_h = 8, .ofs_x = 0, .ofs_y = 0},
    {.bitmap_index = 3389, .adv_w = 128, .box_w = 4, .box_h = 15, .ofs_x = 3, .ofs_y = -2},
    {.bitmap_index = 3419, .adv_w = 128, .box_w = 2, .box_h = 17, .ofs_x = 3, .ofs_y = -2},
    {.bitmap_index = 3436, .adv_w = 128, .box_w = 5, .box_h = 15, .ofs_x = 0, .ofs_y = -2},
    {.bitmap_index = 3474, .adv_w = 128, .box_w = 8, .box_h = 5, .ofs_x = 0, .ofs_y = 11},
    {.bitmap_index = 3494, .adv_w = 256, .box_w = 4, .box_h = 5, .ofs_x = 2, .ofs_y = 8},
    {.bitmap_index = 3504, .adv_w = 256, .box_w = 16, .box_h = 14, .ofs_x = 0, .ofs_y = -1},
    {.bitmap_index = 3616, .adv_w = 256, .box_w = 13, .box_h = 15, .ofs_x = 1, .ofs_y = -2},
    {.bitmap_index = 3714, .adv_w = 256, .box_w = 15, .box_h = 15, .ofs_x = 0, .ofs_y = -1},
    {.bitmap_index = 3827, .adv_w = 256, .box_w = 16, .box_h = 11, .ofs_x = 0, .ofs_y = 0},
    {.bitmap_index = 3915, .adv_w = 256, .box_w = 16, .box_h = 15, .ofs_x = 0, .ofs_y = -2},
    {.bitmap_index = 4035, .adv_w = 256, .box_w = 16, .box_h = 16, .ofs_x = 0, .ofs_y = -2},
    {.bitmap_index = 4163, .adv_w = 256, .box_w = 16, .box_h = 16, .ofs_x = 0, .ofs_y = -2},
    {.bitmap_index = 4291, .adv_w = 256, .box_w = 16, .box_h = 14, .ofs_x = 0, .ofs_y = -1},
    {.bitmap_index = 4403, .adv_w = 256, .box_w = 16, .box_h = 16, .ofs_x = 0, .ofs_y = -2},
    {.bitmap_index = 4531, .adv_w = 256, .box_w = 16, .box_h = 16, .ofs_x = 0, .ofs_y = -2},
    {.bitmap_index = 4659, .adv_w = 256, .box_w = 14, .box_h = 16, .ofs_x = 1, .ofs_y = -2},
    {.bitmap_index = 4771, .adv_w = 256, .box_w = 16, .box_h = 15, .ofs_x = 0, .ofs_y = -2},
    {.bitmap_index = 4891, .adv_w = 256, .box_w = 15, .box_h = 15, .ofs_x = 0, .ofs_y = -2},
    {.bitmap_index = 5004, .adv_w = 256, .box_w = 15, .box_h = 15, .ofs_x = 0, .ofs_y = -2},
    {.bitmap_index = 5117, .adv_w = 256, .box_w = 15, .box_h = 15, .ofs_x = 0, .ofs_y = -2},
    {.bitmap_index = 5230, .adv_w = 256, .box_w = 15, .box_h = 15, .ofs_x = 0, .ofs_y = -2},
    {.bitmap_index = 5343, .adv_w = 256, .box_w = 16, .box_h = 16, .ofs_x = 0, .ofs_y = -2},
    {.bitmap_index = 5471, .adv_w = 256, .box_w = 16, .box_h = 15, .ofs_x = 0, .ofs_y = -2},
    {.bitmap_index = 5591, .adv_w = 256, .box_w = 16, .box_h = 15, .ofs_x = 0, .ofs_y = -2},
    {.bitmap_index = 5711, .adv_w = 256, .box_w = 15, .box_h = 14, .ofs_x = 0, .ofs_y = -1},
    {.bitmap_index = 5816, .adv_w = 256, .box_w = 15, .box_h = 15, .ofs_x = 0, .ofs_y = -2},
    {.bitmap_index = 5929, .adv_w = 256, .box_w = 15, .box_h = 15, .ofs_x = 0, .ofs_y = -2},
    {.bitmap_index = 6042, .adv_w = 256, .box_w = 16, .box_h = 15, .ofs_x = 0, .ofs_y = -2},
    {.bitmap_index = 6162, .adv_w = 256, .box_w = 16, .box_h = 15, .ofs_x = 0, .ofs_y = -3},
    {.bitmap_index = 6282, .adv_w = 256, .box_w = 15, .box_h = 15, .ofs_x = 0, .ofs_y = -2},
    {.bitmap_index = 6395, .adv_w = 256, .box_w = 14, .box_h = 16, .ofs_x = 0, .ofs_y = -2},
    {.bitmap_index = 6507, .adv_w = 256, .box_w = 14, .box_h = 14, .ofs_x = 1, .ofs_y = -2},
    {.bitmap_index = 6605, .adv_w = 256, .box_w = 16, .box_h = 15, .ofs_x = 0, .ofs_y = -2},
    {.bitmap_index = 6725, .adv_w = 256, .box_w = 15, .box_h = 15, .ofs_x = 0, .ofs_y = -2},
    {.bitmap_index = 6838, .adv_w = 256, .box_w = 15, .box_h = 16, .ofs_x = 0, .ofs_y = -2},
    {.bitmap_index = 6958, .adv_w = 256, .box_w = 16, .box_h = 15, .ofs_x = 0, .ofs_y = -2},
    {.bitmap_index = 7078, .adv_w = 256, .box_w = 16, .box_h = 16, .ofs_x = 0, .ofs_y = -2},
    {.bitmap_index = 7206, .adv_w = 256, .box_w = 16, .box_h = 16, .ofs_x = 0, .ofs_y = -2},
    {.bitmap_index = 7334, .adv_w = 256, .box_w = 14, .box_h = 15, .ofs_x = 1, .ofs_y = -2},
    {.bitmap_index = 7439, .adv_w = 256, .box_w = 14, .box_h = 14, .ofs_x = 1, .ofs_y = -1},
    {.bitmap_index = 7537, .adv_w = 256, .box_w = 14, .box_h = 15, .ofs_x = 1, .ofs_y = -2},
    {.bitmap_index = 7642, .adv_w = 256, .box_w = 16, .box_h = 15, .ofs_x = 0, .ofs_y = -2},
    {.bitmap_index = 7762, .adv_w = 256, .box_w = 16, .box_h = 14, .ofs_x = 0, .ofs_y = -1},
    {.bitmap_index = 7874, .adv_w = 256, .box_w = 16, .box_h = 14, .ofs_x = 0, .ofs_y = -2},
    {.bitmap_index = 7986, .adv_w = 256, .box_w = 16, .box_h = 16, .ofs_x = 0, .ofs_y = -2},
    {.bitmap_index = 8114, .adv_w = 256, .box_w = 14, .box_h = 15, .ofs_x = 1, .ofs_y = -2},
    {.bitmap_index = 8219, .adv_w = 256, .box_w = 16, .box_h = 15, .ofs_x = 0, .ofs_y = -2},
    {.bitmap_index = 8339, .adv_w = 256, .box_w = 16, .box_h = 15, .ofs_x = 0, .ofs_y = -1},
    {.bitmap_index = 8459, .adv_w = 256, .box_w = 15, .box_h = 15, .ofs_x = 0, .ofs_y = -2},
    {.bitmap_index = 8572, .adv_w = 256, .box_w = 16, .box_h = 15, .ofs_x = 0, .ofs_y = -2},
    {.bitmap_index = 8692, .adv_w = 256, .box_w = 16, .box_h = 15, .ofs_x = 0, .ofs_y = -2},
    {.bitmap_index = 8812, .adv_w = 256, .box_w = 16, .box_h = 15, .ofs_x = 0, .ofs_y = -2},
    {.bitmap_index = 8932, .adv_w = 256, .box_w = 16, .box_h = 15, .ofs_x = 0, .ofs_y = -2},
    {.bitmap_index = 9052, .adv_w = 256, .box_w = 16, .box_h = 16, .ofs_x = 0, .ofs_y = -2},
    {.bitmap_index = 9180, .adv_w = 256, .box_w = 16, .box_h = 16, .ofs_x = 0, .ofs_y = -2},
    {.bitmap_index = 9308, .adv_w = 256, .box_w = 16, .box_h = 15, .ofs_x = 0, .ofs_y = -2},
    {.bitmap_index = 9428, .adv_w = 256, .box_w = 15, .box_h = 15, .ofs_x = 0, .ofs_y = -2},
    {.bitmap_index = 9541, .adv_w = 256, .box_w = 16, .box_h = 16, .ofs_x = 0, .ofs_y = -3},
    {.bitmap_index = 9669, .adv_w = 256, .box_w = 16, .box_h = 15, .ofs_x = 0, .ofs_y = -2},
    {.bitmap_index = 9789, .adv_w = 256, .box_w = 15, .box_h = 15, .ofs_x = 1, .ofs_y = -2},
    {.bitmap_index = 9902, .adv_w = 256, .box_w = 14, .box_h = 14, .ofs_x = 1, .ofs_y = -1},
    {.bitmap_index = 10000, .adv_w = 256, .box_w = 16, .box_h = 14, .ofs_x = 0, .ofs_y = -1},
    {.bitmap_index = 10112, .adv_w = 256, .box_w = 16, .box_h = 17, .ofs_x = 0, .ofs_y = -3},
    {.bitmap_index = 10248, .adv_w = 256, .box_w = 16, .box_h = 16, .ofs_x = 0, .ofs_y = -2},
    {.bitmap_index = 10376, .adv_w = 256, .box_w = 16, .box_h = 16, .ofs_x = 0, .ofs_y = -2},
    {.bitmap_index = 10504, .adv_w = 256, .box_w = 16, .box_h = 15, .ofs_x = 0, .ofs_y = -2},
    {.bitmap_index = 10624, .adv_w = 256, .box_w = 15, .box_h = 13, .ofs_x = 0, .ofs_y = -1},
    {.bitmap_index = 10722, .adv_w = 256, .box_w = 16, .box_h = 15, .ofs_x = 0, .ofs_y = -2},
    {.bitmap_index = 10842, .adv_w = 256, .box_w = 16, .box_h = 16, .ofs_x = 0, .ofs_y = -2},
    {.bitmap_index = 10970, .adv_w = 256, .box_w = 15, .box_h = 15, .ofs_x = 0, .ofs_y = -2},
    {.bitmap_index = 11083, .adv_w = 256, .box_w = 16, .box_h = 16, .ofs_x = 0, .ofs_y = -3},
    {.bitmap_index = 11211, .adv_w = 256, .box_w = 16, .box_h = 15, .ofs_x = 0, .ofs_y = -2},
    {.bitmap_index = 11331, .adv_w = 256, .box_w = 16, .box_h = 15, .ofs_x = 0, .ofs_y = -2},
    {.bitmap_index = 11451, .adv_w = 256, .box_w = 16, .box_h = 15, .ofs_x = 0, .ofs_y = -2},
    {.bitmap_index = 11571, .adv_w = 256, .box_w = 16, .box_h = 15, .ofs_x = 0, .ofs_y = -2},
    {.bitmap_index = 11691, .adv_w = 256, .box_w = 16, .box_h = 15, .ofs_x = 0, .ofs_y = -2},
    {.bitmap_index = 11811, .adv_w = 256, .box_w = 16, .box_h = 15, .ofs_x = 0, .ofs_y = -2},
    {.bitmap_index = 11931, .adv_w = 256, .box_w = 16, .box_h = 15, .ofs_x = 0, .ofs_y = -2},
    {.bitmap_index = 12051, .adv_w = 256, .box_w = 14, .box_h = 14, .ofs_x = 0, .ofs_y = -2},
    {.bitmap_index = 12149, .adv_w = 256, .box_w = 14, .box_h = 14, .ofs_x = 1, .ofs_y = -2},
    {.bitmap_index = 12247, .adv_w = 256, .box_w = 16, .box_h = 16, .ofs_x = 0, .ofs_y = -2},
    {.bitmap_index = 12375, .adv_w = 256, .box_w = 16, .box_h = 15, .ofs_x = 0, .ofs_y = -1},
    {.bitmap_index = 12495, .adv_w = 256, .box_w = 15, .box_h = 16, .ofs_x = 0, .ofs_y = -2},
    {.bitmap_index = 12615, .adv_w = 256, .box_w = 16, .box_h = 15, .ofs_x = 0, .ofs_y = -2},
    {.bitmap_index = 12735, .adv_w = 256, .box_w = 16, .box_h = 16, .ofs_x = 0, .ofs_y = -2},
    {.bitmap_index = 12863, .adv_w = 256, .box_w = 14, .box_h = 17, .ofs_x = 1, .ofs_y = -3},
    {.bitmap_index = 12982, .adv_w = 256, .box_w = 16, .box_h = 16, .ofs_x = 0, .ofs_y = -3},
    {.bitmap_index = 13110, .adv_w = 256, .box_w = 15, .box_h = 16, .ofs_x = 1, .ofs_y = -2},
    {.bitmap_index = 13230, .adv_w = 256, .box_w = 16, .box_h = 16, .ofs_x = 0, .ofs_y = -2},
    {.bitmap_index = 13358, .adv_w = 256, .box_w = 16, .box_h = 15, .ofs_x = 0, .ofs_y = -2},
    {.bitmap_index = 13478, .adv_w = 256, .box_w = 16, .box_h = 15, .ofs_x = 0, .ofs_y = -2},
    {.bitmap_index = 13598, .adv_w = 256, .box_w = 16, .box_h = 16, .ofs_x = 0, .ofs_y = -3},
    {.bitmap_index = 13726, .adv_w = 256, .box_w = 15, .box_h = 13, .ofs_x = 1, .ofs_y = -1},
    {.bitmap_index = 13824, .adv_w = 256, .box_w = 12, .box_h = 15, .ofs_x = 2, .ofs_y = -1},
    {.bitmap_index = 13914, .adv_w = 256, .box_w = 16, .box_h = 15, .ofs_x = 0, .ofs_y = -2},
    {.bitmap_index = 14034, .adv_w = 256, .box_w = 16, .box_h = 16, .ofs_x = 0, .ofs_y = -2},
    {.bitmap_index = 14162, .adv_w = 256, .box_w = 16, .box_h = 15, .ofs_x = 0, .ofs_y = -2},
    {.bitmap_index = 14282, .adv_w = 256, .box_w = 16, .box_h = 16, .ofs_x = 0, .ofs_y = -2},
    {.bitmap_index = 14410, .adv_w = 256, .box_w = 16, .box_h = 15, .ofs_x = 0, .ofs_y = -2},
    {.bitmap_index = 14530, .adv_w = 256, .box_w = 16, .box_h = 16, .ofs_x = 0, .ofs_y = -2},
    {.bitmap_index = 14658, .adv_w = 256, .box_w = 16, .box_h = 15, .ofs_x = 0, .ofs_y = -2},
    {.bitmap_index = 14778, .adv_w = 256, .box_w = 16, .box_h = 15, .ofs_x = 0, .ofs_y = -2},
    {.bitmap_index = 14898, .adv_w = 256, .box_w = 16, .box_h = 15, .ofs_x = 0, .ofs_y = -2},
    {.bitmap_index = 15018, .adv_w = 256, .box_w = 16, .box_h = 15, .ofs_x = 0, .ofs_y = -2},
    {.bitmap_index = 15138, .adv_w = 256, .box_w = 15, .box_h = 15, .ofs_x = 0, .ofs_y = -2},
    {.bitmap_index = 15251, .adv_w = 256, .box_w = 16, .box_h = 15, .ofs_x = 0, .ofs_y = -2},
    {.bitmap_index = 15371, .adv_w = 256, .box_w = 16, .box_h = 14, .ofs_x = 0, .ofs_y = -1},
    {.bitmap_index = 15483, .adv_w = 256, .box_w = 16, .box_h = 15, .ofs_x = 0, .ofs_y = -2},
    {.bitmap_index = 15603, .adv_w = 256, .box_w = 16, .box_h = 17, .ofs_x = 0, .ofs_y = -3},
    {.bitmap_index = 15739, .adv_w = 256, .box_w = 15, .box_h = 13, .ofs_x = 0, .ofs_y = -1},
    {.bitmap_index = 15837, .adv_w = 256, .box_w = 15, .box_h = 15, .ofs_x = 0, .ofs_y = -2},
    {.bitmap_index = 15950, .adv_w = 256, .box_w = 15, .box_h = 17, .ofs_x = 1, .ofs_y = -3},
    {.bitmap_index = 16078, .adv_w = 256, .box_w = 14, .box_h = 15, .ofs_x = 1, .ofs_y = -2},
    {.bitmap_index = 16183, .adv_w = 256, .box_w = 16, .box_h = 15, .ofs_x = 0, .ofs_y = -3},
    {.bitmap_index = 16303, .adv_w = 256, .box_w = 14, .box_h = 16, .ofs_x = 1, .ofs_y = -2}
};

/*---------------------
 *  CHARACTER MAPPING
 *--------------------*/

static const uint16_t unicode_list_1[] = {
    0x0, 0x4d5a, 0x4d7d, 0x4d8b, 0x4ddc, 0x4e3a, 0x4e46, 0x4e9e,
    0x4f2d, 0x4f31, 0x4fac, 0x50c3, 0x5116, 0x5169, 0x5170, 0x5186,
    0x5187, 0x519d, 0x51ef, 0x51f8, 0x5266, 0x52db, 0x5321, 0x5326,
    0x5347, 0x535e, 0x537f, 0x562e, 0x57d3, 0x57ee, 0x5857, 0x5877,
    0x5aa8, 0x5aea, 0x5b5f, 0x5d42, 0x5d88, 0x5df6, 0x5e50, 0x5e52,
    0x5e5f, 0x5ea3, 0x5ed5, 0x5f51, 0x6197, 0x619b, 0x61f5, 0x6251,
    0x62be, 0x62f5, 0x62f7, 0x63c8, 0x64c0, 0x6500, 0x6530, 0x6546,
    0x65d2, 0x667a, 0x66b1, 0x6771, 0x6810, 0x6971, 0x6ab2, 0x6b64,
    0x6b77, 0x6c9b, 0x6cd8, 0x6d79, 0x6dcf, 0x6e2e, 0x7009, 0x7206,
    0x72d7, 0x72ff, 0x7478, 0x7482, 0x7621, 0x7628, 0x77be, 0x7803,
    0x78d1, 0x790b, 0x795d, 0x79ca, 0x7a99, 0x7e0f, 0x7e3d, 0x7e66,
    0x7ebe, 0x813a, 0x81d2, 0x879c, 0x87b8, 0x8914, 0x8933, 0x8936,
    0x8b0e, 0x8b47, 0x8c78, 0x8ee1, 0x8f20, 0x8f24, 0x8f2e, 0x8f2f,
    0x90eb, 0x911f, 0x94cf, 0x95b4, 0x97c5, 0x981e, 0x9a28
};

/*Collect the unicode lists and glyph_id offsets*/
static const lv_font_fmt_txt_cmap_t cmaps[] =
{
    {
        .range_start = 32, .range_length = 95, .glyph_id_start = 1,
        .unicode_list = NULL, .glyph_id_ofs_list = NULL, .list_length = 0, .type = LV_FONT_FMT_TXT_CMAP_FORMAT0_TINY
    },
    {
        .range_start = 176, .range_length = 39465, .glyph_id_start = 96,
        .unicode_list = unicode_list_1, .glyph_id_ofs_list = NULL, .list_length = 111, .type = LV_FONT_FMT_TXT_CMAP_SPARSE_TINY
    }
};



/*--------------------
 *  ALL CUSTOM DATA
 *--------------------*/

#if LVGL_VERSION_MAJOR == 8
/*Store all the custom data of the font*/
static  lv_font_fmt_txt_glyph_cache_t cache;
#endif

#if LVGL_VERSION_MAJOR >= 8
static const lv_font_fmt_txt_dsc_t font_dsc = {
#else
static lv_font_fmt_txt_dsc_t font_dsc = {
#endif
    .glyph_bitmap = glyph_bitmap,
    .glyph_dsc = glyph_dsc,
    .cmaps = cmaps,
    .kern_dsc = NULL,
    .kern_scale = 0,
    .cmap_num = 2,
    .bpp = 4,
    .kern_classes = 0,
    .bitmap_format = 0,
#if LVGL_VERSION_MAJOR == 8
    .cache = &cache
#endif
};



/*-----------------
 *  PUBLIC FONT
 *----------------*/

/*Initialize a public general font descriptor*/
#if LVGL_VERSION_MAJOR >= 8
const lv_font_t lv_font_zh16 = {
#else
lv_font_t lv_font_zh16 = {
#endif
    .get_glyph_dsc = lv_font_get_glyph_dsc_fmt_txt,    /*Function pointer to get glyph's data*/
    .get_glyph_bitmap = lv_font_get_bitmap_fmt_txt,    /*Function pointer to get glyph's bitmap*/
    .line_height = 19,          /*The maximum line height required by the font*/
    .base_line = 3,             /*Baseline measured from the bottom of the line*/
#if !(LVGL_VERSION_MAJOR == 6 && LVGL_VERSION_MINOR == 0)
    .subpx = LV_FONT_SUBPX_NONE,
#endif
#if LV_VERSION_CHECK(7, 4, 0) || LVGL_VERSION_MAJOR >= 8
    .underline_position = -1,
    .underline_thickness = 1,
#endif
    .dsc = &font_dsc,          /*The custom font data. Will be accessed by `get_glyph_bitmap/dsc` */
#if LV_VERSION_CHECK(8, 2, 0) || LVGL_VERSION_MAJOR >= 9
    .fallback = NULL,
#endif
    .user_data = NULL,
};



#endif /*#if LV_FONT_ZH16*/

